{
"type": "FeatureCollection",
"name": "MUNICIPIOS QRO",
"crs": { "type": "name", "properties": { "name": "urn:ogc:def:crs:OGC:1.3:CRS84" } },
"features": [
{ "type": "Feature", "properties": { "CVE_PAIS": "MX", "NOM_PAIS": "MEXICO", "CVE_ENT": "22", "NOM_ENT": "QUERETARO", "CU_MUN": "22001", "NOM_MUN": "AMEALCO DE BONFIL" }, "geometry": { "type": "MultiPolygon", "coordinates": [ [ [ [ -100.256622581956833, 20.25317773511409 ], [ -100.259242900323528, 20.254353103416495 ], [ -100.26150980604281, 20.255815252038552 ], [ -100.264422158093865, 20.257033891342413 ], [ -100.266403986876128, 20.257708817011238 ], [ -100.270375976591254, 20.258149502931307 ], [ -100.280066835084597, 20.272762431437524 ], [ -100.282526780748142, 20.27232465350334 ], [ -100.283454132393473, 20.273240122569828 ], [ -100.284554305471687, 20.274446036354831 ], [ -100.285306261821958, 20.275360299738924 ], [ -100.286530108592416, 20.275823194559354 ], [ -100.288462332947944, 20.275547043048689 ], [ -100.289908949176933, 20.277251166358496 ], [ -100.291642781245599, 20.279535764406383 ], [ -100.294892962980754, 20.282285148668311 ], [ -100.296060260954533, 20.282540967091343 ], [ -100.300444839362044, 20.282694435218392 ], [ -100.301437455671845, 20.282866395124039 ], [ -100.303894541968191, 20.282758888071278 ], [ -100.305534197531387, 20.283216996171667 ], [ -100.307693225436182, 20.284151884435051 ], [ -100.297481725796942, 20.284691494607838 ], [ -100.296073711337485, 20.284827275127704 ], [ -100.293341549084246, 20.285355115751088 ], [ -100.284588451969753, 20.28704586420146 ], [ -100.283762600116262, 20.287205361537591 ], [ -100.275661732701337, 20.287395254869363 ], [ -100.267447485506054, 20.28812402720941 ], [ -100.258763459476484, 20.288856169726085 ], [ -100.258534851385804, 20.289686215848818 ], [ -100.255543156256863, 20.297868054936323 ], [ -100.250396621290804, 20.308468820037344 ], [ -100.248675457505726, 20.315669853356383 ], [ -100.248631441740926, 20.315853999331036 ], [ -100.248925971752485, 20.31597589475755 ], [ -100.250048473741117, 20.316878023191375 ], [ -100.250173971238453, 20.317953712167128 ], [ -100.251172229137765, 20.317945777730891 ], [ -100.251527657616904, 20.318357061125084 ], [ -100.25170661370214, 20.318728336543629 ], [ -100.251768438070073, 20.319141954507781 ], [ -100.248128940913233, 20.319336512500332 ], [ -100.247909828771839, 20.321450212555035 ], [ -100.240286607865656, 20.32063083429194 ], [ -100.239206947779479, 20.320514759796907 ], [ -100.217407081707236, 20.318169578525776 ], [ -100.210386110371857, 20.321785348769502 ], [ -100.209996944324246, 20.322082685910527 ], [ -100.208634047385601, 20.323123973808119 ], [ -100.208814404569651, 20.323702343667136 ], [ -100.20881859007244, 20.324282071731027 ], [ -100.208587877321847, 20.3248636108579 ], [ -100.208768236722364, 20.325441980558445 ], [ -100.208619712300433, 20.325748714489293 ], [ -100.208305311913577, 20.326398012750335 ], [ -100.207718657367082, 20.32648535677512 ], [ -100.207483159107994, 20.326404348206147 ], [ -100.207480471282409, 20.32603166579165 ], [ -100.207476326706072, 20.325532831542542 ], [ -100.20735645185438, 20.325121568960242 ], [ -100.206886952443639, 20.325166596121349 ], [ -100.20103345147696, 20.327412410377992 ], [ -100.200438766390107, 20.327640559009399 ], [ -100.199507488957821, 20.327997834671876 ], [ -100.199275924653392, 20.327999607927651 ], [ -100.198978955014866, 20.328001881590605 ], [ -100.198802184273973, 20.327920411648289 ], [ -100.198566095160928, 20.327756572385191 ], [ -100.195285418326392, 20.328899761256778 ], [ -100.190705473332827, 20.337299813357234 ], [ -100.190121706956148, 20.337801194404172 ], [ -100.189237524584939, 20.337352390698875 ], [ -100.183398641732936, 20.35884790611588 ], [ -100.181166889172587, 20.358906207927827 ], [ -100.177215715288909, 20.356699811614064 ], [ -100.174364969488153, 20.352248814879079 ], [ -100.173772390663487, 20.351507859685018 ], [ -100.172004245319485, 20.350651495994484 ], [ -100.170112289173915, 20.348884982623172 ], [ -100.172336378744617, 20.347750179886226 ], [ -100.172982742865045, 20.34778673741237 ], [ -100.173850701408966, 20.345916686795743 ], [ -100.175983446615888, 20.340144411857992 ], [ -100.175572038612898, 20.340106096304503 ], [ -100.175216749245209, 20.33969465178679 ], [ -100.174860881415626, 20.339200387266938 ], [ -100.174152632440823, 20.338708770815369 ], [ -100.172802118345089, 20.33876032809286 ], [ -100.172505280212718, 20.338307026885779 ], [ -100.171797042387794, 20.337815400269832 ], [ -100.17126673449809, 20.337570907197691 ], [ -100.170620413054039, 20.337534341175925 ], [ -100.169738015774271, 20.337333893929845 ], [ -100.169204248833651, 20.336592478210616 ], [ -100.168730370682894, 20.336016259765536 ], [ -100.168316090692755, 20.33556382952268 ], [ -100.167782048613944, 20.334780998973862 ], [ -100.167191011415966, 20.334247063801282 ], [ -100.166304607117425, 20.333466861730656 ], [ -100.165066415634513, 20.332772104126743 ], [ -100.164063148079549, 20.332075585643903 ], [ -100.163350946738205, 20.331004184702589 ], [ -100.162758791750647, 20.330304593659076 ], [ -100.16163952803231, 20.329815983727862 ], [ -100.160520557239408, 20.32936877610118 ], [ -100.159342007726423, 20.328797767676569 ], [ -100.158338505031494, 20.32805980364817 ], [ -100.15704194900988, 20.327406830743744 ], [ -100.156038180880657, 20.326627442511075 ], [ -100.155271320455597, 20.326136178253076 ], [ -100.154210265513612, 20.325564263167585 ], [ -100.152855020707477, 20.324911691645237 ], [ -100.151617805554878, 20.324341061858725 ], [ -100.150732101251975, 20.323643593433513 ], [ -100.149729520973708, 20.323029806052414 ], [ -100.148315590776747, 20.322377630097947 ], [ -100.148704854339059, 20.3219187157185 ], [ -100.148621876999101, 20.321862029425951 ], [ -100.147568384999019, 20.322400706426428 ], [ -100.147391831099739, 20.322487695888782 ], [ -100.147215276999006, 20.322574690426588 ], [ -100.146831584999006, 20.322495890426545 ], [ -100.146543661998962, 20.322416460426421 ], [ -100.146255537999025, 20.322309936426386 ], [ -100.145872491998944, 20.322321475426389 ], [ -100.145489399998922, 20.322323983426379 ], [ -100.14510630799893, 20.322326506426368 ], [ -100.144723661998938, 20.322392244426375 ], [ -100.144446784998848, 20.322511521426545 ], [ -100.144151076998824, 20.322676075426656 ], [ -100.143864614998876, 20.322795413426725 ], [ -100.14357821499884, 20.3229237674269 ], [ -100.143482845998875, 20.322978613426955 ], [ -100.143293153998854, 20.323232829427162 ], [ -100.142102368998763, 20.322090506426104 ], [ -100.137723476998488, 20.317898598422509 ], [ -100.137615831036555, 20.317955388324933 ], [ -100.137508184998495, 20.318012183422617 ], [ -100.137192999998518, 20.318131690422753 ], [ -100.136935922998461, 20.318341167422975 ], [ -100.136649999998482, 20.318532767423086 ], [ -100.13636419999844, 20.318742429423271 ], [ -100.136078461998352, 20.318961121423431 ], [ -100.13583135399837, 20.319224736423664 ], [ -100.135689676998354, 20.319496706423919 ], [ -100.13551926199834, 20.319768860424194 ], [ -100.135454199998378, 20.320040336424356 ], [ -100.135378630998403, 20.320185383424505 ], [ -100.133208707998321, 20.319342690423774 ], [ -100.133044476998194, 20.319278906423726 ], [ -100.133006707998234, 20.319333413423756 ], [ -100.130627061998169, 20.318734429423234 ], [ -100.130645368998145, 20.318616860423113 ], [ -100.130357722998141, 20.318573536423091 ], [ -100.12785243099799, 20.317928290422529 ], [ -100.126358384997886, 20.31754347542217 ], [ -100.125463953997809, 20.317313090422029 ], [ -100.123857399997775, 20.316949229421688 ], [ -100.123712014339503, 20.316916298292718 ], [ -100.123679584997774, 20.316908952421656 ], [ -100.11269516899722, 20.314395152419433 ], [ -100.112172414992685, 20.314351503785101 ], [ -100.111938574872894, 20.31432473249372 ], [ -100.09977970536049, 20.31450381372321 ], [ -100.099584094294784, 20.314505682193015 ], [ -100.099451511466299, 20.314507620033332 ], [ -100.09834564249222, 20.314523779580785 ], [ -100.098023489890068, 20.314528485731635 ], [ -100.097883688835566, 20.314530527824051 ], [ -100.097802954839665, 20.31453170706525 ], [ -100.096757709032474, 20.314546971085825 ], [ -100.093251227642, 20.314599412514731 ], [ -100.093118762777976, 20.314600062929927 ], [ -100.09365522821696, 20.313096455318064 ], [ -100.094899976585666, 20.309619417030063 ], [ -100.094817908533898, 20.309509573257476 ], [ -100.093670583725626, 20.308007232665695 ], [ -100.093619798104299, 20.307905942338252 ], [ -100.094423022975491, 20.305520701824861 ], [ -100.095176443006267, 20.305330558740753 ], [ -100.095696244819123, 20.303889383697566 ], [ -100.095811692559991, 20.303569295818832 ], [ -100.096047852376159, 20.302914520238573 ], [ -100.096669960850249, 20.303058966546185 ], [ -100.096956258758638, 20.302188425718228 ], [ -100.097031724436121, 20.301958957035993 ], [ -100.09728540792409, 20.301141477224103 ], [ -100.097023571989837, 20.300881903892744 ], [ -100.092022379403531, 20.299343479582401 ], [ -100.091256647053896, 20.298976150234672 ], [ -100.090375353217738, 20.298899519417404 ], [ -100.090377756777002, 20.29927221820639 ], [ -100.088912753995402, 20.299738048006027 ], [ -100.088094703980715, 20.300364980764275 ], [ -100.087281440243999, 20.301737308101711 ], [ -100.086878662884374, 20.303023930123846 ], [ -100.086477209903776, 20.304517606360012 ], [ -100.086777728431187, 20.305592235140868 ], [ -100.08725521136212, 20.306789861085406 ], [ -100.087734301033436, 20.308235951050662 ], [ -100.087802083850093, 20.309643511991776 ], [ -100.087285047083526, 20.311427889911432 ], [ -100.086533374639259, 20.31325532380578 ], [ -100.085953065649235, 20.314336123484633 ], [ -100.08607689988672, 20.315329163758303 ], [ -100.086375044025345, 20.316031092544346 ], [ -100.086556009124166, 20.316775254864851 ], [ -100.08215169728166, 20.31680607085411 ], [ -100.082262781621026, 20.315811386393545 ], [ -100.082551361333842, 20.315022526225125 ], [ -100.082959772670719, 20.314605543996073 ], [ -100.083957007253531, 20.314432920816774 ], [ -100.083890848146268, 20.313273823646018 ], [ -100.083469436362563, 20.311661668519783 ], [ -100.083335008516656, 20.309012184229974 ], [ -100.082213473790972, 20.308108935418129 ], [ -100.080916319493923, 20.307289729642903 ], [ -100.079972029530921, 20.306550880679477 ], [ -100.079260251061427, 20.305437690500284 ], [ -100.078957143057536, 20.303948935336358 ], [ -100.078538187623124, 20.302709463269409 ], [ -100.07812003083356, 20.301594223120684 ], [ -100.077762972128184, 20.300851273450661 ], [ -100.076583074535407, 20.29998980312099 ], [ -100.075462170605775, 20.299169327756534 ], [ -100.076572011931944, 20.298250534224248 ], [ -100.077272402703102, 20.297583058808627 ], [ -100.078028339337948, 20.29641823852835 ], [ -100.082080311437863, 20.296472833598159 ], [ -100.082688571997863, 20.290587947676393 ], [ -100.080163062602352, 20.290481320555024 ], [ -100.078336588522617, 20.289500122454886 ], [ -100.075967771767864, 20.286327778186546 ], [ -100.077657006524731, 20.28420397907497 ], [ -100.082890771775496, 20.276299050614046 ], [ -100.086440935031973, 20.27142891806843 ], [ -100.088071164799999, 20.2693054395662 ], [ -100.090459455384561, 20.266389780651277 ], [ -100.092732387160353, 20.263806206806528 ], [ -100.094769094063011, 20.26101720454124 ], [ -100.08817348834063, 20.258703042100613 ], [ -100.087826190004634, 20.258581178582666 ], [ -100.087411024413626, 20.257921476062819 ], [ -100.086526779654292, 20.257347880135978 ], [ -100.085525668451567, 20.256857922427816 ], [ -100.084526152449556, 20.256616426234391 ], [ -100.083648540754169, 20.257078096582287 ], [ -100.075785819558263, 20.248394598496159 ], [ -100.073726916762169, 20.247704831396796 ], [ -100.056796515025439, 20.243762641161098 ], [ -100.066513458341717, 20.230071084773964 ], [ -100.068025403199655, 20.22782436197388 ], [ -100.068373647184373, 20.227200764040354 ], [ -100.068721888482514, 20.226577165497563 ], [ -100.067486008637488, 20.226047296293707 ], [ -100.060067803746449, 20.22237094881498 ], [ -100.056710444881233, 20.220447427884565 ], [ -100.055659442453248, 20.221324272665058 ], [ -100.054722729215754, 20.221703371063132 ], [ -100.053671706964067, 20.222580204692651 ], [ -100.052794950215528, 20.22316595347035 ], [ -100.051386656073532, 20.223216929194521 ], [ -100.05021516117742, 20.223597597332819 ], [ -100.048931379202088, 20.224807290548274 ], [ -100.053590450738199, 20.228420069218426 ], [ -100.051837633983951, 20.229715799474153 ], [ -100.047647068113989, 20.225934151299139 ], [ -100.046947105259974, 20.226642916900335 ], [ -100.046188190569822, 20.227310664626614 ], [ -100.045252686821399, 20.227896774426561 ], [ -100.044610634472221, 20.228480899345737 ], [ -100.044318444836378, 20.228689939144996 ], [ -100.044026254409047, 20.22889897848734 ], [ -100.038136638095949, 20.225584096666267 ], [ -100.035545444924779, 20.224151985921758 ], [ -100.035831100838578, 20.222866246864946 ], [ -100.037693805092658, 20.220327524234218 ], [ -100.039968779308253, 20.218034495973232 ], [ -100.030352412958521, 20.209774668372429 ], [ -100.027992554737722, 20.207719681516803 ], [ -100.026930763109021, 20.206815632183908 ], [ -100.025870972269814, 20.206242873990643 ], [ -100.025583020761687, 20.207155891047268 ], [ -100.024822114255116, 20.207492249519429 ], [ -100.023884159007522, 20.207664122210467 ], [ -100.022413583813972, 20.207094064152312 ], [ -100.020770428353728, 20.207104929330221 ], [ -100.02007066563624, 20.207855003262694 ], [ -100.019430568610673, 20.20877033667125 ], [ -100.018786763028899, 20.209064482755728 ], [ -100.018026324508966, 20.209483637461538 ], [ -100.018092653367816, 20.21076703351806 ], [ -100.012594100835003, 20.213826424758718 ], [ -100.012245901299337, 20.214491333816877 ], [ -100.01131327416617, 20.215574214765578 ], [ -100.010498010072737, 20.216656322240738 ], [ -100.009801333997515, 20.217944719885235 ], [ -100.008694312903984, 20.219318627904254 ], [ -100.006875442545493, 20.219413345201858 ], [ -100.005824883343095, 20.220414140958233 ], [ -100.004305521516031, 20.221542228906863 ], [ -100.003958971425504, 20.222497010508544 ], [ -100.002966578055762, 20.223414583099455 ], [ -100.001973688010025, 20.224249325496643 ], [ -100.000689752905387, 20.22550009464279 ], [ -99.999517617639782, 20.225797605376759 ], [ -99.998459478486325, 20.225514571874356 ], [ -99.996412267654875, 20.226728845125287 ], [ -99.99348944402729, 20.228777034176556 ], [ -99.993438681909936, 20.23014402809256 ], [ -99.989630317240653, 20.231328174972486 ], [ -99.989046010297045, 20.231787490261635 ], [ -99.988522545623866, 20.232619139930897 ], [ -99.988525653537764, 20.233157503971618 ], [ -99.988294938815756, 20.233863027952619 ], [ -99.987946115241073, 20.234445068315353 ], [ -99.987420964658568, 20.234986826718856 ], [ -99.986952118991297, 20.235114080496164 ], [ -99.986479455588309, 20.234578730901795 ], [ -99.986123946759079, 20.234001214029885 ], [ -99.984948620424206, 20.233760266480022 ], [ -99.983716267290035, 20.233809575434456 ], [ -99.982952996727192, 20.233773046598181 ], [ -99.982073760946534, 20.233985741143037 ], [ -99.981309778052363, 20.233824967073939 ], [ -99.980841404192205, 20.234035030017825 ], [ -99.979790814010443, 20.235077092107456 ], [ -99.978971680866323, 20.235537873371086 ], [ -99.978566723759741, 20.236575810791379 ], [ -99.978102356063772, 20.237489883202183 ], [ -99.978105192593574, 20.237986835893235 ], [ -99.978226604700339, 20.238690104100296 ], [ -99.977365995345224, 20.238370674734753 ], [ -99.97637377459219, 20.238424086604734 ], [ -99.975479263268213, 20.23862567415653 ], [ -99.974934355851801, 20.238595451861695 ], [ -99.974411144878459, 20.23817567699723 ], [ -99.974056256998196, 20.237559889554543 ], [ -99.973665162972679, 20.236955867596745 ], [ -99.973177624428843, 20.236421320438886 ], [ -99.972869020697928, 20.235473037649712 ], [ -99.972864103448458, 20.234682818824023 ], [ -99.972870036450885, 20.233697824420965 ], [ -99.973023678169739, 20.233112555539726 ], [ -99.973298861854076, 20.232583536329539 ], [ -99.973608801834956, 20.23182527360407 ], [ -99.973212711248252, 20.230431031003839 ], [ -99.972687634298282, 20.229690589227641 ], [ -99.972393840234716, 20.229165988213477 ], [ -99.972182982403282, 20.228354410905261 ], [ -99.971851181493349, 20.227566633711149 ], [ -99.971409411631512, 20.226596494827813 ], [ -99.971077216879479, 20.225728572798328 ], [ -99.970768294879477, 20.224723090853232 ], [ -99.970412317332276, 20.223924058997738 ], [ -99.969994972437988, 20.222999500283702 ], [ -99.969713073260422, 20.222429017762124 ], [ -99.969274595729928, 20.221985625481544 ], [ -99.968896544091294, 20.22153042345969 ], [ -99.968614413939306, 20.220936989855307 ], [ -99.968392875173649, 20.220343131199087 ], [ -99.96835246220698, 20.219690536389521 ], [ -99.968518974910594, 20.219219770097052 ], [ -99.968661081763145, 20.21870323773728 ], [ -99.968247164167963, 20.218328467229615 ], [ -99.966573808531521, 20.217837206243285 ], [ -99.965724367926512, 20.217477204603849 ], [ -99.964788503118783, 20.216854377586998 ], [ -99.963961876503291, 20.216265100144053 ], [ -99.963838257836159, 20.215853667060195 ], [ -99.96386726870378, 20.214673735760101 ], [ -99.964247189268292, 20.213479770715587 ], [ -99.964818118304805, 20.211860536643332 ], [ -99.964991751380509, 20.210587828635436 ], [ -99.965238450640996, 20.209383389175617 ], [ -99.965355756704056, 20.208786940091766 ], [ -99.965472355510101, 20.20807592395305 ], [ -99.965626524193524, 20.20755941748839 ], [ -99.965743968706789, 20.206985827323535 ], [ -99.965448195692574, 20.206129074787846 ], [ -99.964935300622457, 20.205388536710867 ], [ -99.964496533221833, 20.204887845627262 ], [ -99.964191321716982, 20.20445500045674 ], [ -99.963946316630327, 20.203975833396566 ], [ -99.963834204572137, 20.203472715664031 ], [ -99.963904978026648, 20.20316864272916 ], [ -99.963975751227736, 20.202864568601495 ], [ -99.964223294950926, 20.201797556008646 ], [ -99.964255407786055, 20.201121609863794 ], [ -99.964167722276073, 20.200652693280038 ], [ -99.964008620345524, 20.200367500011662 ], [ -99.963694108299947, 20.20038133254263 ], [ -99.963441042770683, 20.200566503472462 ], [ -99.962885830033699, 20.200799862919098 ], [ -99.962474237910598, 20.200780366923613 ], [ -99.962107839128905, 20.200244460453582 ], [ -99.962094685203311, 20.199578478999491 ], [ -99.962090198211513, 20.199351300414307 ], [ -99.962072263545622, 20.199120340953431 ], [ -99.962037752574759, 20.198675912259375 ], [ -99.962108564578671, 20.198377626432162 ], [ -99.962324143620222, 20.198032362718777 ], [ -99.96259983749394, 20.197583601132006 ], [ -99.962852381671297, 20.197329763992656 ], [ -99.963176859112096, 20.196960780587652 ], [ -99.963732576696515, 20.196796178547014 ], [ -99.964615299650035, 20.196686494675291 ], [ -99.965304258267636, 20.19654377468153 ], [ -99.966076998012227, 20.19628589148218 ], [ -99.96637802120425, 20.196020227038019 ], [ -99.966121398069163, 20.195632737363137 ], [ -99.965127431412171, 20.195353947993965 ], [ -99.964352503533306, 20.19529112477386 ], [ -99.963648783057252, 20.194998649410046 ], [ -99.963392793810996, 20.19469139733005 ], [ -99.963133823006089, 20.193914491971306 ], [ -99.963044059766389, 20.193090577786862 ], [ -99.96320986812114, 20.192528098833034 ], [ -99.963593259479183, 20.19188375861496 ], [ -99.964037068435289, 20.191250461674279 ], [ -99.964120071523411, 20.190974963586754 ], [ -99.963948438075178, 20.190632633621309 ], [ -99.963438763869036, 20.190384609096366 ], [ -99.963206124178924, 20.189951091674534 ], [ -99.963251802858622, 20.189504122387376 ], [ -99.963164012573316, 20.189000779378716 ], [ -99.963171988571062, 20.188336439806459 ], [ -99.963701045284125, 20.187794116862896 ], [ -99.964877621196152, 20.186273391956156 ], [ -99.964824687584667, 20.18554080650377 ], [ -99.965003870750749, 20.185172888419185 ], [ -99.965632364737075, 20.185053602364363 ], [ -99.966575998917463, 20.185012095351251 ], [ -99.967072013731766, 20.184996808944085 ], [ -99.967748149563491, 20.184751207136699 ], [ -99.968326473694574, 20.184334465480418 ], [ -99.968612638046466, 20.183656576869073 ], [ -99.968609595214161, 20.183164064450793 ], [ -99.968533001559976, 20.182523321839419 ], [ -99.968616063060807, 20.182259206310192 ], [ -99.969389097111772, 20.182024269065231 ], [ -99.970173452656027, 20.181686170157938 ], [ -99.970498165073209, 20.181362983413351 ], [ -99.970290687380853, 20.181089708233625 ], [ -99.969129351971446, 20.181144360953294 ], [ -99.968296046414508, 20.181391203812918 ], [ -99.967536478818843, 20.181643543448267 ], [ -99.967169491590326, 20.181205034719561 ], [ -99.966889167828938, 20.180875060499719 ], [ -99.966761430189436, 20.180910596463427 ], [ -99.966635526143804, 20.180945667180566 ], [ -99.966418575617951, 20.18108474232594 ], [ -99.96630055906131, 20.181578191347775 ], [ -99.966059633673964, 20.181740348175889 ], [ -99.965770473161712, 20.181948670312579 ], [ -99.9655421684202, 20.182202377966572 ], [ -99.965749648817464, 20.182498599806884 ], [ -99.966439976373934, 20.182584982913554 ], [ -99.966802873582438, 20.182570790386777 ], [ -99.96717722663405, 20.182464904426439 ], [ -99.967457261891767, 20.182726127770447 ], [ -99.967484299615265, 20.183184082815792 ], [ -99.967281196010092, 20.183597945163871 ], [ -99.96694377871188, 20.183818100199588 ], [ -99.966254010171056, 20.18382333698629 ], [ -99.965527832401222, 20.183806001298869 ], [ -99.964802077239483, 20.183857330711326 ], [ -99.964307051413599, 20.184032896414422 ], [ -99.963945699235893, 20.184298987512705 ], [ -99.963814629074037, 20.184632125000128 ], [ -99.963708896123762, 20.185148365175376 ], [ -99.963592653130618, 20.185916574913968 ], [ -99.963497734534386, 20.186215088510131 ], [ -99.963052433759444, 20.186619340163841 ], [ -99.962388857625456, 20.186933616459122 ], [ -99.962063906056258, 20.187222455114352 ], [ -99.961708454322448, 20.188473560101347 ], [ -99.961736249911127, 20.189057468182302 ], [ -99.961740114860604, 20.189687316929074 ], [ -99.961647158310271, 20.19030649168549 ], [ -99.961649337160296, 20.190661578720398 ], [ -99.961640933111369, 20.19125715985448 ], [ -99.961618407926593, 20.191532235787047 ], [ -99.9615243172166, 20.191945233579673 ], [ -99.961101451878719, 20.192063020512737 ], [ -99.960895759966277, 20.192087441488304 ], [ -99.960435436834885, 20.191999345107046 ], [ -99.959611555992055, 20.191833794304781 ], [ -99.958616860816889, 20.191451865166442 ], [ -99.957924150164558, 20.190987498037931 ], [ -99.957413433653628, 20.190567603920254 ], [ -99.956791584165316, 20.189804861228851 ], [ -99.956278785836986, 20.189064292700181 ], [ -99.956008195986414, 20.188367674068061 ], [ -99.955847044085516, 20.187500369610593 ], [ -99.955782984800663, 20.187155327435129 ], [ -99.955779235481543, 20.184578395175116 ], [ -99.955850912526458, 20.1836379695456 ], [ -99.955891256291039, 20.183111489141073 ], [ -99.955984614936654, 20.182560975159877 ], [ -99.95604292936477, 20.18220555904993 ], [ -99.956002445441825, 20.181530096799559 ], [ -99.955913008300072, 20.180751895246207 ], [ -99.955729454130505, 20.180421195705385 ], [ -99.955469883866357, 20.18147679874329 ], [ -99.954992492242255, 20.182568543137666 ], [ -99.954754900501712, 20.183280392920796 ], [ -99.954579713057669, 20.184323962080967 ], [ -99.954487155891201, 20.185034744211777 ], [ -99.954323909820801, 20.186043912946271 ], [ -99.954337450351275, 20.186249950440942 ], [ -99.954194204336318, 20.186583147536666 ], [ -99.953566808935093, 20.186885719600614 ], [ -99.953179896960549, 20.186934441010141 ], [ -99.952511337397766, 20.186469829782936 ], [ -99.951732481501793, 20.185754089746212 ], [ -99.951220137744343, 20.185082263347809 ], [ -99.950743814768984, 20.184352774044125 ], [ -99.950278417283698, 20.18345145722412 ], [ -99.949885129000648, 20.182446562753174 ], [ -99.949714127650694, 20.182195844366586 ], [ -99.949525561059403, 20.182031194492193 ], [ -99.94933699486289, 20.181866544396517 ], [ -99.948560558768278, 20.181528735454656 ], [ -99.948026662932847, 20.181292170105706 ], [ -99.947638724341289, 20.18116911733977 ], [ -99.947117441973361, 20.181024102364308 ], [ -99.94670501784384, 20.180855459088399 ], [ -99.946570801803617, 20.18067321009622 ], [ -99.946483555227019, 20.180250089621754 ], [ -99.946239750080053, 20.179954129362713 ], [ -99.945874410456781, 20.179578857029178 ], [ -99.945715917278235, 20.179385352944788 ], [ -99.945569646261973, 20.179203167887312 ], [ -99.945518670694511, 20.178779761409171 ], [ -99.946132750957204, 20.178271277746465 ], [ -99.946444934450867, 20.177856588884012 ], [ -99.94623185551275, 20.177640563911208 ], [ -99.946018777163516, 20.177424538651533 ], [ -99.94563147126604, 20.177404574121525 ], [ -99.944820289012711, 20.177330413166292 ], [ -99.944009452710915, 20.17731362283909 ], [ -99.943404146066698, 20.17726084912686 ], [ -99.942943246148147, 20.177080981181472 ], [ -99.942566002332342, 20.176728806023984 ], [ -99.942357307028857, 20.17623784341826 ], [ -99.942183572793923, 20.175529024794503 ], [ -99.942335933909021, 20.174703255189915 ], [ -99.942778271091854, 20.173818013398797 ], [ -99.943099928195011, 20.172979499232298 ], [ -99.943472066999291, 20.172484248740059 ], [ -99.943686589328834, 20.171955778576084 ], [ -99.943538542632012, 20.171498727869864 ], [ -99.942983347431721, 20.171720506576001 ], [ -99.942428150597024, 20.171942283587434 ], [ -99.941885334443569, 20.172221228933441 ], [ -99.941511679179229, 20.172464570701116 ], [ -99.94082383641414, 20.172767420104471 ], [ -99.940232115305221, 20.172966566228549 ], [ -99.939567489804929, 20.173120379386265 ], [ -99.939095098265994, 20.17303227385964 ], [ -99.93848747988865, 20.172590148925536 ], [ -99.93809919950499, 20.172421174728978 ], [ -99.937297666434404, 20.171923244994922 ], [ -99.936859602692877, 20.171525569752916 ], [ -99.936554670941391, 20.171115528784895 ], [ -99.936418150825105, 20.170543846809771 ], [ -99.936570716609154, 20.169763890535805 ], [ -99.936760188891469, 20.169075268822411 ], [ -99.93695000170068, 20.168443931139041 ], [ -99.936933746354555, 20.167756856217839 ], [ -99.936772268205516, 20.167059440448089 ], [ -99.936514600105369, 20.166454248217754 ], [ -99.936316218651726, 20.16566549697378 ], [ -99.936335302049713, 20.164806375462724 ], [ -99.936403866946307, 20.164141528369633 ], [ -99.936593471230651, 20.163475856487089 ], [ -99.936807896355589, 20.162912968466223 ], [ -99.936999411941457, 20.162567961542457 ], [ -99.937263755153069, 20.162256811808327 ], [ -99.937611544008377, 20.161738752444801 ], [ -99.937583163710229, 20.161040356799916 ], [ -99.937239499180592, 20.16022970028445 ], [ -99.936969554159816, 20.159601803431851 ], [ -99.936782720721041, 20.158732653851562 ], [ -99.936742121046066, 20.157999996724151 ], [ -99.936681825891199, 20.15747858835665 ], [ -99.936648895562527, 20.157215404829262 ], [ -99.936563794527657, 20.156535261251964 ], [ -99.936574229754569, 20.156225915803233 ], [ -99.936717465244442, 20.155904214982503 ], [ -99.937330914546777, 20.155315529510077 ], [ -99.937468628931811, 20.155079688314945 ], [ -99.93760634291408, 20.154843847022317 ], [ -99.9377602179745, 20.1542700760175 ], [ -99.937698094571573, 20.154001369896974 ], [ -99.937635971400837, 20.153732663738069 ], [ -99.937645113779752, 20.153228695909839 ], [ -99.937738970893662, 20.152746956473578 ], [ -99.937346776398954, 20.151913697003131 ], [ -99.936810020696257, 20.151161803693412 ], [ -99.936330381151535, 20.150623017884914 ], [ -99.936184854486072, 20.15051102636389 ], [ -99.936054033936514, 20.150121290905986 ], [ -99.935670523244795, 20.149490289533375 ], [ -99.935225011619409, 20.14909960398025 ], [ -99.934453055504378, 20.148662127939247 ], [ -99.933488408045974, 20.148063750344562 ], [ -99.932813412755834, 20.147615090698995 ], [ -99.932189117357524, 20.146777263539111 ], [ -99.931587619019353, 20.146168549852433 ], [ -99.931081789934311, 20.145777638806226 ], [ -99.930516533884045, 20.145180475339465 ], [ -99.930110827821139, 20.144194465375602 ], [ -99.930102837437758, 20.143507343828954 ], [ -99.930410520905582, 20.142649496888833 ], [ -99.931360605847956, 20.141621907391507 ], [ -99.932188630793917, 20.140777117869877 ], [ -99.933123959350155, 20.140184576195704 ], [ -99.933792962057638, 20.139614042248557 ], [ -99.93439045484395, 20.138860189003815 ], [ -99.935265777085661, 20.138187265429092 ], [ -99.936310690945135, 20.137469166760784 ], [ -99.937453078907822, 20.136671020188619 ], [ -99.937925525982266, 20.13616905769582 ], [ -99.938001148463812, 20.136088735526545 ], [ -99.940087375477063, 20.133776800571596 ], [ -99.94002264480045, 20.132658991087698 ], [ -99.940547414040523, 20.132075961628903 ], [ -99.94107195425444, 20.131451517054469 ], [ -99.940828096597812, 20.129754996243104 ], [ -99.940645376093869, 20.128513665330473 ], [ -99.940579070479288, 20.127105959883668 ], [ -99.94054625576041, 20.126464227455067 ], [ -99.940513441426418, 20.125822494963526 ], [ -99.940714863059412, 20.124977619421223 ], [ -99.940800192182834, 20.124619698555417 ], [ -99.940971880664506, 20.12383175827128 ], [ -99.941380885768169, 20.123539342711883 ], [ -99.941143567596455, 20.123043818109512 ], [ -99.941257499479505, 20.122421892584388 ], [ -99.941488512782129, 20.121757833263256 ], [ -99.942071219397036, 20.121050199082546 ], [ -99.942183118755324, 20.120055549635556 ], [ -99.94223929331848, 20.119599638577341 ], [ -99.941174062774223, 20.118747180347871 ], [ -99.938233406809644, 20.116393815900977 ], [ -99.936525346317481, 20.115078973082099 ], [ -99.936922251069262, 20.11255022278959 ], [ -99.937723194663164, 20.108817961115715 ], [ -99.936775863240811, 20.107167142610944 ], [ -99.937474493422101, 20.106210324294427 ], [ -99.937939420927222, 20.105420593304462 ], [ -99.93840479209787, 20.104713688860294 ], [ -99.938520069626747, 20.104340246895831 ], [ -99.935782815492487, 20.102164746632095 ], [ -99.930665937809223, 20.093950337712869 ], [ -99.930319328788173, 20.093239335177199 ], [ -99.929012107429884, 20.091334436693767 ], [ -99.927654488446223, 20.08975001884793 ], [ -99.926236602004934, 20.088142412554788 ], [ -99.92602931012604, 20.087889198231775 ], [ -99.925955267491673, 20.087798752282406 ], [ -99.925935501533829, 20.08777460737463 ], [ -99.925902322420242, 20.087734077738347 ], [ -99.925880985989707, 20.087708014406008 ], [ -99.925803738746367, 20.087614001362041 ], [ -99.925657168967831, 20.087531519114386 ], [ -99.925640054712787, 20.087521888041202 ], [ -99.925601946995613, 20.087500442854868 ], [ -99.925468082635078, 20.087425110331043 ], [ -99.925359915413694, 20.087364238810608 ], [ -99.925324104835369, 20.08734408624424 ], [ -99.925275156547428, 20.087316540351232 ], [ -99.925197379686423, 20.087272770986178 ], [ -99.925173607878961, 20.087259393256087 ], [ -99.925149476697641, 20.087245813280497 ], [ -99.925129093540704, 20.087234342525011 ], [ -99.924599145954602, 20.086843340004275 ], [ -99.92428080154896, 20.08647594107785 ], [ -99.92396245864019, 20.086108541503986 ], [ -99.92378350043073, 20.085689992597665 ], [ -99.923604543212889, 20.085271443452896 ], [ -99.923338345800346, 20.08462706828081 ], [ -99.923126366027418, 20.083970032637989 ], [ -99.923091690589573, 20.083848410224633 ], [ -99.923069248995418, 20.08376969731097 ], [ -99.923031986533758, 20.083428927469818 ], [ -99.92301494940692, 20.08327312023053 ], [ -99.922994724265308, 20.083088157601392 ], [ -99.922965586169525, 20.082821683442379 ], [ -99.922927090747962, 20.082469632841999 ], [ -99.92292068076722, 20.082327330372273 ], [ -99.922921760037653, 20.082149225323175 ], [ -99.922922375459834, 20.082047666638719 ], [ -99.922922495818497, 20.082027804753132 ], [ -99.922922729835264, 20.081989186769594 ], [ -99.92292491867957, 20.081627981059185 ], [ -99.92313836506014, 20.080334660338792 ], [ -99.92317765871617, 20.079842412172855 ], [ -99.923216952194153, 20.079350163980795 ], [ -99.923453901836808, 20.07819443031563 ], [ -99.924051870968583, 20.076012860191017 ], [ -99.924217542194711, 20.075408566587289 ], [ -99.924548313919615, 20.074202047881776 ], [ -99.924879329379053, 20.072994849279898 ], [ -99.925749760022214, 20.069819519922195 ], [ -99.926179958899141, 20.068250222185608 ], [ -99.926315340103912, 20.067756366699449 ], [ -99.926521261949034, 20.067005181181059 ], [ -99.928429411690075, 20.064524456482538 ], [ -99.930232719389039, 20.062179945469644 ], [ -99.930457687287813, 20.061888414788395 ], [ -99.931273914024317, 20.061584845511909 ], [ -99.931574014353743, 20.061543460936218 ], [ -99.931766539077017, 20.061516911015062 ], [ -99.963109041677427, 20.060537361989468 ], [ -99.96448411502341, 20.061347934703956 ], [ -99.965359435588113, 20.062079498321182 ], [ -99.965797539195236, 20.062459863801209 ], [ -99.966663153540026, 20.063211397772474 ], [ -99.968135330929869, 20.06427388895597 ], [ -99.969437651611173, 20.06531389643035 ], [ -99.971388679782905, 20.067728361266788 ], [ -99.976761548236524, 20.07039697675377 ], [ -99.979628824343351, 20.071444058378383 ], [ -99.982374212380662, 20.072353795256522 ], [ -99.984221903852301, 20.073243011029259 ], [ -99.987186628628649, 20.074381405869335 ], [ -99.988876673986709, 20.07527109035534 ], [ -99.995412918445439, 20.077534398527018 ], [ -99.994334859227635, 20.083420846896978 ], [ -99.99674017737496, 20.086934693533912 ], [ -100.007352989174194, 20.086639481811769 ], [ -100.006432478497373, 20.084534438324862 ], [ -100.006623202599314, 20.083919577689819 ], [ -100.006721641482756, 20.083602226394312 ], [ -100.007190942401621, 20.082600164646625 ], [ -100.007188700906497, 20.082157342870001 ], [ -100.007185848739155, 20.081593858161199 ], [ -100.007622876771464, 20.080848545983365 ], [ -100.007737839939935, 20.080652485295094 ], [ -100.007751680288976, 20.080628881626268 ], [ -100.008853726248731, 20.080201260258406 ], [ -100.00926270900159, 20.079431621096443 ], [ -100.009066824258184, 20.078627554555379 ], [ -100.008997208607283, 20.078341772570372 ], [ -100.00600861584833, 20.066072068181537 ], [ -100.005783364802738, 20.065147213346208 ], [ -100.005765996215231, 20.065075906060592 ], [ -100.005382641554633, 20.063502012672622 ], [ -100.005855288962209, 20.063408878460951 ], [ -100.006189461704309, 20.063545492299593 ], [ -100.006523635000434, 20.063682105479145 ], [ -100.006873750548763, 20.06331981610909 ], [ -100.007223864495842, 20.062957526099851 ], [ -100.008468320843221, 20.06186425891789 ], [ -100.009918349189888, 20.060621353981258 ], [ -100.011030045292316, 20.059677554426724 ], [ -100.011877333921717, 20.05928506317197 ], [ -100.013211996391234, 20.059384319291738 ], [ -100.014571424221373, 20.059586599773404 ], [ -100.015688925968661, 20.059938801287284 ], [ -100.016354969245413, 20.059718845343404 ], [ -100.017240166022177, 20.059647341876477 ], [ -100.018333672114622, 20.060056954047152 ], [ -100.018807369284374, 20.060210312806845 ], [ -100.019281067320293, 20.060363670254251 ], [ -100.019997255192479, 20.060476191403055 ], [ -100.020687591134006, 20.060244690378941 ], [ -100.021596651412565, 20.060092791253506 ], [ -100.022483035190334, 20.060308044103959 ], [ -100.024531060811228, 20.060473545061104 ], [ -100.024935064663239, 20.059394100797604 ], [ -100.025639351234318, 20.059513697098701 ], [ -100.025987670166415, 20.058482080886353 ], [ -100.026157890752117, 20.057977933755975 ], [ -100.027325769241628, 20.057183340829216 ], [ -100.028436984710353, 20.056720432050664 ], [ -100.02943019594359, 20.056134054208073 ], [ -100.030128777400094, 20.055301135895178 ], [ -100.031060620901272, 20.054259595764957 ], [ -100.032109457258372, 20.053175860183426 ], [ -100.032454766098766, 20.052096789968555 ], [ -100.033209953890974, 20.050932168208135 ], [ -100.033849619251328, 20.050058213047624 ], [ -100.034313402691325, 20.049185425015036 ], [ -100.03471681623563, 20.048023135450691 ], [ -100.035942455158221, 20.047103861370488 ], [ -100.03687321649906, 20.045896641950932 ], [ -100.037452722830068, 20.044774588264236 ], [ -100.038908069096266, 20.043066888114751 ], [ -100.039490298792501, 20.042400370026787 ], [ -100.039687860760239, 20.042161993910607 ], [ -100.041043128341784, 20.040526718245516 ], [ -100.042458492276907, 20.038818884090428 ], [ -100.042908664925037, 20.03570978200791 ], [ -100.043200009479818, 20.035417930152743 ], [ -100.044081312099593, 20.035743344244768 ], [ -100.045246675064419, 20.034575926831444 ], [ -100.046129485074715, 20.035149807650349 ], [ -100.046368489952997, 20.035893664434795 ], [ -100.047428178526545, 20.036632008762215 ], [ -100.052717399159064, 20.038791357571768 ], [ -100.054771663115247, 20.039191625204861 ], [ -100.056241759308676, 20.03992713887828 ], [ -100.058061305435203, 20.040287541715657 ], [ -100.059578571938502, 20.03915906140935 ], [ -100.060868228940379, 20.039150302571343 ], [ -100.061512035198916, 20.038980269271683 ], [ -100.062092362090993, 20.038023793337111 ], [ -100.062439736642659, 20.037317386695737 ], [ -100.06267038019152, 20.036694602460233 ], [ -100.065951804559589, 20.036465171007801 ], [ -100.065509425885409, 20.035176050940485 ], [ -100.064817526093123, 20.03315976196798 ], [ -100.064932199936877, 20.032744837107945 ], [ -100.065393710241793, 20.03154067531738 ], [ -100.06592050119761, 20.031412839411306 ], [ -100.066562473035262, 20.030952901347849 ], [ -100.067325015642425, 20.031030523626406 ], [ -100.067795755791181, 20.0313172080429 ], [ -100.068555985424055, 20.03102211211019 ], [ -100.069024154095843, 20.030894667892241 ], [ -100.069671264625228, 20.031262969419085 ], [ -100.070665702452331, 20.030924847449164 ], [ -100.071311010967477, 20.031003255325903 ], [ -100.071898992980294, 20.031289125123067 ], [ -100.071952821120888, 20.03058992661617 ], [ -100.072061680943591, 20.02917588250309 ], [ -100.077033872801223, 20.02941186023067 ], [ -100.077397624837189, 20.029429117867767 ], [ -100.078500033651935, 20.029674745812425 ], [ -100.079210911170051, 20.02983313279309 ], [ -100.079921789971763, 20.02999151624222 ], [ -100.081438013949878, 20.028738621732096 ], [ -100.081372623338737, 20.027662305013301 ], [ -100.082543901688467, 20.027488552911148 ], [ -100.083180847842698, 20.026241722544743 ], [ -100.084284614762765, 20.024660345143054 ], [ -100.083985010974857, 20.023627065258747 ], [ -100.084036051837302, 20.022425701057401 ], [ -100.084248681291243, 20.022140165791015 ], [ -100.084501045600746, 20.021801269208449 ], [ -100.084849592544884, 20.02130188533539 ], [ -100.085303860656197, 20.018979544887017 ], [ -100.086244020452128, 20.01934575607342 ], [ -100.086574758225524, 20.01603032920374 ], [ -100.08680061344019, 20.016008803394914 ], [ -100.087043389825453, 20.015985664536757 ], [ -100.086656238252729, 20.013199098003582 ], [ -100.088328913428697, 20.015355529245021 ], [ -100.08740160829025, 20.017018533122599 ], [ -100.08899147922773, 20.018167088656831 ], [ -100.088410075133311, 20.01891658246473 ], [ -100.088414795622157, 20.019662004195197 ], [ -100.088828497329303, 20.02019751381388 ], [ -100.089184375930515, 20.020857666621399 ], [ -100.089953968174015, 20.022053325000773 ], [ -100.090312483958328, 20.023127597749827 ], [ -100.091020325680432, 20.023826710973488 ], [ -100.092020194221249, 20.024358130228698 ], [ -100.093077629898445, 20.024723485817788 ], [ -100.093725029633191, 20.025133110431746 ], [ -100.094315137060349, 20.025750202737719 ], [ -100.095140502868873, 20.026489891650758 ], [ -100.095846530556088, 20.026899098340664 ], [ -100.096611441991456, 20.027349304223037 ], [ -100.097139247716058, 20.027387025782573 ], [ -100.097608437922844, 20.027425156076482 ], [ -100.097899397496576, 20.027091807072981 ], [ -100.097836544617977, 20.026429623001356 ], [ -100.097540026337754, 20.025893316513596 ], [ -100.097126544903105, 20.025399241842617 ], [ -100.096713066083296, 20.024905166057231 ], [ -100.096240182150297, 20.024287262411335 ], [ -100.096059316351557, 20.023501660089412 ], [ -100.096410208695687, 20.023374964792684 ], [ -100.096937736540681, 20.023371275411598 ], [ -100.097761777124177, 20.023903891456762 ], [ -100.098882341895916, 20.02497280815718 ], [ -100.099766604037555, 20.025753476167687 ], [ -100.100649281503081, 20.026285666580936 ], [ -100.101881529938353, 20.026484085545782 ], [ -100.1025270958189, 20.026603791839204 ], [ -100.103757217375303, 20.026470900912496 ], [ -100.10475420905081, 20.026546712614838 ], [ -100.105403512237842, 20.027246176990467 ], [ -100.105642244301023, 20.027907117954197 ], [ -100.106349638923845, 20.028523341244235 ], [ -100.10717400399092, 20.029097322411907 ], [ -100.107586723588526, 20.029467135448396 ], [ -100.108584805698058, 20.029708572535391 ], [ -100.109583962415314, 20.030115651744559 ], [ -100.110349730399008, 20.030690031388946 ], [ -100.11058956173639, 20.031516612020994 ], [ -100.110595999850432, 20.032510498879308 ], [ -100.110659982879639, 20.033338323114428 ], [ -100.111073527029575, 20.033832362745745 ], [ -100.111779089214863, 20.034158678178397 ], [ -100.112659164046121, 20.034276684914648 ], [ -100.113420120843287, 20.034105635269885 ], [ -100.114884758352133, 20.0339710019576 ], [ -100.115821563832853, 20.033798693644517 ], [ -100.116932060304748, 20.033293835238826 ], [ -100.117694897762462, 20.033412650572874 ], [ -100.118341312059428, 20.033656532676467 ], [ -100.118812686584036, 20.034025900226542 ], [ -100.11899232657224, 20.034604413329564 ], [ -100.119349987169045, 20.035512967811684 ], [ -100.119296239632988, 20.036258798077977 ], [ -100.119065282604438, 20.036798822080101 ], [ -100.118717897610054, 20.037463916254044 ], [ -100.1186033640587, 20.037878869309079 ], [ -100.119015591898005, 20.038165829345814 ], [ -100.119543977081946, 20.038286305651745 ], [ -100.120073175512033, 20.038531015707122 ], [ -100.12072015640905, 20.038857711361544 ], [ -100.121543269827185, 20.039224561028764 ], [ -100.122188356527573, 20.039261368712822 ], [ -100.122491833619563, 20.039133787667982 ], [ -100.123274097986751, 20.039133727946282 ], [ -100.124179517982597, 20.038957240967079 ], [ -100.124997740600833, 20.038578663204671 ], [ -100.125931563148427, 20.037950771855105 ], [ -100.126457771731822, 20.037739933671148 ], [ -100.127045596891108, 20.037984202394032 ], [ -100.127400583980233, 20.038478620812697 ], [ -100.128104287022637, 20.038514986622062 ], [ -100.12863349812001, 20.038759670385993 ], [ -100.12887097983274, 20.039213509634269 ], [ -100.129636039218752, 20.039663564796953 ], [ -100.130750905559978, 20.039821206274446 ], [ -100.131924393401832, 20.039978418725934 ], [ -100.132630296474289, 20.040346058987726 ], [ -100.133163909083947, 20.041253314007694 ], [ -100.133228290275781, 20.042122535018006 ], [ -100.133351293169454, 20.042991333471981 ], [ -100.13423307566319, 20.043357699020049 ], [ -100.135641900723044, 20.043637428883816 ], [ -100.136934314225158, 20.044042229142022 ], [ -100.137994454266135, 20.044780007776041 ], [ -100.137765756307189, 20.045651345246828 ], [ -100.137712646347339, 20.046479999246088 ], [ -100.138071821667069, 20.04759556563987 ], [ -100.138837222926014, 20.048086988818859 ], [ -100.139249512626961, 20.048373898304511 ], [ -100.140483350635748, 20.048779094549197 ], [ -100.141599672189869, 20.049143721001226 ], [ -100.142778222149516, 20.050046262861841 ], [ -100.143199113937243, 20.051616915961375 ], [ -100.143559449985901, 20.052898113668174 ], [ -100.144269598370769, 20.053886873443698 ], [ -100.145039491332469, 20.055040848748423 ], [ -100.145571560659619, 20.055699590878181 ], [ -100.146164483670063, 20.056689194906347 ], [ -100.146873553471366, 20.057512296895222 ], [ -100.147693201609712, 20.057340669402375 ], [ -100.148746514516816, 20.057043093333121 ], [ -100.150151576099418, 20.056742942071956 ], [ -100.151441895245483, 20.05681633856868 ], [ -100.153674981881437, 20.057586848267434 ], [ -100.155085923598506, 20.058156293241083 ], [ -100.156263212572966, 20.058851681313648 ], [ -100.157321854185156, 20.059340866567453 ], [ -100.157856236990753, 20.06033085734936 ], [ -100.158388095500058, 20.060948145862653 ], [ -100.15926946887717, 20.061231555789234 ], [ -100.160502043867069, 20.061429548732864 ], [ -100.161620470574235, 20.062083919152983 ], [ -100.162210694643036, 20.06265935178374 ], [ -100.162334725140212, 20.063652352673966 ], [ -100.161342001346284, 20.064239455900761 ], [ -100.160113348044888, 20.064621225342222 ], [ -100.159176422631703, 20.064793774304317 ], [ -100.158476259095181, 20.065295882863612 ], [ -100.159008419232876, 20.065954579326952 ], [ -100.159774254592236, 20.066487314354124 ], [ -100.160361107299394, 20.066565819436235 ], [ -100.161591467842953, 20.06643251401675 ], [ -100.161888281435296, 20.066968696460936 ], [ -100.161658845031894, 20.067715824633229 ], [ -100.16060633642013, 20.068137712842489 ], [ -100.158735539409278, 20.068938335039601 ], [ -100.157449337369215, 20.069486163616336 ], [ -100.157220719895889, 20.07035752036208 ], [ -100.15711020483883, 20.071352248581679 ], [ -100.157306062123538, 20.071715062488195 ], [ -100.157466488315023, 20.072012240916791 ], [ -100.157821649731943, 20.072506587980246 ], [ -100.157828119535353, 20.073459042992468 ], [ -100.15777455132006, 20.07420487359261 ], [ -100.158539298373938, 20.074571967431112 ], [ -100.159654150335626, 20.074688001445594 ], [ -100.160537296044097, 20.075219866942611 ], [ -100.161535171380592, 20.07537816381269 ], [ -100.162590550277258, 20.075370378214899 ], [ -100.163296963701313, 20.075779294271069 ], [ -100.163829746836754, 20.076520794662784 ], [ -100.163718988623572, 20.077474113507702 ], [ -100.164366498316369, 20.077842046726232 ], [ -100.165303493258861, 20.077669466922764 ], [ -100.166062035524433, 20.077125485512841 ], [ -100.166091368663203, 20.077045156586006 ], [ -100.166143941985879, 20.076900927867193 ], [ -100.166349810814168, 20.076336507844744 ], [ -100.166637299765867, 20.07550611883503 ], [ -100.166984268891937, 20.074799528124132 ], [ -100.167745630942733, 20.074669649652432 ], [ -100.168392000917038, 20.074871924632031 ], [ -100.169213983809613, 20.075031481632454 ], [ -100.169922118454906, 20.075688835821989 ], [ -100.170162907787059, 20.076598134705637 ], [ -100.170403130827339, 20.077424611265961 ], [ -100.170759198819383, 20.078043162021434 ], [ -100.171696756092089, 20.077953370312866 ], [ -100.172396358182169, 20.077368387645762 ], [ -100.172683531057274, 20.076496579528801 ], [ -100.172324037804941, 20.075381102397635 ], [ -100.172317194613385, 20.074387241607543 ], [ -100.172370123555169, 20.073558588285046 ], [ -100.172950160221845, 20.072643189075361 ], [ -100.173826483409883, 20.072181126041837 ], [ -100.17499595394311, 20.071716875351019 ], [ -100.17581878317884, 20.07200063464607 ], [ -100.176399366249186, 20.071168046889866 ], [ -100.17686583218304, 20.070791851209695 ], [ -100.177570539568634, 20.0709522447147 ], [ -100.178337031657591, 20.071567716223043 ], [ -100.179220217100166, 20.072099486212057 ], [ -100.180336782570421, 20.072463854388246 ], [ -100.181688738720538, 20.072950691604632 ], [ -100.182627695421274, 20.073067897268057 ], [ -100.182983223365824, 20.073603600333449 ], [ -100.182812799767717, 20.074391722160659 ], [ -100.181997138772275, 20.075143264891633 ], [ -100.181357078300692, 20.075852076706283 ], [ -100.180954415236656, 20.076973238593364 ], [ -100.180784840906327, 20.077885591044584 ], [ -100.180381307368378, 20.0788825196563 ], [ -100.179508127147017, 20.079800133895986 ], [ -100.178929253636156, 20.080881196293646 ], [ -100.179171826142209, 20.082038943764424 ], [ -100.179763913060427, 20.08286277385583 ], [ -100.180583647136004, 20.082690989461028 ], [ -100.18134244380353, 20.082188354840049 ], [ -100.182341241626219, 20.082470762814854 ], [ -100.183630044438289, 20.082295448752998 ], [ -100.184387963569506, 20.081668569636548 ], [ -100.184966801215467, 20.080587491177056 ], [ -100.185430674078916, 20.079838577055924 ], [ -100.187306361327742, 20.079741653960522 ], [ -100.188239862833314, 20.079072025850653 ], [ -100.188875560197317, 20.077742031160831 ], [ -100.189220693917932, 20.07678693806109 ], [ -100.190034298039677, 20.075745489226474 ], [ -100.191436525682263, 20.075030900023251 ], [ -100.192840483243501, 20.074564763654873 ], [ -100.194481865336883, 20.074510949005543 ], [ -100.19542433142739, 20.075125011950504 ], [ -100.196114256587038, 20.076114807891958 ], [ -100.195823449672815, 20.075988678129924 ], [ -100.195587854584545, 20.076193572977214 ], [ -100.195175462016522, 20.076562469315892 ], [ -100.194058267091009, 20.077339423557568 ], [ -100.193411065729862, 20.077830560374412 ], [ -100.193050676803097, 20.078861071754762 ], [ -100.192980297052358, 20.080100365556024 ], [ -100.193432745412821, 20.081632818940715 ], [ -100.19400799414187, 20.082546271722283 ], [ -100.194700853821544, 20.083377937337595 ], [ -100.195394518074295, 20.084126951469116 ], [ -100.195330534239091, 20.084705058186678 ], [ -100.195085757215111, 20.085860408458931 ], [ -100.194660978481579, 20.087510353349082 ], [ -100.194057385790487, 20.089530919331832 ], [ -100.195513539001425, 20.089954950040422 ], [ -100.196616079175442, 20.090706975871754 ], [ -100.197369784451595, 20.09129111403956 ], [ -100.197775046550788, 20.0916660452679 ], [ -100.198353938935185, 20.092207562937791 ], [ -100.198757615357337, 20.092747787958906 ], [ -100.199040505831988, 20.093700392489396 ], [ -100.199903898065884, 20.09502921163423 ], [ -100.200076737194905, 20.095278445220966 ], [ -100.202345112982243, 20.096286966100415 ], [ -100.203800555667783, 20.096793571792222 ], [ -100.2044410641209, 20.097004903612248 ], [ -100.205195619672395, 20.097506356946351 ], [ -100.206007401551901, 20.098132206420612 ], [ -100.206472296766634, 20.098383571207574 ], [ -100.208340889951245, 20.098617840599474 ], [ -100.208572636699898, 20.098646893729896 ], [ -100.209034378670225, 20.099228842966923 ], [ -100.208620382518504, 20.099763067019889 ], [ -100.208965309569038, 20.100344162570678 ], [ -100.209481126400732, 20.101381100012755 ], [ -100.209655960807112, 20.101423703300934 ], [ -100.209241172058867, 20.102040576718387 ], [ -100.208945964031358, 20.102369035127985 ], [ -100.209058046974135, 20.1028657754504 ], [ -100.209170130710731, 20.103362515637858 ], [ -100.20980909427, 20.10373912170553 ], [ -100.210033268783661, 20.104732600586932 ], [ -100.210257840882306, 20.105684755032502 ], [ -100.21054003897909, 20.106719982770731 ], [ -100.210645033682397, 20.107960551314424 ], [ -100.210459150732774, 20.109075018091328 ], [ -100.209693475761341, 20.109730660452765 ], [ -100.208578895354037, 20.110218444871919 ], [ -100.20757560340283, 20.111285611117633 ], [ -100.207682554966709, 20.112319562369105 ], [ -100.206913295974744, 20.113347108945486 ], [ -100.206434123383218, 20.11458340852986 ], [ -100.205201481656957, 20.115194290856415 ], [ -100.204666645431587, 20.116140891349282 ], [ -100.203890617866392, 20.117870932846831 ], [ -100.203469429642084, 20.119148977577851 ], [ -100.202871399881658, 20.120591032276852 ], [ -100.202519313329475, 20.120753757742001 ], [ -100.201700682513305, 20.12083040578532 ], [ -100.201403045772793, 20.121406797053186 ], [ -100.201221052134954, 20.122108017361601 ], [ -100.201096285010777, 20.122933638140353 ], [ -100.200621404753662, 20.123715361281981 ], [ -100.199857206202537, 20.124205669882372 ], [ -100.198973385824189, 20.124984383938866 ], [ -100.198125302402616, 20.125503666907985 ], [ -100.197794282600597, 20.126091536282548 ], [ -100.197085301787283, 20.12691285524852 ], [ -100.197199357494569, 20.12720298305058 ], [ -100.197364677867967, 20.128237371701406 ], [ -100.197181069596596, 20.12910388438074 ], [ -100.197162385031874, 20.131046109259735 ], [ -100.197040910658288, 20.131314333179258 ], [ -100.196565450201618, 20.132364174116283 ], [ -100.196265291188539, 20.13245458229483 ], [ -100.195627922294065, 20.132646556396985 ], [ -100.19439907903805, 20.132844131767989 ], [ -100.193758831718668, 20.132591447095084 ], [ -100.192809735806932, 20.134072209793015 ], [ -100.191804992080847, 20.135263268568725 ], [ -100.191327237397331, 20.136334237634529 ], [ -100.191206401153124, 20.13674661362575 ], [ -100.190773890892658, 20.139181704228594 ], [ -100.189696298721515, 20.141859983668756 ], [ -100.189631883025243, 20.142479410827921 ], [ -100.189093271353357, 20.143797886337211 ], [ -100.188551853806842, 20.145405628189803 ], [ -100.18877956595108, 20.146027217739068 ], [ -100.189357441614987, 20.146692724944035 ], [ -100.189343063685968, 20.14818038687827 ], [ -100.189318302927418, 20.150742470773022 ], [ -100.18942837118621, 20.151445841934244 ], [ -100.1898186090758, 20.153391090759907 ], [ -100.189635336435572, 20.154216272837751 ], [ -100.190202073934429, 20.156038844049881 ], [ -100.190639597544987, 20.159141589374855 ], [ -100.192326538943774, 20.159939251951926 ], [ -100.194656248753105, 20.16074163159896 ], [ -100.194585483912618, 20.162022239813023 ], [ -100.194868895836052, 20.162933514849783 ], [ -100.195444477010895, 20.163846939176207 ], [ -100.195957259901633, 20.16521449313716 ], [ -100.196123818542475, 20.166124905616901 ], [ -100.197058364884924, 20.166173101842809 ], [ -100.19987151899511, 20.165325890702601 ], [ -100.200164876010021, 20.165204061498045 ], [ -100.200094156317036, 20.166484669112222 ], [ -100.200315608660432, 20.167767418115712 ], [ -100.199777806619906, 20.169003274998296 ], [ -100.19855344860828, 20.168705007784869 ], [ -100.198827378913805, 20.170608043645718 ], [ -100.199751646948101, 20.171730640841798 ], [ -100.200266081137244, 20.172932883005394 ], [ -100.188182232425504, 20.177596506620766 ], [ -100.188452466399013, 20.179871476599949 ], [ -100.189197811634941, 20.181364747274099 ], [ -100.189362758048617, 20.182440460779848 ], [ -100.18951813377501, 20.184507944542545 ], [ -100.18896982064193, 20.186818191410794 ], [ -100.188597237747032, 20.186848344581133 ], [ -100.188033953191976, 20.18689392974111 ], [ -100.187214568875177, 20.187011851466522 ], [ -100.187088097354064, 20.188002757844853 ], [ -100.187194196838036, 20.189119364482114 ], [ -100.187954350989685, 20.189083657910746 ], [ -100.188544763951924, 20.188468120102865 ], [ -100.188712509409655, 20.189254566885236 ], [ -100.188635710610669, 20.191155028089081 ], [ -100.188786703270608, 20.19367707171083 ], [ -100.189061374416326, 20.195497473822002 ], [ -100.189242336408824, 20.196467716445728 ], [ -100.189339243329769, 20.196987285049506 ], [ -100.189625889507695, 20.19756797362734 ], [ -100.190316080983052, 20.198730210984134 ], [ -100.190831739779497, 20.199808505248917 ], [ -100.190989156410794, 20.201669363462923 ], [ -100.191464694148806, 20.202268387573845 ], [ -100.192144173632343, 20.203124302283555 ], [ -100.191787913857169, 20.20370025140112 ], [ -100.191547751891548, 20.204359708228019 ], [ -100.191017734655432, 20.204769069777537 ], [ -100.190430859544861, 20.205012704326137 ], [ -100.189900837083925, 20.205422062734019 ], [ -100.189603411599251, 20.205957115264511 ], [ -100.188941788418219, 20.207007672366004 ], [ -100.188398605284974, 20.207557560280986 ], [ -100.18782879274282, 20.208134400532998 ], [ -100.188037102899187, 20.208628951526858 ], [ -100.18782320691443, 20.208712860817407 ], [ -100.186181813153297, 20.209196651655052 ], [ -100.198145271738255, 20.217343359741253 ], [ -100.199712817968717, 20.218470644603794 ], [ -100.200635021012928, 20.219841157475287 ], [ -100.202838894275075, 20.221675608135033 ], [ -100.2031872529883, 20.221926106898533 ], [ -100.205452399804315, 20.22347168360977 ], [ -100.207834502135327, 20.22501807791965 ], [ -100.218237964714092, 20.228097961667874 ], [ -100.219929575187024, 20.228598682239589 ], [ -100.220426593099134, 20.228745796626107 ], [ -100.221644443083562, 20.229787701105469 ], [ -100.22321967527057, 20.230129618854988 ], [ -100.225725180324773, 20.231015423278954 ], [ -100.227644967241261, 20.23202098141893 ], [ -100.228346851941808, 20.231984672061884 ], [ -100.229692161891563, 20.231911627733989 ], [ -100.231152836703345, 20.232004699101591 ], [ -100.232265086460501, 20.231847321739302 ], [ -100.235180257010583, 20.232694578021761 ], [ -100.236697083111821, 20.233035956205597 ], [ -100.238509289674184, 20.233048808556607 ], [ -100.239908823159325, 20.233430652780278 ], [ -100.240488404601081, 20.233971988679414 ], [ -100.241249519787601, 20.233853395083703 ], [ -100.242365611712316, 20.233282724021315 ], [ -100.243186716262628, 20.232999243464327 ], [ -100.244650472384748, 20.232761618066174 ], [ -100.245824234071478, 20.232273984083701 ], [ -100.246818400536426, 20.232239660093182 ], [ -100.252311905150421, 20.232443549759747 ], [ -100.252459801691529, 20.235420023019131 ], [ -100.253152917433326, 20.236334038769318 ], [ -100.253613728249604, 20.23708112348999 ], [ -100.253482701025433, 20.238609248968537 ], [ -100.254236203604151, 20.239317054261523 ], [ -100.25480823650993, 20.240684794325567 ], [ -100.255425796782959, 20.243457914183747 ], [ -100.256749500494948, 20.245740053862022 ], [ -100.257260457318282, 20.247396633635354 ], [ -100.257539850727269, 20.24880364442053 ], [ -100.257761165546938, 20.25016892404982 ], [ -100.257171960133689, 20.250660720240141 ], [ -100.255819665327408, 20.251477791949544 ], [ -100.256257584568928, 20.252404964403169 ], [ -100.256622581956833, 20.25317773511409 ] ] ] ] } },
{ "type": "Feature", "properties": { "CVE_PAIS": "MX", "NOM_PAIS": "MEXICO", "CVE_ENT": "22", "NOM_ENT": "QUERETARO", "CU_MUN": "22003", "NOM_MUN": "ARROYO SECO" }, "geometry": { "type": "MultiPolygon", "coordinates": [ [ [ [ -99.481746572044131, 21.433151647388446 ], [ -99.480509620118823, 21.433690062957577 ], [ -99.479810003262529, 21.433585341757677 ], [ -99.478859382533727, 21.433443164463082 ], [ -99.477386015442818, 21.433278819843476 ], [ -99.475441625804123, 21.433528263553715 ], [ -99.474087343257565, 21.434645577303669 ], [ -99.472673875937204, 21.435514835879474 ], [ -99.471083022776682, 21.435763989960197 ], [ -99.470034672158633, 21.43494677666224 ], [ -99.459053446431668, 21.42638570305531 ], [ -99.436517644482919, 21.388771149510973 ], [ -99.418668398393038, 21.389977424423066 ], [ -99.417901144263652, 21.387496816203331 ], [ -99.418367946624926, 21.379640547261975 ], [ -99.412056864297128, 21.364385197024742 ], [ -99.410521888664192, 21.357480532411799 ], [ -99.409398537794701, 21.349004497646664 ], [ -99.410340179659457, 21.347681081495111 ], [ -99.410961564582536, 21.34726432520451 ], [ -99.411635404008976, 21.346812382998714 ], [ -99.425836598191097, 21.339803648876103 ], [ -99.42723795724136, 21.339860452512792 ], [ -99.428886724339478, 21.339570356384801 ], [ -99.430535538147353, 21.339362940349076 ], [ -99.432360910385597, 21.338990040830726 ], [ -99.434441558546723, 21.338156738723622 ], [ -99.436542220913012, 21.339153590801882 ], [ -99.43766113222307, 21.339070398516316 ], [ -99.438897284781902, 21.338284215941965 ], [ -99.4399568125705, 21.337580803730546 ], [ -99.440957499668812, 21.336960109106396 ], [ -99.442134817123275, 21.336297975294187 ], [ -99.442959150504308, 21.336132182678785 ], [ -99.444136757548122, 21.335883515398297 ], [ -99.444285261442417, 21.33585276973329 ], [ -99.445137723373946, 21.335676276574386 ], [ -99.445448169094604, 21.335610718322748 ], [ -99.446315322818876, 21.335427594144242 ], [ -99.447434091951592, 21.335261629885416 ], [ -99.447527718172665, 21.335256103251563 ], [ -99.448149506140268, 21.335219398585505 ], [ -99.448847367451023, 21.335178200487825 ], [ -99.450614104821355, 21.335259963087204 ], [ -99.452380693209818, 21.335217664343013 ], [ -99.453970883555627, 21.335382182377646 ], [ -99.455266661991132, 21.335753567485551 ], [ -99.46144704116513, 21.332152735253992 ], [ -99.458378253937838, 21.324215721960098 ], [ -99.456196848097761, 21.320950473317289 ], [ -99.479105864571181, 21.324450541144298 ], [ -99.485670831971277, 21.325585843764422 ], [ -99.495773225499079, 21.327332696329059 ], [ -99.497715235198456, 21.326131712555654 ], [ -99.497360880580857, 21.325180999995698 ], [ -99.497526104839793, 21.325111223209525 ], [ -99.498243740853482, 21.324808151673185 ], [ -99.495203684500837, 21.320405850023835 ], [ -99.49382045122222, 21.318402840980426 ], [ -99.491585044518274, 21.320389171071028 ], [ -99.483890440981611, 21.312327111802706 ], [ -99.483303110536554, 21.311711681723352 ], [ -99.474786855614937, 21.302787160481351 ], [ -99.475962295198357, 21.300594917532457 ], [ -99.474550108354123, 21.301464181658911 ], [ -99.473844105286091, 21.302002179471586 ], [ -99.473609220022283, 21.302663905268247 ], [ -99.473845690369458, 21.303697449103105 ], [ -99.472845022574987, 21.303946202963246 ], [ -99.470784413531163, 21.30403024092934 ], [ -99.47037183379328, 21.303534341446248 ], [ -99.470901720630707, 21.303533997599729 ], [ -99.470960104814296, 21.302996434597446 ], [ -99.471312640334148, 21.302210591300771 ], [ -99.472371257129709, 21.300969454571341 ], [ -99.472488280614783, 21.300183763836287 ], [ -99.471899263109322, 21.299977418577427 ], [ -99.470662984889287, 21.300102254041839 ], [ -99.470133168766964, 21.300061256267107 ], [ -99.469249783180388, 21.299772387448158 ], [ -99.468484261819867, 21.299607483370568 ], [ -99.467895218320166, 21.299277071864502 ], [ -99.467364425971354, 21.298243703592899 ], [ -99.467658280530955, 21.297664644866465 ], [ -99.46695094845721, 21.296714082416017 ], [ -99.466361700775664, 21.296135576481149 ], [ -99.466243260650117, 21.29535003555376 ], [ -99.466478204720786, 21.294729667188378 ], [ -99.465594712748455, 21.294275385784392 ], [ -99.464711045888549, 21.2936143589511 ], [ -99.464828141270999, 21.292870020352169 ], [ -99.464709856408135, 21.292249870410277 ], [ -99.464414562245523, 21.291174998626346 ], [ -99.46353045087001, 21.290017881370513 ], [ -99.463529955532238, 21.289397564642417 ], [ -99.463647125422682, 21.288735922773455 ], [ -99.463234533613317, 21.288157297491622 ], [ -99.464588390612406, 21.288073784477621 ], [ -99.465825151041102, 21.288527848783623 ], [ -99.46717957337556, 21.288981835449242 ], [ -99.468533892549573, 21.289311766638939 ], [ -99.469829009670249, 21.289269591496371 ], [ -99.470594214961409, 21.289145053754417 ], [ -99.471240542537743, 21.28778014547456 ], [ -99.471710463469165, 21.286663472789968 ], [ -99.472240494552722, 21.286869832655068 ], [ -99.473703994165234, 21.287446854900899 ], [ -99.474125019226008, 21.287612851605697 ], [ -99.475714234052205, 21.287322346067914 ], [ -99.477480130562427, 21.287114400497121 ], [ -99.479069292765985, 21.286782515411158 ], [ -99.480246482519007, 21.286574950279157 ], [ -99.481953330046352, 21.28620160718782 ], [ -99.483718789881593, 21.285580115887587 ], [ -99.485014075899258, 21.285744564941872 ], [ -99.485955772064614, 21.285537132417442 ], [ -99.487073607567282, 21.284874734722493 ], [ -99.488427247874512, 21.284542937183073 ], [ -99.490135687528152, 21.285740737340152 ], [ -99.49107867709094, 21.286773717093382 ], [ -99.493139548207481, 21.287185601602843 ], [ -99.495494243745355, 21.287101051070827 ], [ -99.497965632953381, 21.286065368776384 ], [ -99.499082276761158, 21.284369192704016 ], [ -99.501494680160988, 21.283292159679139 ], [ -99.502023285544752, 21.282216671785754 ], [ -99.502611914743156, 21.282174832591078 ], [ -99.502879693609003, 21.281878677278581 ], [ -99.503023474094448, 21.281719659759204 ], [ -99.503611913565734, 21.281512425205513 ], [ -99.503965445903276, 21.281801563243189 ], [ -99.504319450119823, 21.282504180190145 ], [ -99.50543848013227, 21.283040719036666 ], [ -99.506733644838192, 21.283039643513948 ], [ -99.507439867513824, 21.28287364218367 ], [ -99.507793650601513, 21.283369511644434 ], [ -99.508206207973316, 21.283782633225609 ], [ -99.508795034398744, 21.283906164079688 ], [ -99.509501355695576, 21.283822849948109 ], [ -99.509796133803647, 21.284194722819734 ], [ -99.509855536833172, 21.284649498244129 ], [ -99.509561582668709, 21.284980540271597 ], [ -99.50862007089853, 21.285312147884206 ], [ -99.507679082946211, 21.286098577552917 ], [ -99.507503626957813, 21.287091080839691 ], [ -99.507976170316667, 21.288455153778635 ], [ -99.508271821763415, 21.289571291422682 ], [ -99.507860786577069, 21.290481303772641 ], [ -99.507685183126412, 21.291349763099809 ], [ -99.507803598668801, 21.291928531555833 ], [ -99.508569023395822, 21.292010561098571 ], [ -99.509511354647373, 21.292340519431121 ], [ -99.509865352693765, 21.293001756358123 ], [ -99.513279380727994, 21.292543906734895 ], [ -99.512508221639919, 21.287665544335727 ], [ -99.516215749062809, 21.286628484809285 ], [ -99.524221483994793, 21.286248817975483 ], [ -99.529814199001194, 21.286367371486417 ], [ -99.530873143836388, 21.286035609804959 ], [ -99.535878205904524, 21.28673333915971 ], [ -99.537703655127459, 21.287103571388094 ], [ -99.538763074167704, 21.286937069544095 ], [ -99.541651861093399, 21.289952394737387 ], [ -99.5432393604856, 21.290753807004652 ], [ -99.542530517409716, 21.290835302290692 ], [ -99.542176375621153, 21.29095903332691 ], [ -99.541704325527562, 21.291165499155124 ], [ -99.541232693412113, 21.291496440453983 ], [ -99.540820851539308, 21.292034966578026 ], [ -99.540645663356827, 21.292656975888374 ], [ -99.541616289445983, 21.293660839904472 ], [ -99.542187695058715, 21.294251987356748 ], [ -99.542249165510512, 21.296112569588644 ], [ -99.542603906271054, 21.297187229357935 ], [ -99.54327587429816, 21.297215999331588 ], [ -99.543545935385112, 21.297227561101703 ], [ -99.54407573588658, 21.297185639676307 ], [ -99.544722990116526, 21.296936850234896 ], [ -99.544368176364927, 21.295820847557202 ], [ -99.54483828035427, 21.295200120551819 ], [ -99.54625004013333, 21.294371623311747 ], [ -99.5470731260165, 21.293585111791483 ], [ -99.548368422543902, 21.29366637512938 ], [ -99.549134649985376, 21.294285738849904 ], [ -99.550253517335037, 21.294491227082776 ], [ -99.550782644279991, 21.293994460898055 ], [ -99.550545895802188, 21.293126425139263 ], [ -99.550368381340704, 21.292506408731423 ], [ -99.550485463575484, 21.292051452667913 ], [ -99.55254552668832, 21.291759695195871 ], [ -99.557488576578976, 21.290348196377149 ], [ -99.557134859613313, 21.290017826026236 ], [ -99.560431213488869, 21.289765880655953 ], [ -99.565520606472475, 21.28921359148562 ], [ -99.566730014776098, 21.28908232611845 ], [ -99.567121980318234, 21.289039781504155 ], [ -99.568661718364496, 21.288872646640389 ], [ -99.568907064888606, 21.288846013532837 ], [ -99.574202331094611, 21.286978771536244 ], [ -99.575203435711714, 21.287184243133289 ], [ -99.584042924649211, 21.292630675655623 ], [ -99.589821088653878, 21.297750026953306 ], [ -99.581821518536756, 21.302060824971321 ], [ -99.579471916522195, 21.30533033597418 ], [ -99.581238542701897, 21.305534774591241 ], [ -99.600830421668135, 21.330564488832128 ], [ -99.589834581586516, 21.339758908527362 ], [ -99.587776486600447, 21.341539631913566 ], [ -99.587483024935338, 21.342118889421862 ], [ -99.585895085702532, 21.343361441423244 ], [ -99.584307818510553, 21.345017450405756 ], [ -99.58230597963977, 21.345309532666743 ], [ -99.586009501989196, 21.349006396070106 ], [ -99.589090244195148, 21.352081390936867 ], [ -99.599408449846351, 21.358558537070458 ], [ -99.600289374629654, 21.357151480802191 ], [ -99.60152530463489, 21.356653547077229 ], [ -99.60334762676024, 21.354748957113848 ], [ -99.604347339742716, 21.353920567721122 ], [ -99.604758319541773, 21.353217070490302 ], [ -99.605640376858574, 21.352471538765787 ], [ -99.60705247424896, 21.351725225887233 ], [ -99.607639122996417, 21.350483952107421 ], [ -99.608816000988924, 21.349944705862079 ], [ -99.610052535069116, 21.349818833652687 ], [ -99.611406078467496, 21.349279307209834 ], [ -99.612112798159217, 21.349278251014599 ], [ -99.61287965812646, 21.349938654353704 ], [ -99.634637156735096, 21.340737993278463 ], [ -99.640769720276509, 21.338143986136231 ], [ -99.64124146800188, 21.337944429073115 ], [ -99.637998781358846, 21.336089194586418 ], [ -99.637406515715412, 21.3344362915266 ], [ -99.632802812878126, 21.329234077841939 ], [ -99.633669877008231, 21.32121134923166 ], [ -99.635255740999128, 21.319265460557471 ], [ -99.634429982420841, 21.31856390420235 ], [ -99.633282296734194, 21.318630246035344 ], [ -99.63295812847764, 21.318648983115313 ], [ -99.632368238950576, 21.318112423285662 ], [ -99.633131603672325, 21.317077513908906 ], [ -99.634074272625824, 21.317365416776418 ], [ -99.634486351263774, 21.31732340068022 ], [ -99.635193006940028, 21.317404936284401 ], [ -99.636016986870743, 21.317196865618865 ], [ -99.636899262188322, 21.316740604214676 ], [ -99.63733545882512, 21.316416072745533 ], [ -99.637957494061922, 21.315953272480868 ], [ -99.638781640465353, 21.315869220494374 ], [ -99.6397233747591, 21.315702275764362 ], [ -99.639721659425348, 21.314869595699669 ], [ -99.639718860800556, 21.313510889773273 ], [ -99.640012657829331, 21.31322097384842 ], [ -99.640010782668867, 21.31231134177737 ], [ -99.640465584096617, 21.312287772226124 ], [ -99.64083499281395, 21.312268627142927 ], [ -99.64118646555238, 21.3113997546726 ], [ -99.64029962944133, 21.309623304035771 ], [ -99.640982810977221, 21.307340947527539 ], [ -99.641303879969556, 21.306268303659866 ], [ -99.641352145384602, 21.30610705472743 ], [ -99.641420097633684, 21.306056871703156 ], [ -99.642586646847846, 21.305195360663269 ], [ -99.643996291390067, 21.303580463593285 ], [ -99.645523653453907, 21.3019653564767 ], [ -99.646461726415922, 21.300103152392683 ], [ -99.64869926264214, 21.300264737132196 ], [ -99.649936240988282, 21.300593380518432 ], [ -99.650759653867269, 21.300178514313203 ], [ -99.651287130197701, 21.299061236724249 ], [ -99.651814421935711, 21.297861263748249 ], [ -99.652930069421203, 21.296494883501971 ], [ -99.653812168186334, 21.296038536759447 ], [ -99.654754560253167, 21.296243633097937 ], [ -99.655874017761406, 21.296655149714102 ], [ -99.657110326522542, 21.296652983393269 ], [ -99.660756561772416, 21.294909967486731 ], [ -99.662165817283508, 21.293253577054497 ], [ -99.662342428567882, 21.293253261640036 ], [ -99.663283256444487, 21.292755414338561 ], [ -99.664578125287122, 21.292629048048966 ], [ -99.66575525144377, 21.292502884605859 ], [ -99.666814635293875, 21.292376926471228 ], [ -99.667520333585131, 21.292044869897598 ], [ -99.66816650841821, 21.291423490044671 ], [ -99.668459647537233, 21.290885445474462 ], [ -99.668811095207175, 21.290099212223602 ], [ -99.668809326535921, 21.289313622970589 ], [ -99.668925760507591, 21.288734552877923 ], [ -99.669513420008286, 21.288278662775394 ], [ -99.670749281090238, 21.288111010940963 ], [ -99.670866500203715, 21.288313083703517 ], [ -99.671469893057662, 21.289353256342025 ], [ -99.672522294549083, 21.291167421285458 ], [ -99.673061173281781, 21.295135730301844 ], [ -99.678086279839007, 21.304222665898493 ], [ -99.681091494295387, 21.305333347806446 ], [ -99.693418994221545, 21.314653830544344 ], [ -99.704317098732716, 21.316864673077788 ], [ -99.705252128738209, 21.31405119476301 ], [ -99.705696677133048, 21.313403430898479 ], [ -99.707565307999431, 21.31454583088302 ], [ -99.709611353999435, 21.314872814883049 ], [ -99.710734768999401, 21.315048814883092 ], [ -99.713496784999492, 21.314770476882941 ], [ -99.713971091999483, 21.314285876882931 ], [ -99.714211122999444, 21.314010045882874 ], [ -99.71516867699944, 21.313757984882923 ], [ -99.715575414999535, 21.313757968882889 ], [ -99.718911045999462, 21.313917291882831 ], [ -99.72376401499946, 21.31364436888293 ], [ -99.726264430999507, 21.313503691882893 ], [ -99.728457168999455, 21.313380276882906 ], [ -99.731788184999473, 21.313192753882817 ], [ -99.733816937999478, 21.313078522882815 ], [ -99.737253122999448, 21.312884968882724 ], [ -99.736583030999441, 21.311744691882531 ], [ -99.736008399999406, 21.31095521488249 ], [ -99.735539461999437, 21.310497814882403 ], [ -99.735016830999427, 21.309753614882315 ], [ -99.73487676899947, 21.309484353882205 ], [ -99.734712922999421, 21.309521753882212 ], [ -99.734761368999429, 21.309262537882187 ], [ -99.734250537999458, 21.308280537882087 ], [ -99.733803922999442, 21.303981691881379 ], [ -99.734161153999509, 21.301443922880981 ], [ -99.736448691999414, 21.300234107880868 ], [ -99.750375041650685, 21.292867749121541 ], [ -99.752424737999391, 21.291783399879627 ], [ -99.75549289199941, 21.292147968879597 ], [ -99.756886061999481, 21.292077814879541 ], [ -99.757893568999449, 21.292140368879597 ], [ -99.762997707999475, 21.298173384880545 ], [ -99.765339199999488, 21.301434891881033 ], [ -99.765723476999383, 21.303350414881439 ], [ -99.766906845999515, 21.303458399881396 ], [ -99.767945076999439, 21.304800799881569 ], [ -99.770263599999424, 21.306760399881782 ], [ -99.771193691999471, 21.307451153881967 ], [ -99.772355107999473, 21.308023553882098 ], [ -99.77239396899941, 21.308201891882106 ], [ -99.772445368999485, 21.308596984882126 ], [ -99.772296153999477, 21.308862784882145 ], [ -99.772186276999449, 21.309261368882186 ], [ -99.77529786199942, 21.310893307882498 ], [ -99.776381922999505, 21.311409522882588 ], [ -99.776804614999477, 21.311610814882592 ], [ -99.777227999999511, 21.311812430882725 ], [ -99.77739729199952, 21.311893030882541 ], [ -99.77789292299947, 21.312129045882578 ], [ -99.778946691999437, 21.312630830882764 ], [ -99.778998045999515, 21.312655276882769 ], [ -99.779041568999475, 21.312675984882762 ], [ -99.779426522999529, 21.312723230882746 ], [ -99.779739353999474, 21.312900661882782 ], [ -99.779908045999491, 21.313005768882704 ], [ -99.779934799999481, 21.313028168882841 ], [ -99.780025384999547, 21.313156291882816 ], [ -99.780118907999437, 21.313365722882821 ], [ -99.780602245999461, 21.314289307882948 ], [ -99.780655322999493, 21.314354353882987 ], [ -99.780738784999485, 21.314523061883122 ], [ -99.780794691999489, 21.314690876883084 ], [ -99.78108612299944, 21.315513953883137 ], [ -99.784003091999494, 21.320149568883821 ], [ -99.787790830999455, 21.329621722885374 ], [ -99.784878399999528, 21.327868507885054 ], [ -99.784889768999491, 21.328752799885223 ], [ -99.784907722999463, 21.330148153885371 ], [ -99.784786291999453, 21.331301122885495 ], [ -99.784308091999492, 21.332517707885739 ], [ -99.780898937999439, 21.33764498488646 ], [ -99.777887876999515, 21.342263614887241 ], [ -99.777726577505874, 21.342749522962404 ], [ -99.777565276999482, 21.343235430887322 ], [ -99.777823757735305, 21.343247351040972 ], [ -99.777748830127365, 21.343531078470559 ], [ -99.777632343618549, 21.343986081656631 ], [ -99.777280640358867, 21.344482755966773 ], [ -99.777165111337737, 21.345309902308269 ], [ -99.777285333288432, 21.346302123907861 ], [ -99.777229381612841, 21.3474186345105 ], [ -99.777290773939939, 21.348410936143594 ], [ -99.777115236931337, 21.348783320846326 ], [ -99.776587342656882, 21.349404282834982 ], [ -99.776001142778725, 21.350232069625626 ], [ -99.775473132506789, 21.350811679046039 ], [ -99.774709996153049, 21.351474304091109 ], [ -99.773946852921299, 21.352136925825207 ], [ -99.773537975459192, 21.35329526044649 ], [ -99.773245071450461, 21.353791847600654 ], [ -99.77277523956235, 21.35412327423915 ], [ -99.772245938771562, 21.354206682782468 ], [ -99.771834411913389, 21.35433128168679 ], [ -99.77148192933177, 21.354538499640068 ], [ -99.771365415806528, 21.354993498739631 ], [ -99.771308052019748, 21.355572467112403 ], [ -99.771545075333279, 21.356233741366793 ], [ -99.771546863136848, 21.356936678939388 ], [ -99.771548861427064, 21.357722314980169 ], [ -99.771315304159373, 21.35842556667863 ], [ -99.770846923248214, 21.359335878000351 ], [ -99.770143188378825, 21.36024650078803 ], [ -99.769733632162144, 21.36115673104764 ], [ -99.769147139393169, 21.361901796815619 ], [ -99.76879599298411, 21.362646550055022 ], [ -99.768620522898004, 21.363060275678709 ], [ -99.76874018386448, 21.36384575632685 ], [ -99.769303857821185, 21.365705733610092 ], [ -99.769867546754782, 21.367565708163212 ], [ -99.769868280420184, 21.367855152879947 ], [ -99.769986694584787, 21.36814444117315 ], [ -99.770016534128771, 21.368309798987234 ], [ -99.77004637374597, 21.368475156790804 ], [ -99.770282259889228, 21.36868158994298 ], [ -99.770753088522369, 21.368722312236414 ], [ -99.771282336974025, 21.368597557728652 ], [ -99.771694061776813, 21.368534982982801 ], [ -99.772105786195894, 21.368472407237036 ], [ -99.772694295189964, 21.368512966209881 ], [ -99.773106600538256, 21.36867780860322 ], [ -99.773518906780964, 21.368842649952555 ], [ -99.774107629500563, 21.368965902282664 ], [ -99.77499076843182, 21.369171451434514 ], [ -99.775461865471755, 21.369315533358741 ], [ -99.775932963392634, 21.369459613930228 ], [ -99.776036280915292, 21.369593858205235 ], [ -99.776139598628347, 21.369728102408825 ], [ -99.776346234625692, 21.369996590601556 ], [ -99.776171311015503, 21.370617069173559 ], [ -99.776054641212895, 21.371010046874762 ], [ -99.775937970821062, 21.371403024495461 ], [ -99.775817070356638, 21.371728272341802 ], [ -99.775645786487587, 21.372189059711488 ], [ -99.775471389798582, 21.373016283326635 ], [ -99.775650258972362, 21.373925724041445 ], [ -99.775770074625342, 21.374752546410186 ], [ -99.775771779319626, 21.375414132644448 ], [ -99.775891597152494, 21.376240954723556 ], [ -99.776070473513485, 21.377150394446339 ], [ -99.776092766566947, 21.377238231182854 ], [ -99.776115059648717, 21.377326067914705 ], [ -99.776159645897209, 21.377501741364398 ], [ -99.776248818733976, 21.377853088207658 ], [ -99.775955451537754, 21.378184283366291 ], [ -99.775780944076004, 21.378970157759813 ], [ -99.77569126130517, 21.379644805021151 ], [ -99.775665492822569, 21.379838649896442 ], [ -99.775667091325758, 21.380458886632645 ], [ -99.775315617905775, 21.381079604879169 ], [ -99.774906146962039, 21.38203119541954 ], [ -99.774672465021183, 21.382693101339616 ], [ -99.774556579879146, 21.383396196179966 ], [ -99.774794092171803, 21.38422285829315 ], [ -99.775148981726204, 21.384925312285095 ], [ -99.775916551705109, 21.385916646230267 ], [ -99.776447672966256, 21.386494808296558 ], [ -99.776626246663398, 21.387280198626829 ], [ -99.777098634765238, 21.387899788098721 ], [ -99.776864526422912, 21.388396300342187 ], [ -99.776806854909012, 21.388851220861994 ], [ -99.776925514886372, 21.389223200736311 ], [ -99.777103452497528, 21.389760495797876 ], [ -99.777133894167051, 21.390153271344825 ], [ -99.777164336035284, 21.390546046863019 ], [ -99.777285248332873, 21.391786356305367 ], [ -99.777257055618961, 21.392261910804987 ], [ -99.777228862775843, 21.392737465278547 ], [ -99.776878974247907, 21.393978422161258 ], [ -99.776233328910649, 21.394640895494053 ], [ -99.775763376842036, 21.394972332646635 ], [ -99.775058125064945, 21.395345438862801 ], [ -99.774941807782639, 21.395883136985198 ], [ -99.774885939002473, 21.397040990419161 ], [ -99.774768874493603, 21.397289245100389 ], [ -99.77465180960111, 21.397537499704548 ], [ -99.774476850057496, 21.398157975699199 ], [ -99.774243143049659, 21.398819880593191 ], [ -99.773458716575291, 21.400049651868883 ], [ -99.773514867529443, 21.400463173298913 ], [ -99.773452978484642, 21.400937952363872 ], [ -99.773391089092158, 21.401412731391453 ], [ -99.773207420884589, 21.402527196013942 ], [ -99.772965997058179, 21.403476036603042 ], [ -99.772784459940993, 21.404259970322272 ], [ -99.772367367103953, 21.405083785127452 ], [ -99.772069517215428, 21.405660419020975 ], [ -99.772125666964484, 21.406073940799303 ], [ -99.772652662295656, 21.4064490162881 ], [ -99.773002659169606, 21.406905647036957 ], [ -99.773648105193672, 21.407157487423664 ], [ -99.77453097609957, 21.407080227292152 ], [ -99.775061177615243, 21.406959499718024 ], [ -99.775592176919446, 21.406714821706004 ], [ -99.776062489438104, 21.406758998408421 ], [ -99.778790467686207, 21.412633713611822 ], [ -99.779683651833807, 21.414557073141054 ], [ -99.779775969130014, 21.414755863512273 ], [ -99.779773451659025, 21.415148367348081 ], [ -99.779770934210973, 21.415540871166133 ], [ -99.779764574444343, 21.416532459679473 ], [ -99.779935754402089, 21.417359851396231 ], [ -99.779694883282687, 21.418226067079253 ], [ -99.779454804651564, 21.418968333886195 ], [ -99.77903824121492, 21.419709531641374 ], [ -99.778269502987769, 21.420324641077233 ], [ -99.777558789579842, 21.421064052458838 ], [ -99.776905568656645, 21.422010398878509 ], [ -99.776429889420299, 21.422792549720281 ], [ -99.775896972260455, 21.423326444901193 ], [ -99.775303891119904, 21.424066561853763 ], [ -99.774946921222849, 21.424684159029599 ], [ -99.7747290390964, 21.425254496001497 ], [ -99.774647712743132, 21.425467377957574 ], [ -99.774643184724624, 21.426169752854832 ], [ -99.774992437991131, 21.426750325383811 ], [ -99.775519782422364, 21.427084072312688 ], [ -99.776106757629094, 21.427294226235432 ], [ -99.776869429248151, 21.427629397403969 ], [ -99.778158928165993, 21.428380935515921 ], [ -99.779384044015202, 21.429999745842192 ], [ -99.779202778530802, 21.430742367889593 ], [ -99.779020716104583, 21.431608938086125 ], [ -99.77895843764486, 21.432145691467493 ], [ -99.77913122455584, 21.432725185396837 ], [ -99.780009213863579, 21.433432898009215 ], [ -99.780478289864433, 21.433683640025077 ], [ -99.780653201523251, 21.433932603286717 ], [ -99.780356918154823, 21.434261354158739 ], [ -99.780117613720037, 21.434879672918875 ], [ -99.779818149426731, 21.43570421602654 ], [ -99.7793967745815, 21.437189104227119 ], [ -99.778979367221822, 21.438054250080945 ], [ -99.77944686719357, 21.438552890941711 ], [ -99.77968088320975, 21.438760894756552 ], [ -99.77956135888644, 21.439049395645167 ], [ -99.777191220916023, 21.441638058678908 ], [ -99.776544021507831, 21.441634134262717 ], [ -99.776249839941528, 21.44163234960963 ], [ -99.776247979505015, 21.441921562225982 ], [ -99.777063192217966, 21.44324867242111 ], [ -99.778043527058159, 21.446353437500527 ], [ -99.778041139954269, 21.446725281973574 ], [ -99.777861972121414, 21.447137373527926 ], [ -99.776911262029316, 21.448577731193936 ], [ -99.775531904026252, 21.452618495342982 ], [ -99.775412095165535, 21.452948309423704 ], [ -99.775114166771758, 21.453524948034065 ], [ -99.774758193062979, 21.45397728068308 ], [ -99.774874013161877, 21.454267207619878 ], [ -99.77475313720123, 21.454762285394061 ], [ -99.77474994407207, 21.455258077806203 ], [ -99.774688175089807, 21.455712196808886 ], [ -99.774802666186048, 21.456208703840897 ], [ -99.774799473361142, 21.456704496164857 ], [ -99.774915827945762, 21.456911790864329 ], [ -99.775090227462783, 21.457243390744413 ], [ -99.775381781438398, 21.457658336668981 ], [ -99.775732711592127, 21.45799100696421 ], [ -99.77637732718506, 21.458408092405733 ], [ -99.776728526887041, 21.458699444457743 ], [ -99.777020884707269, 21.458990439230774 ], [ -99.777135917365882, 21.459404312164814 ], [ -99.777016637971428, 21.459651495195349 ], [ -99.776720561768713, 21.45993892445291 ], [ -99.776248218711842, 21.460183967035533 ], [ -99.775952937054811, 21.460347446993023 ], [ -99.775598013396433, 21.460634517479271 ], [ -99.775184510201541, 21.460879914129617 ], [ -99.774977093120029, 21.461105902093227 ], [ -99.774769675402055, 21.461331889812836 ], [ -99.774355636515537, 21.461659916506374 ], [ -99.773940530697871, 21.46215320624108 ], [ -99.773643910696109, 21.462523262314324 ], [ -99.773464712565541, 21.462935349344001 ], [ -99.773283914814314, 21.463595332212872 ], [ -99.77310258255838, 21.464337946885014 ], [ -99.77286506831625, 21.464667043475739 ], [ -99.772510394862493, 21.464912791757769 ], [ -99.772272078238046, 21.465365835557787 ], [ -99.772033760176427, 21.465818879038114 ], [ -99.77209020542044, 21.466191081194385 ], [ -99.772263810295172, 21.466646631502297 ], [ -99.772555376058122, 21.467061581569101 ], [ -99.772847743095411, 21.467352583095291 ], [ -99.773491860255618, 21.467852310161717 ], [ -99.773842811461023, 21.468184983414176 ], [ -99.774016424297244, 21.468640531560073 ], [ -99.774132255531129, 21.468930458201765 ], [ -99.774071278840921, 21.469260628562438 ], [ -99.7739514543415, 21.469590441455271 ], [ -99.774007906216326, 21.469962642607882 ], [ -99.774243829286334, 21.469881440218256 ], [ -99.774539929914567, 21.469594014931705 ], [ -99.775129734812609, 21.469391006528291 ], [ -99.775601577509661, 21.469228598339612 ], [ -99.776425706551564, 21.469192276602364 ], [ -99.776719147143652, 21.469318007124315 ], [ -99.776835780418438, 21.469483983844505 ], [ -99.776893035658048, 21.469732235964326 ], [ -99.776714369509378, 21.470061694218316 ], [ -99.77671383866614, 21.47014432611379 ], [ -99.776416413850356, 21.470638334874263 ], [ -99.77600129075114, 21.471131629756769 ], [ -99.775525987798119, 21.471831146542936 ], [ -99.775287404320821, 21.472325510273873 ], [ -99.774930589779586, 21.472901791484308 ], [ -99.77457377248264, 21.473478071978512 ], [ -99.774334385068428, 21.474096382266989 ], [ -99.774036412234679, 21.474673018935295 ], [ -99.773680652229103, 21.475084033859169 ], [ -99.773383740178332, 21.475495405656002 ], [ -99.773661217516292, 21.478100097280432 ], [ -99.772546513767367, 21.477556194776962 ], [ -99.773712082513754, 21.479339932519881 ], [ -99.773651899975349, 21.479546154710146 ], [ -99.773650036503867, 21.47983536616692 ], [ -99.773884378648503, 21.480002059412218 ], [ -99.774116858806892, 21.480457963722902 ], [ -99.774407660583307, 21.480996856627609 ], [ -99.774277187651251, 21.48297930581321 ], [ -99.774388244243795, 21.484012917591304 ], [ -99.774209822066894, 21.484301057408739 ], [ -99.773796783242844, 21.484463820222764 ], [ -99.773266568814876, 21.484543235258496 ], [ -99.77302902373998, 21.484872332267063 ], [ -99.772966440990714, 21.485450397274047 ], [ -99.772727561714333, 21.485986073378729 ], [ -99.772664178143003, 21.486688085933238 ], [ -99.772837012123148, 21.487267581429258 ], [ -99.773129687715851, 21.487517264649053 ], [ -99.773716106396463, 21.487851365910988 ], [ -99.774361648682984, 21.48814450623615 ], [ -99.774773102113897, 21.488229637046931 ], [ -99.77500639621519, 21.488561591590845 ], [ -99.774944883308464, 21.488974393425718 ], [ -99.774823717178791, 21.489510785935892 ], [ -99.774701752731019, 21.490171125944908 ], [ -99.774463138673255, 21.490665488407458 ], [ -99.774282847394076, 21.491242839356225 ], [ -99.774691917151245, 21.491699812790394 ], [ -99.775042930016539, 21.492032480780413 ], [ -99.775216577369335, 21.492488025427757 ], [ -99.775330572018376, 21.493067160705024 ], [ -99.775679465452228, 21.493730353885933 ], [ -99.776148200275784, 21.494063732308923 ], [ -99.776617467730517, 21.494314477677637 ], [ -99.777440412221253, 21.494484725911253 ], [ -99.777805036133984, 21.494732896723871 ], [ -99.777631454850692, 21.495808306900923 ], [ -99.777458499567558, 21.497090441088879 ], [ -99.777048983533831, 21.49812509716342 ], [ -99.77646273277054, 21.499201539948221 ], [ -99.775935676082213, 21.500360523101897 ], [ -99.775173426661226, 21.501726817686595 ], [ -99.774467618999012, 21.502266065092577 ], [ -99.773527489319775, 21.503302034414759 ], [ -99.772763585323588, 21.504130835524389 ], [ -99.772178646744777, 21.505662057601732 ], [ -99.771709495711661, 21.506490123238766 ], [ -99.77041472359214, 21.507237537487956 ], [ -99.769472186880748, 21.507487932663444 ], [ -99.768117576849079, 21.507946060658981 ], [ -99.767175891328179, 21.508485857323201 ], [ -99.766117390701496, 21.509398041023129 ], [ -99.765530036405352, 21.510143688592443 ], [ -99.763942003111723, 21.511429257000241 ], [ -99.763413342896001, 21.512092064384014 ], [ -99.762472828793435, 21.513045284654225 ], [ -99.76129501650351, 21.513502930652198 ], [ -99.760115917224269, 21.513547277152387 ], [ -99.758759743238087, 21.513467880666756 ], [ -99.757758647506677, 21.513883541267131 ], [ -99.75687752252469, 21.515001969865025 ], [ -99.756584530926162, 21.515622848118422 ], [ -99.756528091228503, 21.516491232762522 ], [ -99.756412212239937, 21.517194378271547 ], [ -99.756237972297157, 21.518104389046034 ], [ -99.755829208723441, 21.519469756198642 ], [ -99.755537281608341, 21.520462737096732 ], [ -99.755009029335724, 21.521290898976396 ], [ -99.754067327902689, 21.521871969738886 ], [ -99.753125261754619, 21.522329000525637 ], [ -99.752359123039838, 21.522454848574618 ], [ -99.751711380035943, 21.522745794788662 ], [ -99.749237361638521, 21.523578518880434 ], [ -99.750905820665579, 21.529693691646823 ], [ -99.753270583285229, 21.53183805345839 ], [ -99.753393759095445, 21.533656949177928 ], [ -99.752982428379923, 21.534154066239832 ], [ -99.752511652770977, 21.53448594232049 ], [ -99.751921991951519, 21.534487336652564 ], [ -99.752761367155017, 21.539322719151844 ], [ -99.752112384157329, 21.539200235571812 ], [ -99.751817604981454, 21.539200932425842 ], [ -99.751463915765839, 21.539243113013868 ], [ -99.751287842592859, 21.539532944744916 ], [ -99.751348354040346, 21.54007028896979 ], [ -99.751643789790876, 21.540276317112614 ], [ -99.75230860154916, 21.540299308012667 ], [ -99.752881572110724, 21.54010801890702 ], [ -99.753719267219637, 21.544281878707025 ], [ -99.753131594597548, 21.544986140688902 ], [ -99.750664869014159, 21.55947349955623 ], [ -99.750086764039935, 21.562868392063475 ], [ -99.74744758194376, 21.578365005566742 ], [ -99.71364349494938, 21.572582074501902 ], [ -99.713439316168717, 21.572547121108279 ], [ -99.70906832094937, 21.57203853951362 ], [ -99.706557165073647, 21.570948549038789 ], [ -99.704921312968722, 21.568908703740863 ], [ -99.699560465730443, 21.571711106133726 ], [ -99.698627985128425, 21.572198535423187 ], [ -99.682858523053227, 21.571433505141652 ], [ -99.672949946565069, 21.569481888072048 ], [ -99.666793560700228, 21.576987026597557 ], [ -99.665923179294509, 21.575284540554151 ], [ -99.660127931857062, 21.569485974065202 ], [ -99.659271314102583, 21.566337177900138 ], [ -99.654905619481568, 21.560749230740125 ], [ -99.654717734779396, 21.560508731894011 ], [ -99.649824584907719, 21.553147878708184 ], [ -99.646575745244604, 21.546876921237573 ], [ -99.64381388813338, 21.545321668496566 ], [ -99.639822879451927, 21.53639864578518 ], [ -99.637494573898053, 21.532781100633166 ], [ -99.633629886186824, 21.526422778232529 ], [ -99.631842409211103, 21.523481727146049 ], [ -99.623396169219674, 21.513409593843225 ], [ -99.621521259034822, 21.511173486424411 ], [ -99.606431408259269, 21.493173307700555 ], [ -99.603430423574594, 21.492133483978005 ], [ -99.602281345424743, 21.491280484032512 ], [ -99.601348723506263, 21.490031586163134 ], [ -99.600227577123562, 21.489937986898099 ], [ -99.599180952330244, 21.488274695891533 ], [ -99.59745307157155, 21.483835845692006 ], [ -99.581987520462022, 21.476318555934949 ], [ -99.577060545164869, 21.473923248352332 ], [ -99.57355141601407, 21.46634355909514 ], [ -99.572088617377332, 21.464660655873118 ], [ -99.56540274469161, 21.456968101296624 ], [ -99.564368772774216, 21.456216304379474 ], [ -99.562678350605751, 21.45498717414927 ], [ -99.557909396220793, 21.451519392174788 ], [ -99.553377073312461, 21.451122247527504 ], [ -99.545521098000691, 21.44609870673953 ], [ -99.540677879844026, 21.443505644438712 ], [ -99.529515724809087, 21.437702631069811 ], [ -99.523963715865747, 21.434200283071263 ], [ -99.526289647744136, 21.428234202996812 ], [ -99.52310765792248, 21.428237342702889 ], [ -99.522606523175753, 21.428031095691146 ], [ -99.522105389808743, 21.427824847146304 ], [ -99.520631302851925, 21.427082022482796 ], [ -99.517270906452083, 21.425762110949986 ], [ -99.515207720789363, 21.425102485866091 ], [ -99.514146114125808, 21.424317871506325 ], [ -99.513261442109126, 21.423657129633799 ], [ -99.511492171837958, 21.422376978478493 ], [ -99.508779573465674, 21.420601483106161 ], [ -99.50742346960692, 21.419858433784675 ], [ -99.502766877972206, 21.418373974014131 ], [ -99.499526728385092, 21.418872879814376 ], [ -99.496227861434377, 21.419578508130204 ], [ -99.492398834556369, 21.420449882784808 ], [ -99.489335894085528, 21.421444621141113 ], [ -99.488040839705391, 21.422644694308179 ], [ -99.487336000890011, 21.424795298554837 ], [ -99.486983703341508, 21.425994641593206 ], [ -99.486219950836727, 21.428186633104172 ], [ -99.485573816235089, 21.430171795501668 ], [ -99.484456413362793, 21.432322697430337 ], [ -99.48304298932355, 21.433150694856934 ], [ -99.481746572044131, 21.433151647388446 ] ] ] ] } },
{ "type": "Feature", "properties": { "CVE_PAIS": "MX", "NOM_PAIS": "MEXICO", "CVE_ENT": "22", "NOM_ENT": "QUERETARO", "CU_MUN": "22004", "NOM_MUN": "CADEREYTA DE MONTES" }, "geometry": { "type": "MultiPolygon", "coordinates": [ [ [ [ -99.846002139144986, 20.654079792294809 ], [ -99.849808696343999, 20.654792764983682 ], [ -99.853615268572028, 20.655505667990095 ], [ -99.853108284834107, 20.665291277389784 ], [ -99.853069347237138, 20.666042803692811 ], [ -99.853049306184502, 20.66642960999086 ], [ -99.853101489148727, 20.668250625095173 ], [ -99.853037774486396, 20.66969890152431 ], [ -99.851026989697445, 20.67482554964678 ], [ -99.852835121333641, 20.675599348247129 ], [ -99.857932525217166, 20.677780659910905 ], [ -99.857578987481276, 20.678317791468984 ], [ -99.855291898616585, 20.678684686539217 ], [ -99.856690850938605, 20.680881413515284 ], [ -99.858332248992184, 20.680802636706897 ], [ -99.858330371655299, 20.681340619997204 ], [ -99.859383782797607, 20.681798384901327 ], [ -99.860554997734468, 20.682090891915792 ], [ -99.860960534535764, 20.683457527230448 ], [ -99.857972059345329, 20.683243402153511 ], [ -99.85766440174892, 20.687422407518021 ], [ -99.856901995041483, 20.687544711048702 ], [ -99.85648460476051, 20.689571497669291 ], [ -99.857069443773227, 20.689945369111783 ], [ -99.8561206029419, 20.693088224230411 ], [ -99.865262755249503, 20.693648169933756 ], [ -99.865728122849532, 20.694683863242215 ], [ -99.86150146252497, 20.696494661538619 ], [ -99.860784566226528, 20.700382997729502 ], [ -99.861428649557737, 20.700591459890244 ], [ -99.861120783950113, 20.704853227389915 ], [ -99.864106120936242, 20.706101861335966 ], [ -99.864923246712294, 20.707138390564982 ], [ -99.865975578631407, 20.707968555047479 ], [ -99.866971285711244, 20.708219210428265 ], [ -99.867963316318566, 20.709545820889328 ], [ -99.861929149188498, 20.70841414559623 ], [ -99.855419352710356, 20.710425955648354 ], [ -99.854886902171089, 20.710590492895239 ], [ -99.854532411107357, 20.711375918540806 ], [ -99.850544324011594, 20.711862771564245 ], [ -99.842928996350551, 20.710271317108074 ], [ -99.84397345378305, 20.711785850649193 ], [ -99.843996722595151, 20.711819592789556 ], [ -99.844387009049129, 20.712385524807839 ], [ -99.844444892707841, 20.712592587390052 ], [ -99.844850083008893, 20.714042024630754 ], [ -99.849403669059896, 20.719433148534684 ], [ -99.849872835223522, 20.719392935837682 ], [ -99.86630507054835, 20.726418029985837 ], [ -99.867200797332359, 20.726800905452279 ], [ -99.865738675928824, 20.742854193195768 ], [ -99.859337322688148, 20.745777183419623 ], [ -99.857577675487079, 20.745938490238416 ], [ -99.850937251247188, 20.750060721326257 ], [ -99.84512668905667, 20.75157760673207 ], [ -99.844809920340595, 20.758198175511712 ], [ -99.844514358395841, 20.758859577919718 ], [ -99.843986442460007, 20.758899651364562 ], [ -99.843863405047713, 20.760513300343288 ], [ -99.845327678175693, 20.761013531516792 ], [ -99.845675263754828, 20.762214510565062 ], [ -99.849370159731535, 20.762099455802129 ], [ -99.850598729740128, 20.762930129853164 ], [ -99.851887263943794, 20.763388490464806 ], [ -99.856818567507517, 20.761869249670152 ], [ -99.859755103837998, 20.76059341282048 ], [ -99.862576587402458, 20.758655122052208 ], [ -99.864036919317314, 20.760313913785112 ], [ -99.865028715545591, 20.761806053693665 ], [ -99.867194649633547, 20.762928497648549 ], [ -99.870534308860869, 20.763805349521206 ], [ -99.873919302313112, 20.763246740278312 ], [ -99.872654476221669, 20.764655346913258 ], [ -99.866350281229614, 20.771675661616356 ], [ -99.86247331474253, 20.781488706394939 ], [ -99.862174896019297, 20.782272159655875 ], [ -99.861816000477134, 20.783344530926211 ], [ -99.861635070913266, 20.784128643771702 ], [ -99.860981932219318, 20.785282004149636 ], [ -99.860566989385433, 20.785899508778897 ], [ -99.860092800237908, 20.786599324182649 ], [ -99.858795128564196, 20.787459788097063 ], [ -99.833120891308496, 20.787437083657643 ], [ -99.831618559147117, 20.788513460251632 ], [ -99.82373757514614, 20.7941594939537 ], [ -99.82314748225059, 20.794569276482452 ], [ -99.822379842157133, 20.795184633869528 ], [ -99.816941481793165, 20.80044209357234 ], [ -99.816355228640731, 20.800232031030202 ], [ -99.815708668274993, 20.800269549786762 ], [ -99.815178839392019, 20.800431722746247 ], [ -99.814059385275627, 20.800921003644632 ], [ -99.813470018269044, 20.801206789690447 ], [ -99.812761319860229, 20.801781130999743 ], [ -99.81217038709616, 20.802314842020362 ], [ -99.811640286840202, 20.802518325922442 ], [ -99.810640139623544, 20.802719028699578 ], [ -99.809700048556365, 20.802713465775923 ], [ -99.808995762691964, 20.802585325500385 ], [ -99.808055933274588, 20.802538431961736 ], [ -99.807350865501903, 20.802534249600694 ], [ -99.806527763323501, 20.802612009686055 ], [ -99.806291955837196, 20.802734578557548 ], [ -99.806171828303874, 20.803147096358177 ], [ -99.805993205743434, 20.803517943398646 ], [ -99.805578510532072, 20.804052679808212 ], [ -99.805166431109583, 20.80417419940823 ], [ -99.805220474101276, 20.804918337320331 ], [ -99.805099294607118, 20.805496140748851 ], [ -99.80480236703157, 20.805990252572556 ], [ -99.804387136953366, 20.806607629473586 ], [ -99.804091253524675, 20.806936453818199 ], [ -99.80356086329661, 20.807181235114136 ], [ -99.803088704084743, 20.807509008053209 ], [ -99.802911906303692, 20.807590600995905 ], [ -99.801733862572888, 20.808038132373788 ], [ -99.801788153589129, 20.808740949948572 ], [ -99.801257753176216, 20.808985724397935 ], [ -99.800933925537208, 20.809087099471746 ], [ -99.800610097445173, 20.809188473947017 ], [ -99.799608836228231, 20.809554400581344 ], [ -99.799250489996368, 20.810461368215968 ], [ -99.798834171095592, 20.811244018896083 ], [ -99.79841758436406, 20.812067990234446 ], [ -99.798178591027352, 20.812686407716164 ], [ -99.79764447698966, 20.81350967393271 ], [ -99.79822680342545, 20.814339623162017 ], [ -99.79857699312592, 20.814713626854033 ], [ -99.799337455306485, 20.815255375229512 ], [ -99.800216497093672, 20.815632535638418 ], [ -99.803858409727326, 20.825117232501711 ], [ -99.803678184935677, 20.82573600620778 ], [ -99.805576095219678, 20.832276324395988 ], [ -99.807166203718012, 20.831748558083206 ], [ -99.80787375558269, 20.831380843787205 ], [ -99.808866797215686, 20.832337151527927 ], [ -99.809688235866133, 20.832548625172279 ], [ -99.81056558231073, 20.833214977501399 ], [ -99.811563330602311, 20.833427483272626 ], [ -99.812853881682514, 20.833807000784933 ], [ -99.813436631015833, 20.834595569731661 ], [ -99.814606292590938, 20.835511558969447 ], [ -99.815541928466871, 20.836260872747545 ], [ -99.816537376445737, 20.836845240719956 ], [ -99.817708622874207, 20.837513279335411 ], [ -99.818351987173955, 20.83801292524911 ], [ -99.820280303254663, 20.839801096626378 ], [ -99.820632923065105, 20.839803158697386 ], [ -99.822388315945389, 20.841053096794685 ], [ -99.818232079014393, 20.847805730673933 ], [ -99.817579122139122, 20.84883497390388 ], [ -99.817104027659809, 20.849617321302308 ], [ -99.816748026545056, 20.850152429440655 ], [ -99.81633195656589, 20.850893798369402 ], [ -99.816092723421292, 20.851553558955189 ], [ -99.815441547082997, 20.852293545611012 ], [ -99.814791140914622, 20.852909566078996 ], [ -99.81425776223621, 20.853608918080237 ], [ -99.814020070285963, 20.854020748283148 ], [ -99.813663011736963, 20.85472113558464 ], [ -99.813424798127841, 20.855215607591379 ], [ -99.813126769730786, 20.855875018450764 ], [ -99.812652927945706, 20.856450747920093 ], [ -99.812181158689526, 20.856695905860885 ], [ -99.810048554742934, 20.859327988953318 ], [ -99.806854468413931, 20.862490962157409 ], [ -99.805960771275153, 20.864386518924722 ], [ -99.809652697889803, 20.866330140447531 ], [ -99.824299583477213, 20.874039718313181 ], [ -99.838718131492882, 20.871395721535553 ], [ -99.843829927530493, 20.871796849321932 ], [ -99.846713280991551, 20.874296027207631 ], [ -99.861491652001163, 20.887103220868688 ], [ -99.881436210863114, 20.904775454042046 ], [ -99.874672170273101, 20.905192833858315 ], [ -99.869674609669175, 20.905165206193825 ], [ -99.873918665158158, 20.923411620714536 ], [ -99.863921596207433, 20.923480179148633 ], [ -99.832223865298005, 20.923837810408916 ], [ -99.805361409925553, 20.919358876830703 ], [ -99.790105820058912, 20.916813210508376 ], [ -99.796059984183685, 20.923667107246583 ], [ -99.795797113645278, 20.92800441661754 ], [ -99.80179771264828, 20.93692448183117 ], [ -99.806249888532818, 20.949016993013064 ], [ -99.798942160116042, 20.951329082349265 ], [ -99.796993686124068, 20.952515840168491 ], [ -99.789159477314584, 20.95432851396572 ], [ -99.768535300459675, 20.951352304320775 ], [ -99.749696236870122, 20.948631404028646 ], [ -99.741061356563151, 20.947069536692382 ], [ -99.741115290501085, 20.947772057825876 ], [ -99.741111561263892, 20.948309121793795 ], [ -99.740752945148344, 20.949134004742863 ], [ -99.740278707838058, 20.949669241900999 ], [ -99.74003512722696, 20.950866393706232 ], [ -99.739794702238711, 20.951609106474116 ], [ -99.739553987728954, 20.952393131511986 ], [ -99.739080598325032, 20.952804427756302 ], [ -99.73890128016491, 20.953216867294529 ], [ -99.739192193121426, 20.953672449934697 ], [ -99.739129355069139, 20.954250597538007 ], [ -99.739008850785424, 20.954663265920946 ], [ -99.73906220598596, 20.955448433981157 ], [ -99.73935053836243, 20.956275829360855 ], [ -99.739639735655729, 20.956979286339969 ], [ -99.739929797104637, 20.957558804965196 ], [ -99.740040539985841, 20.958550763567853 ], [ -99.740212110972081, 20.959253762331162 ], [ -99.740148414117357, 20.959955847576254 ], [ -99.740201491039798, 20.960782327122079 ], [ -99.740253707697875, 20.961732744215738 ], [ -99.740191732454591, 20.962186953992553 ], [ -99.73995100496694, 20.96297097906773 ], [ -99.739593498838119, 20.963630609205044 ], [ -99.739353053374174, 20.964373320918511 ], [ -99.738932699368561, 20.965611096801055 ], [ -99.736937150535525, 20.964983620750566 ], [ -99.73605831724241, 20.964484426666857 ], [ -99.735590069719606, 20.964152087772153 ], [ -99.735296551024959, 20.964068312996197 ], [ -99.735181219954143, 20.96373735239429 ], [ -99.735182661849635, 20.963530789508443 ], [ -99.735360848347767, 20.963283604022038 ], [ -99.735714625474245, 20.963161045713104 ], [ -99.736010159680262, 20.962955631802821 ], [ -99.736305981148206, 20.962708904824876 ], [ -99.736485316953861, 20.962296467925132 ], [ -99.736135288189686, 20.961881964251635 ], [ -99.735726155099883, 20.961508542517613 ], [ -99.735317024039617, 20.961135119725409 ], [ -99.734848211778939, 20.960885403493634 ], [ -99.734142686765182, 20.96084132741219 ], [ -99.732199385519507, 20.96116421361759 ], [ -99.730676490949179, 20.96024932105658 ], [ -99.730272591199224, 20.959132258314344 ], [ -99.730277517156168, 20.958429943577023 ], [ -99.730223046992634, 20.957810022266578 ], [ -99.730404132724743, 20.957149715382862 ], [ -99.730583768492551, 20.956695971503024 ], [ -99.730763692862681, 20.956200914801194 ], [ -99.730826274090859, 20.955664082081466 ], [ -99.730476276571778, 20.955249565556393 ], [ -99.729889859461679, 20.954999371214068 ], [ -99.729302864132748, 20.954831800104195 ], [ -99.729130479156112, 20.954252726331898 ], [ -99.729194226036839, 20.953550643290761 ], [ -99.729197417113426, 20.953096203982362 ], [ -99.729434706620964, 20.9528079439986 ], [ -99.729614340598417, 20.952354200977009 ], [ -99.729499321762219, 20.951981922779698 ], [ -99.729384593581685, 20.951568331800519 ], [ -99.729211342119399, 20.9511131958158 ], [ -99.729097195753781, 20.950616979203026 ], [ -99.728983050192682, 20.950120762463129 ], [ -99.728871517372966, 20.949252731431883 ], [ -99.726401357613156, 20.949242954239104 ], [ -99.725812933153847, 20.949281933767196 ], [ -99.7253986191199, 20.949652113699681 ], [ -99.725043699224827, 20.949939900942045 ], [ -99.724395583577845, 20.950102580114947 ], [ -99.723925074013394, 20.950100708280509 ], [ -99.723573066815518, 20.949975365406154 ], [ -99.723398084430357, 20.949768099178009 ], [ -99.721807780588804, 20.950092268959633 ], [ -99.721102015974466, 20.950089450010498 ], [ -99.720631506192902, 20.950087569088179 ], [ -99.719692242925532, 20.94983592690792 ], [ -99.711874741143561, 20.965627683044175 ], [ -99.704460760622965, 20.965969343421087 ], [ -99.698986314011279, 20.966525259166211 ], [ -99.694169247317703, 20.981874149750091 ], [ -99.692532090326452, 20.988944701971501 ], [ -99.692286526991623, 20.990005185524179 ], [ -99.687238631237733, 20.988414195788533 ], [ -99.686822003992631, 20.989073475265243 ], [ -99.681029727848028, 20.984711135108796 ], [ -99.674223756966825, 20.994165131697358 ], [ -99.673639662296836, 20.994976415480277 ], [ -99.667229143586383, 21.003879670688626 ], [ -99.661573611849562, 20.997534063376339 ], [ -99.649695758753708, 20.984204477511831 ], [ -99.644200049958144, 20.97803596271384 ], [ -99.651201580518219, 20.979694595990654 ], [ -99.65429873253818, 20.978718327587071 ], [ -99.65481308333591, 20.978556189928483 ], [ -99.673804558898425, 20.972568226625821 ], [ -99.67329388493188, 20.969706444596476 ], [ -99.673221015335983, 20.969379378872159 ], [ -99.673221711613607, 20.968590012822673 ], [ -99.673281181184407, 20.967883702314186 ], [ -99.673340430534978, 20.967426665274871 ], [ -99.673517408396762, 20.966928011366306 ], [ -99.673812076948991, 20.966429285839933 ], [ -99.674047861428249, 20.965972141243331 ], [ -99.674224798960395, 20.96551503221675 ], [ -99.674284263036483, 20.964808721265609 ], [ -99.673931592755935, 20.964351934632628 ], [ -99.673873295263732, 20.963728786369469 ], [ -99.673756519209448, 20.962690217651339 ], [ -99.67363934250487, 20.962108650425542 ], [ -99.673405175325684, 20.960737787442323 ], [ -99.673052517582946, 20.960280998443441 ], [ -99.672758852738525, 20.959657990819352 ], [ -99.672523922660019, 20.959159584276009 ], [ -99.672642309731614, 20.95837014673258 ], [ -99.672289955994231, 20.957580990675872 ], [ -99.671937309260315, 20.957124198910737 ], [ -99.671643841464046, 20.956293460576134 ], [ -99.671585892449812, 20.955296399676559 ], [ -99.671645366375415, 20.954590088578808 ], [ -99.671469438486355, 20.953925462437255 ], [ -99.671293736088188, 20.953011561987871 ], [ -99.670764656825881, 20.952471779903302 ], [ -99.670471055110454, 20.951807221420555 ], [ -99.670295060798594, 20.951225685002093 ], [ -99.670178020597618, 20.950519476940514 ], [ -99.670355066056274, 20.94993773419737 ], [ -99.670473195810374, 20.949439117076576 ], [ -99.671121437639428, 20.948317003633413 ], [ -99.671838693372237, 20.947726158580465 ], [ -99.672181316162806, 20.947443917692926 ], [ -99.672828724307251, 20.947235803292969 ], [ -99.67371152058233, 20.946985998963186 ], [ -99.674417616708638, 20.946944025845358 ], [ -99.675359137855793, 20.946818814369774 ], [ -99.675771330539149, 20.946444650380581 ], [ -99.676066097682892, 20.945779738369815 ], [ -99.676595853381926, 20.945530136852575 ], [ -99.677773390282312, 20.944615398637158 ], [ -99.678479544452458, 20.944490317706205 ], [ -99.679597698263407, 20.944198789260174 ], [ -99.680185865985038, 20.944239947095696 ], [ -99.681461996293521, 20.943114931936879 ], [ -99.68142424468391, 20.941081693384795 ], [ -99.670592386648707, 20.94092590894444 ], [ -99.667954330703822, 20.937267674951119 ], [ -99.662489016206578, 20.93070645358873 ], [ -99.651097502545852, 20.90960681949716 ], [ -99.649863441226969, 20.90842332659382 ], [ -99.64862939928328, 20.907239824106071 ], [ -99.639684312717719, 20.910650377579216 ], [ -99.608039914050181, 20.908333452388639 ], [ -99.605268763147336, 20.907056058606003 ], [ -99.602268237728424, 20.905672855920546 ], [ -99.6011030817792, 20.905135713055117 ], [ -99.594576052236391, 20.903516394279087 ], [ -99.592663103568199, 20.904937137232295 ], [ -99.592811001008172, 20.903516600371333 ], [ -99.592811772283653, 20.902976496625836 ], [ -99.592871365369788, 20.902436385657726 ], [ -99.592989661055228, 20.901979360314929 ], [ -99.593108133838868, 20.901397695536783 ], [ -99.593108365753679, 20.901235135651252 ], [ -99.593108882370771, 20.900940689261358 ], [ -99.592932803243173, 20.900400588365017 ], [ -99.592874456918636, 20.900068223905908 ], [ -99.593404081416566, 20.899901972677998 ], [ -99.593815945106016, 20.899818827774617 ], [ -99.594051641220446, 20.899527972457992 ], [ -99.59411116985784, 20.8990294074346 ], [ -99.594111582874476, 20.898738582250193 ], [ -99.59364172980986, 20.898240084807256 ], [ -99.593054121348871, 20.89782469337754 ], [ -99.592643272674849, 20.897201546345421 ], [ -99.592761684210643, 20.896661428017612 ], [ -99.592742050983361, 20.896478752307967 ], [ -99.592703636973567, 20.896121330929056 ], [ -99.592763228434862, 20.895581219623821 ], [ -99.592822641369992, 20.895165747717719 ], [ -99.592764416427187, 20.89475028999798 ], [ -99.592177024791482, 20.894667299685686 ], [ -99.591530018918888, 20.894667374239269 ], [ -99.591059708637388, 20.894501240943185 ], [ -99.590059911660063, 20.894418255565249 ], [ -99.589706758860203, 20.894584478163626 ], [ -99.589412122424108, 20.894958426637427 ], [ -99.588999665239484, 20.895457025776683 ], [ -99.588705388443898, 20.895581694052673 ], [ -99.588234896257816, 20.895540192520155 ], [ -99.587882103190069, 20.895457132379224 ], [ -99.587646644531034, 20.895581793424782 ], [ -99.587410515947766, 20.896163465771807 ], [ -99.58711574885389, 20.896620503446105 ], [ -99.586703706917334, 20.896828271664702 ], [ -99.586542300497143, 20.896885259509226 ], [ -99.586350605819121, 20.896952940991689 ], [ -99.586191985274411, 20.896915594663451 ], [ -99.585997810361107, 20.896869877029008 ], [ -99.584912621717379, 20.896078240651949 ], [ -99.585414712070389, 20.893421562116142 ], [ -99.585423868643943, 20.887231126150571 ], [ -99.585273460127539, 20.886200829621721 ], [ -99.585132744182758, 20.885236912943281 ], [ -99.582723689409278, 20.883658304839024 ], [ -99.581840784356601, 20.884115368225828 ], [ -99.580076469097875, 20.884032362970046 ], [ -99.57978371974535, 20.883159896900633 ], [ -99.57831367824312, 20.882952220426155 ], [ -99.577902550450219, 20.882578314323453 ], [ -99.577431846234731, 20.882702968522615 ], [ -99.575903510786489, 20.882162899657878 ], [ -99.575432741805557, 20.882329095018935 ], [ -99.575197807163278, 20.882121365663117 ], [ -99.574139155392956, 20.882121379181285 ], [ -99.573785559634317, 20.882578395482817 ], [ -99.571844169709848, 20.882910772721171 ], [ -99.571313860066923, 20.883533970031031 ], [ -99.570667293149441, 20.883284684481463 ], [ -99.569137324836973, 20.883783221842638 ], [ -99.568313257178829, 20.884198670792777 ], [ -99.567605899657394, 20.885112564991115 ], [ -99.56631408588909, 20.883866237394987 ], [ -99.564668281051496, 20.88324296987135 ], [ -99.56219861415542, 20.882910465759792 ], [ -99.561199246357518, 20.882619575699941 ], [ -99.560494842017121, 20.881788592953995 ], [ -99.558377538256806, 20.881788431307836 ], [ -99.5577276810222, 20.883533340289492 ], [ -99.556902125790202, 20.884821216680084 ], [ -99.556313000848917, 20.885402816801346 ], [ -99.555429723337411, 20.886025932801676 ], [ -99.554841077265934, 20.886316700746189 ], [ -99.55407605124563, 20.886565901167373 ], [ -99.553663988854183, 20.886773590411689 ], [ -99.552604102480743, 20.887479766289825 ], [ -99.552190693899178, 20.888476840470478 ], [ -99.552071930347779, 20.889141574667462 ], [ -99.551835107276162, 20.890055575233191 ], [ -99.5516572405853, 20.890886489038266 ], [ -99.551362019453734, 20.89155120131759 ], [ -99.550949230454677, 20.892174351751962 ], [ -99.550300738049415, 20.89304675171033 ], [ -99.54982862339736, 20.893960719188332 ], [ -99.549474640701661, 20.894583873847438 ], [ -99.548649528328667, 20.895539337717533 ], [ -99.54823736231404, 20.895788561119907 ], [ -99.547648879609824, 20.895954664888126 ], [ -99.5472368546111, 20.896120792432715 ], [ -99.546765648681003, 20.896494644032824 ], [ -99.546470900348069, 20.896868520917621 ], [ -99.546058438069068, 20.897283926183576 ], [ -99.545587732156164, 20.897366947378131 ], [ -99.545117170690602, 20.897366873780541 ], [ -99.544705501994002, 20.897325261564074 ], [ -99.544352653659502, 20.897283657905483 ], [ -99.54388048997248, 20.898197609591218 ], [ -99.544232831196936, 20.898530041450588 ], [ -99.544172482841375, 20.899402513637334 ], [ -99.543584054229854, 20.899527056997535 ], [ -99.543466047456292, 20.899734771136526 ], [ -99.543699947395936, 20.900524198502488 ], [ -99.543817080403983, 20.900815045158371 ], [ -99.543816279240886, 20.901272059331465 ], [ -99.5437570204396, 20.901521330076225 ], [ -99.543521004072318, 20.901936758475024 ], [ -99.542756098935371, 20.902061269715723 ], [ -99.542285449392438, 20.902102735389622 ], [ -99.541656396054009, 20.903274156693261 ], [ -99.54028660624131, 20.901479174998432 ], [ -99.537877070465896, 20.900273854219463 ], [ -99.537017025536841, 20.899690813846743 ], [ -99.536785100901056, 20.899533586306674 ], [ -99.536467079106771, 20.899317990276945 ], [ -99.53605600680055, 20.898943982935226 ], [ -99.535880594632431, 20.898362290505116 ], [ -99.535881194917877, 20.898029916097656 ], [ -99.535940690632728, 20.897656007320208 ], [ -99.536058856319528, 20.897365204529141 ], [ -99.536353257263642, 20.89719907905468 ], [ -99.536706477678024, 20.897032965272 ], [ -99.535708262619906, 20.896077178697634 ], [ -99.535118108340399, 20.897157269523053 ], [ -99.534645813107659, 20.898112743728241 ], [ -99.533938757207025, 20.898777336702523 ], [ -99.533644350467682, 20.898943458111336 ], [ -99.533114962383237, 20.898943338351291 ], [ -99.532526221679802, 20.899234031066786 ], [ -99.532055349188241, 20.899400108901443 ], [ -99.531525654477122, 20.89956617152847 ], [ -99.530937137339208, 20.89973221840506 ], [ -99.530348465765798, 20.899981356925302 ], [ -99.529995384500651, 20.900064364162358 ], [ -99.529406940427336, 20.900188859010822 ], [ -99.528641722865132, 20.900479494485655 ], [ -99.528112097541296, 20.900603999841554 ], [ -99.527759167998809, 20.900603908842768 ], [ -99.525109934404725, 20.901808061626603 ], [ -99.522874066168811, 20.902139808930507 ], [ -99.522343721236197, 20.902638218297128 ], [ -99.521402325330413, 20.902762583088386 ], [ -99.523687000099542, 20.907748866159558 ], [ -99.524980669154587, 20.907998506677103 ], [ -99.524979655478319, 20.908538615228043 ], [ -99.526037483337959, 20.909037423806041 ], [ -99.526390672498891, 20.908954464251643 ], [ -99.527213756344551, 20.909203961847329 ], [ -99.527330710355486, 20.909577913635612 ], [ -99.526918237796508, 20.909951727183298 ], [ -99.526914831057468, 20.91177978588259 ], [ -99.525501918657412, 20.912361064910598 ], [ -99.524855064444054, 20.912236248330736 ], [ -99.526087152624555, 20.913981547462303 ], [ -99.526144194267815, 20.914937138978519 ], [ -99.525907875685064, 20.91547718420868 ], [ -99.525730460788722, 20.915975698151669 ], [ -99.526141245111901, 20.916515916211633 ], [ -99.526434686450671, 20.916889915086976 ], [ -99.527022192377459, 20.917305537134698 ], [ -99.527433448440817, 20.917596471312741 ], [ -99.527785646320353, 20.918012029641503 ], [ -99.527725429117552, 20.918759856019697 ], [ -99.527606845542778, 20.919258386749032 ], [ -99.527311928554099, 20.919673778320764 ], [ -99.52701631388895, 20.920463090080752 ], [ -99.526955937474298, 20.921294009552053 ], [ -99.525896149316637, 20.921750744458929 ], [ -99.524835653252964, 20.922581393596946 ], [ -99.524246375247685, 20.923100566377485 ], [ -99.523657093177249, 20.923619737178768 ], [ -99.522537662054077, 20.924491902696101 ], [ -99.52177065443729, 20.925654991150324 ], [ -99.521063572199679, 20.926236439157432 ], [ -99.51982683900826, 20.926900818944528 ], [ -99.518884176142919, 20.927606827262373 ], [ -99.518000336880434, 20.928312848871879 ], [ -99.517175642073468, 20.928852697656332 ], [ -99.516586272964801, 20.929392618063002 ], [ -99.515701929980139, 20.930347908599451 ], [ -99.515053796814826, 20.930846257955622 ], [ -99.514229804664581, 20.931012172033551 ], [ -99.51322898540009, 20.931344209366642 ], [ -99.512521680658708, 20.932008716376512 ], [ -99.511697582300769, 20.932174584159899 ], [ -99.511109684938091, 20.931966722252536 ], [ -99.510049260570568, 20.932714144473646 ], [ -99.509047598134927, 20.933461625399772 ], [ -99.508459170117874, 20.933502957120414 ], [ -99.508047080556878, 20.933627445711906 ], [ -99.506986898130052, 20.93420870591757 ], [ -99.505986040844874, 20.93454070142236 ], [ -99.50463325270087, 20.934332445728014 ], [ -99.503280551859433, 20.9340826324304 ], [ -99.501809933114799, 20.933957400988923 ], [ -99.500339570374095, 20.933707516374888 ], [ -99.499163130597978, 20.933582383770805 ], [ -99.497810103339745, 20.933498714106076 ], [ -99.49692759189503, 20.933415233703016 ], [ -99.495633478239938, 20.933373124432755 ], [ -99.494809166835083, 20.933372962096897 ], [ -99.493456942660899, 20.933205960074655 ], [ -99.492868510137967, 20.933247238115275 ], [ -99.492515502513342, 20.933247075853799 ], [ -99.491456152942149, 20.933371196357939 ], [ -99.490985977022731, 20.933163270551525 ], [ -99.490750813209615, 20.933080066124397 ], [ -99.490928450682972, 20.932540039884024 ], [ -99.490576317790186, 20.932124404851468 ], [ -99.49004681013804, 20.932124153996611 ], [ -99.489282754766592, 20.93174986682293 ], [ -99.4890482082603, 20.931375831784997 ], [ -99.488636898086568, 20.931126351766139 ], [ -99.488166051646502, 20.931209217236209 ], [ -99.487813577094826, 20.930959763802093 ], [ -99.487049091527837, 20.930793200845756 ], [ -99.486343441207765, 20.930626663691321 ], [ -99.485637792386868, 20.93046012358618 ], [ -99.485108734425566, 20.930252122752478 ], [ -99.48440308861953, 20.930085577475246 ], [ -99.483991286487083, 20.930002278296829 ], [ -99.482697008424466, 20.930043154207407 ], [ -99.48181396849516, 20.930291975784581 ], [ -99.481048053110783, 20.930790136601601 ], [ -99.480400341258047, 20.931039075115592 ], [ -99.479517652962812, 20.931121697242553 ], [ -99.479118957028703, 20.931272960449348 ], [ -99.478752178509964, 20.93141211326634 ], [ -99.478045444378438, 20.931744104954852 ], [ -99.477397814201666, 20.931951485284507 ], [ -99.476985974708967, 20.931951258511965 ], [ -99.476632787086942, 20.932034157228276 ], [ -99.475808193660086, 20.932449168452035 ], [ -99.475042521811517, 20.932822661954198 ], [ -99.474218979271853, 20.932822041721259 ], [ -99.474217276816702, 20.933528494249813 ], [ -99.473861785979111, 20.934650060937372 ], [ -99.473684268535507, 20.93510697663508 ], [ -99.473918140126301, 20.935771861807254 ], [ -99.474032964046103, 20.937059883673601 ], [ -99.47320741520231, 20.937890352061142 ], [ -99.472853566269791, 20.938264071717153 ], [ -99.472321820286339, 20.939260892602608 ], [ -99.472378719195262, 20.940133412030505 ], [ -99.472201006437231, 20.940673419943412 ], [ -99.471963807768461, 20.941504221972316 ], [ -99.471374502308549, 20.94191934888287 ], [ -99.470902870210352, 20.942334542813764 ], [ -99.470662230326084, 20.944702578813022 ], [ -99.470776849493205, 20.946073695728774 ], [ -99.470657129799022, 20.946987658474871 ], [ -99.470595507319729, 20.948234030768077 ], [ -99.470241813708043, 20.948524651356358 ], [ -99.469827883639724, 20.949438439792313 ], [ -99.46970927165286, 20.949853839031437 ], [ -99.469001499402495, 20.950601263466289 ], [ -99.469117878622924, 20.95118298998819 ], [ -99.468881486298699, 20.951639865404765 ], [ -99.468644719524264, 20.952262928022947 ], [ -99.468642854382097, 20.953093865607826 ], [ -99.46840599113672, 20.953758474725749 ], [ -99.468522370766166, 20.954340201436597 ], [ -99.468404124834166, 20.954589412187914 ], [ -99.468403005089783, 20.955087974626551 ], [ -99.468578602428849, 20.955503548968334 ], [ -99.46869461131827, 20.956251462853054 ], [ -99.468810155499824, 20.95720711085681 ], [ -99.469338729333529, 20.957664441305429 ], [ -99.469807997350003, 20.958329469527818 ], [ -99.47039607210921, 20.958496003346724 ], [ -99.470160136720139, 20.958745146076669 ], [ -99.469688077735725, 20.959326524264458 ], [ -99.469981281195913, 20.959783713147605 ], [ -99.470097579236196, 20.960406985005658 ], [ -99.470213599956352, 20.961154897214193 ], [ -99.470565376493937, 20.961736759948838 ], [ -99.47068186391553, 20.962276937545887 ], [ -99.470856828169431, 20.962983336651654 ], [ -99.470738209162676, 20.963398736096664 ], [ -99.470267065732017, 20.963564647623368 ], [ -99.47003084391136, 20.963938430636823 ], [ -99.469852910678924, 20.964561528924833 ], [ -99.469381483636468, 20.964852078520899 ], [ -99.468792732865253, 20.964976369511579 ], [ -99.468498124019746, 20.965142381300009 ], [ -99.46808479310404, 20.965765337065513 ], [ -99.468024918673237, 20.966222316762657 ], [ -99.467495009069481, 20.966346638665915 ], [ -99.467200021761997, 20.96667883553642 ], [ -99.467375349423349, 20.967219050806538 ], [ -99.467374601183039, 20.967551425317218 ], [ -99.46707961129863, 20.967883621981912 ], [ -99.466843000219683, 20.96842358791314 ], [ -99.46737235653606, 20.968548548772336 ], [ -99.46772554149851, 20.968507214668826 ], [ -99.468255271908745, 20.968465985550186 ], [ -99.468549514662811, 20.968466161332501 ], [ -99.468489267893062, 20.969089328245254 ], [ -99.468253499602, 20.969255374799566 ], [ -99.46784174434967, 20.96917203428173 ], [ -99.467546098116273, 20.96979505934662 ], [ -99.467309672930242, 20.970251932229633 ], [ -99.467191132332431, 20.97062578234674 ], [ -99.467013648000417, 20.971041143566886 ], [ -99.466600248559871, 20.971249216552089 ], [ -99.466130529010712, 20.971206794231627 ], [ -99.465776679560847, 20.971538952756759 ], [ -99.465834590006381, 20.971954456785245 ], [ -99.465951444789624, 20.972328449955736 ], [ -99.466126775011347, 20.972868666113687 ], [ -99.466244006525073, 20.973076471852579 ], [ -99.466832697511606, 20.972993735936821 ], [ -99.467126901894588, 20.972952387016704 ], [ -99.467479864219243, 20.973077220595886 ], [ -99.467125545662213, 20.973617115802821 ], [ -99.466889768831464, 20.973783160544308 ], [ -99.466712561151368, 20.974073881030208 ], [ -99.466769913346752, 20.974738665240206 ], [ -99.466474908340544, 20.975070860868367 ], [ -99.466173572241971, 20.976578040262037 ], [ -99.466117766665036, 20.976857157317863 ], [ -99.466351392612282, 20.977646689333778 ], [ -99.46652682457902, 20.978145357835441 ], [ -99.465878322041931, 20.978643524751412 ], [ -99.466169395602194, 20.980056294150877 ], [ -99.466462349120818, 20.980638127681498 ], [ -99.466401902426952, 20.98134438672432 ], [ -99.466517642126476, 20.982216939896588 ], [ -99.467222393592593, 20.982882114763459 ], [ -99.467750961287166, 20.983380993889618 ], [ -99.468160891070582, 20.984295268361137 ], [ -99.468334660156685, 20.985541775369196 ], [ -99.468804571659916, 20.98595752233193 ], [ -99.469332505327003, 20.986747223047644 ], [ -99.469743103660022, 20.987370666062706 ], [ -99.470449189802906, 20.987454172649969 ], [ -99.470919575340702, 20.987662179970879 ], [ -99.470976767738819, 20.988410054649531 ], [ -99.47074050998053, 20.988783838264396 ], [ -99.470445209288897, 20.989240680657005 ], [ -99.470443728259326, 20.989905427727521 ], [ -99.470795852736785, 20.990362646682563 ], [ -99.469142464582532, 20.992771389926759 ], [ -99.468670483617984, 20.993269671704301 ], [ -99.46837479556784, 20.993892697276241 ], [ -99.467902342358755, 20.994598710374124 ], [ -99.467548162903526, 20.995055512666156 ], [ -99.467016936446569, 20.995719941413853 ], [ -99.466367424383719, 20.996633577336382 ], [ -99.46518967495949, 20.996634817971962 ], [ -99.464013511698823, 20.996424401523374 ], [ -99.463130902328402, 20.996299212141416 ], [ -99.462190193402378, 20.995841607474826 ], [ -99.461544450821094, 20.99509335744057 ], [ -99.461075956839494, 20.994054390370728 ], [ -99.460900999076031, 20.993347983607539 ], [ -99.460667661218181, 20.992433805321067 ], [ -99.460434230987772, 20.991561173292936 ], [ -99.459316604973836, 20.991269625418774 ], [ -99.4581988872132, 20.991019616861749 ], [ -99.457375171327627, 20.990894435400104 ], [ -99.456493370710305, 20.990436836822301 ], [ -99.455612155393013, 20.989729953004847 ], [ -99.454671510072671, 20.989272305275243 ], [ -99.454317690120618, 20.989562893785187 ], [ -99.453668125635915, 20.990476482863738 ], [ -99.453311965849949, 20.991764191622011 ], [ -99.453131693686942, 20.993342847676686 ], [ -99.453304961298542, 20.99475555778659 ], [ -99.453242988995569, 20.996085013341798 ], [ -99.453357693073144, 20.997373042479271 ], [ -99.453531162630497, 20.998702658119683 ], [ -99.453882092393854, 20.999658472785452 ], [ -99.454173001402467, 21.001112807248663 ], [ -99.454171934342511, 21.001569821049728 ], [ -99.453992632066459, 21.002733009228734 ], [ -99.453813618470292, 21.003771557014872 ], [ -99.454046448731972, 21.004893477387331 ], [ -99.454162622762922, 21.005558304097519 ], [ -99.453925229028997, 21.006389078459794 ], [ -99.453628968917812, 21.007219812487687 ], [ -99.453510075351019, 21.00771829267476 ], [ -99.453450142427357, 21.008175266130245 ], [ -99.454509116942489, 21.008425263512407 ], [ -99.45503879893397, 21.008467166364671 ], [ -99.455979952677666, 21.008758622160375 ], [ -99.456862341670018, 21.009008487176168 ], [ -99.457156375828077, 21.009133321142684 ], [ -99.457567947637258, 21.009341325148135 ], [ -99.458449193212701, 21.010089741586349 ], [ -99.45850729206326, 21.010422153039855 ], [ -99.458388412455562, 21.010920636197941 ], [ -99.458445936905164, 21.011502327483644 ], [ -99.458739307438719, 21.011917985029559 ], [ -99.458974387529139, 21.01208432412599 ], [ -99.458972953231338, 21.012707523634255 ], [ -99.45932190754344, 21.013491684940732 ], [ -99.459675718708809, 21.014286751041176 ], [ -99.460085878680502, 21.015117947760626 ], [ -99.460497470993261, 21.015325944158349 ], [ -99.461026988599755, 21.015450921078905 ], [ -99.461379810935526, 21.015617331315429 ], [ -99.461437444062071, 21.016157474418399 ], [ -99.461260082460882, 21.016489735517336 ], [ -99.460964604798122, 21.016988108138214 ], [ -99.460728373444837, 21.017320331307708 ], [ -99.46019627759712, 21.018317111864029 ], [ -99.448543823488777, 21.016985534974356 ], [ -99.44483585765704, 21.016561636717341 ], [ -99.44154088044948, 21.015894452160506 ], [ -99.422115913893109, 21.015380228554744 ], [ -99.420704173442587, 21.014963598204766 ], [ -99.420878321640529, 21.015919264896528 ], [ -99.420524691838366, 21.016085144156619 ], [ -99.420700126229193, 21.016542312745543 ], [ -99.421110290685178, 21.017290513334153 ], [ -99.42040366207722, 21.017372991494295 ], [ -99.419755794255693, 21.017497065147033 ], [ -99.41934179935248, 21.018244545237341 ], [ -99.418858219775501, 21.020363132804768 ], [ -99.418805999634912, 21.020591908449695 ], [ -99.419335618670146, 21.020654257847973 ], [ -99.420218233379543, 21.020821218875692 ], [ -99.420805122763795, 21.02152802714555 ], [ -99.420566245358998, 21.022857318058438 ], [ -99.420328851704255, 21.023604954090398 ], [ -99.419441533912973, 21.025266050743575 ], [ -99.418733693024748, 21.025805536701348 ], [ -99.417849660074296, 21.026178676200569 ], [ -99.416966265789071, 21.026302530693787 ], [ -99.416023783439087, 21.026509421267477 ], [ -99.41460989310194, 21.02688206753497 ], [ -99.413784823213163, 21.027213692715552 ], [ -99.412959533024377, 21.027628407451044 ], [ -99.412252199750696, 21.027960133077368 ], [ -99.411780678679023, 21.02816743296318 ], [ -99.410956248330308, 21.028249764034033 ], [ -99.4103085432412, 21.028290708931753 ], [ -99.409660619342517, 21.028414744896665 ], [ -99.409187562465149, 21.029203692354887 ], [ -99.409008319094326, 21.030200648880594 ], [ -99.408829182881945, 21.031156058386024 ], [ -99.40890570746987, 21.031539134357011 ], [ -99.40906161500493, 21.032319588506891 ], [ -99.409354345825093, 21.032943065583531 ], [ -99.409000006826162, 21.033358201888078 ], [ -99.408293295047756, 21.033440630944021 ], [ -99.406820224722111, 21.033896251532582 ], [ -99.405759048289397, 21.034435348020363 ], [ -99.404933143347534, 21.035057758218187 ], [ -99.404165331977296, 21.035971048629705 ], [ -99.403575136400875, 21.036510586305372 ], [ -99.402926171733839, 21.0370085179018 ], [ -99.402159228137279, 21.037589425419768 ], [ -99.401509919793838, 21.038211991942926 ], [ -99.401039355291459, 21.038045341810786 ], [ -99.400805412857252, 21.037463455216127 ], [ -99.400737230603298, 21.037195972392773 ], [ -99.400688888951535, 21.037006324747363 ], [ -99.400454726121609, 21.036507531071873 ], [ -99.399512267361601, 21.036672784534467 ], [ -99.398215877492405, 21.037086960010683 ], [ -99.396446666372611, 21.038165398104471 ], [ -99.395738341828803, 21.038829430155989 ], [ -99.39503023743292, 21.0394103657719 ], [ -99.394675843240734, 21.039825472788536 ], [ -99.393553771417629, 21.041070728932088 ], [ -99.392669356305404, 21.04152683284218 ], [ -99.39190269150302, 21.04198305447974 ], [ -99.390900738445765, 21.042355933503643 ], [ -99.389839350594613, 21.042895339711855 ], [ -99.389200164941883, 21.039861335859705 ], [ -99.38891118057029, 21.037908326102801 ], [ -99.388502152401998, 21.03678612677189 ], [ -99.388033218562157, 21.036037785013484 ], [ -99.387858204921457, 21.035455942105457 ], [ -99.387687342466137, 21.033378413480257 ], [ -99.386391967991969, 21.033418558000449 ], [ -99.385159101238798, 21.032170843480323 ], [ -99.384687876537214, 21.032253428429289 ], [ -99.38456513431862, 21.034039814939646 ], [ -99.3820870188962, 21.035948275787266 ], [ -99.380615364251966, 21.035863561981568 ], [ -99.381031357715983, 21.034492971269771 ], [ -99.380205464970658, 21.035073716116511 ], [ -99.379381329335928, 21.035031254371649 ], [ -99.378556016115013, 21.035404257085716 ], [ -99.378201584963946, 21.03581933051257 ], [ -99.37784632592242, 21.03652523110992 ], [ -99.377491181663999, 21.037189584116902 ], [ -99.37725390511504, 21.037812522006494 ], [ -99.37719372898195, 21.038269470990436 ], [ -99.377132961611778, 21.038934154101003 ], [ -99.376837749988084, 21.039224650436505 ], [ -99.376367326917745, 21.03901638481922 ], [ -99.376251112833287, 21.038476142872845 ], [ -99.376253244499622, 21.037728299752768 ], [ -99.376136439597957, 21.037395791847199 ], [ -99.375136732198214, 21.036979188172115 ], [ -99.373311575953508, 21.036977102883011 ], [ -99.372427957772814, 21.037142274270703 ], [ -99.371367863350898, 21.037224116769817 ], [ -99.370132631239983, 21.036848783047862 ], [ -99.369191819431535, 21.036432212762577 ], [ -99.368780532214714, 21.03614090104837 ], [ -99.368133866453974, 21.035766285695985 ], [ -99.368138330350604, 21.034270529237848 ], [ -99.368287568854313, 21.033564405560472 ], [ -99.368436806005192, 21.032858281714262 ], [ -99.368439218293076, 21.032027343827508 ], [ -99.368499177786063, 21.031653491043237 ], [ -99.368854590528372, 21.030906062187274 ], [ -99.369209879367091, 21.030200179477834 ], [ -99.369446335607961, 21.02986808026694 ], [ -99.369919365183492, 21.029162333960887 ], [ -99.369685557293423, 21.028580401877981 ], [ -99.368451763000905, 21.027706465515163 ], [ -99.36851413321061, 21.026501674143184 ], [ -99.368577645503152, 21.025377580322917 ], [ -99.368905580784855, 21.024133215912567 ], [ -99.369780240762395, 21.023871740060699 ], [ -99.371310944072633, 21.024178354547697 ], [ -99.37313877601099, 21.024686863493788 ], [ -99.376867908289583, 21.023430702692533 ], [ -99.377086483695649, 21.022601116383274 ], [ -99.377176645109273, 21.021195215583628 ], [ -99.377858652677176, 21.020069227089326 ], [ -99.379551655423228, 21.019670984938312 ], [ -99.38165104443344, 21.019059823757964 ], [ -99.384217029303088, 21.018317402551606 ], [ -99.384951204668113, 21.016860099083111 ], [ -99.385222758174805, 21.015740511192455 ], [ -99.384966685357625, 21.014629190731863 ], [ -99.384422287840223, 21.013770238539323 ], [ -99.383770231894815, 21.013408674316331 ], [ -99.3829191536731, 21.011852273113824 ], [ -99.383469456893522, 21.009984767143393 ], [ -99.383731427195812, 21.008369626899256 ], [ -99.384350713050466, 21.007038049631959 ], [ -99.385730465844915, 21.005611935329526 ], [ -99.387009739065405, 21.005054867475533 ], [ -99.388168562256197, 21.004334444849519 ], [ -99.389210133519086, 21.00361585441868 ], [ -99.389952992891764, 21.002612786174559 ], [ -99.389879969508613, 21.00187037605237 ], [ -99.389451230288515, 21.000927005701612 ], [ -99.389966801095099, 21.000299282542166 ], [ -99.390480766955704, 20.999588965569064 ], [ -99.390765856790523, 20.999171402067308 ], [ -99.391288620977733, 20.998915340184219 ], [ -99.391976829102305, 20.998119664449103 ], [ -99.392331900271643, 20.995263784487243 ], [ -99.392603362295489, 20.994144183454509 ], [ -99.392815403326495, 20.99298420691072 ], [ -99.392738366987246, 20.992035316559832 ], [ -99.393309305481267, 20.991241477585554 ], [ -99.393581554539111, 20.990163170851986 ], [ -99.393098216967118, 20.989427210412341 ], [ -99.392378824697545, 20.988612340145156 ], [ -99.392013527086206, 20.987915830537158 ], [ -99.391295748847725, 20.987183547719827 ], [ -99.391336753260546, 20.986274110888122 ], [ -99.391851466314719, 20.985605085660705 ], [ -99.392368576896885, 20.985059947473154 ], [ -99.392646427662186, 20.984270714887828 ], [ -99.393100112957086, 20.983478718363553 ], [ -99.393323349609801, 20.982896886780008 ], [ -99.394128698757982, 20.982099359638486 ], [ -99.395173294282372, 20.981545918491463 ], [ -99.395936047671796, 20.981575228466721 ], [ -99.396095849060785, 20.980746538395788 ], [ -99.395732958847944, 20.98017392464271 ], [ -99.395487293262448, 20.979599466113523 ], [ -99.395706507369539, 20.978811150417329 ], [ -99.395978718236478, 20.977732838911425 ], [ -99.395960281308305, 20.976783026371564 ], [ -99.395819816536743, 20.975587280669991 ], [ -99.395329303641688, 20.974479658811209 ], [ -99.394901412957381, 20.973577594680751 ], [ -99.39447112404568, 20.972551640597754 ], [ -99.394051254388856, 20.972062536354304 ], [ -99.393329539368096, 20.971123778468964 ], [ -99.392967484186045, 20.970592453902317 ], [ -99.392066760000347, 20.969491268293112 ], [ -99.391413279706413, 20.969047136195602 ], [ -99.390048523996327, 20.968201080580741 ], [ -99.389335649135717, 20.967716563997868 ], [ -99.388682184526559, 20.967272421090673 ], [ -99.388313759942633, 20.96641071545816 ], [ -99.388354778972044, 20.965501276937058 ], [ -99.388636613925044, 20.964918530947823 ], [ -99.3890364563932, 20.96437524150954 ], [ -99.389848929258918, 20.963949400969135 ], [ -99.390485583335845, 20.963526317190539 ], [ -99.39123544209238, 20.962894908717189 ], [ -99.391573464590465, 20.962187348585474 ], [ -99.391620865189637, 20.961608279674032 ], [ -99.391633534575206, 20.960902704616259 ], [ -99.391649059447303, 20.960038099067685 ], [ -99.392160481863002, 20.959203886995116 ], [ -99.392610094024917, 20.958205408986281 ], [ -99.392601288696483, 20.957751149436586 ], [ -99.392407071588934, 20.956804096374171 ], [ -99.391869249380392, 20.956275530240401 ], [ -99.391390032628109, 20.955746041900461 ], [ -99.390952620720086, 20.954348408439454 ], [ -99.390762418390722, 20.953607834696385 ], [ -99.390974422079694, 20.952447855610725 ], [ -99.39171142157609, 20.951155703267421 ], [ -99.392629009121038, 20.950108563555947 ], [ -99.393379593470556, 20.949518442219631 ], [ -99.394010571610252, 20.948806271184491 ], [ -99.394460942475632, 20.947849084125032 ], [ -99.394851908529446, 20.946851521077004 ], [ -99.395366474003055, 20.946182484528659 ], [ -99.395882637440366, 20.945596039157035 ], [ -99.396685372272898, 20.9446746107777 ], [ -99.397369300158118, 20.943672430838365 ], [ -99.398293218232425, 20.942955631898013 ], [ -99.399399333935705, 20.94256642954565 ], [ -99.400273465948743, 20.942304802830485 ], [ -99.400839364771088, 20.941263159668232 ], [ -99.401517630409685, 20.939971889065344 ], [ -99.402490465054612, 20.938758587991625 ], [ -99.403122961656706, 20.938128976432576 ], [ -99.404290837515703, 20.937904003854964 ], [ -99.405694695347265, 20.937757915189373 ], [ -99.405899132677433, 20.937464571342424 ], [ -99.406253480296797, 20.936966345938171 ], [ -99.406490926102819, 20.936177175812119 ], [ -99.406434078859306, 20.935429268993584 ], [ -99.405847157126274, 20.934888586348819 ], [ -99.405257801274018, 20.935261940764178 ], [ -99.40443165421074, 20.936175177569652 ], [ -99.403842623435068, 20.936423885481698 ], [ -99.40331420904225, 20.936007893457038 ], [ -99.402903469813381, 20.935592015725589 ], [ -99.402375507430136, 20.935009831682621 ], [ -99.4019064965767, 20.934386156989895 ], [ -99.401495989425413, 20.933887181148986 ], [ -99.401425648316277, 20.933749794477773 ], [ -99.401027769801971, 20.932972673023166 ], [ -99.401148687387277, 20.931767919636769 ], [ -99.401739605655749, 20.930812917576262 ], [ -99.403862088674444, 20.929153116610401 ], [ -99.404283433270749, 20.928485664570921 ], [ -99.405424815067249, 20.928026218740307 ], [ -99.406757928343069, 20.927261602500707 ], [ -99.408392827777519, 20.926946605503957 ], [ -99.409738793780164, 20.926842707533812 ], [ -99.411313481287308, 20.926446016640153 ], [ -99.412020588972538, 20.9266413716541 ], [ -99.413470029396322, 20.925833552649774 ], [ -99.415274216135145, 20.925185336381531 ], [ -99.415732447754408, 20.924641056689396 ], [ -99.41512639723959, 20.923617934528384 ], [ -99.41435426251968, 20.923093149907359 ], [ -99.4135781038174, 20.922361880146529 ], [ -99.413785862202076, 20.920995390501105 ], [ -99.414109605980528, 20.920347885273159 ], [ -99.41434394424266, 20.919521241445516 ], [ -99.414226442670227, 20.918900898131312 ], [ -99.414343557393892, 20.918322189675358 ], [ -99.414460577706336, 20.917454054784699 ], [ -99.414401660630574, 20.916627050321882 ], [ -99.41410823901532, 20.916089183695465 ], [ -99.413638844979701, 20.915468406375279 ], [ -99.413169519816122, 20.915054360842682 ], [ -99.412817521183257, 20.914723152485621 ], [ -99.412465370503298, 20.913895783629599 ], [ -99.412230571621635, 20.913233946175982 ], [ -99.41211296985837, 20.91224148083511 ], [ -99.412171478223982, 20.911786740467409 ], [ -99.412347154341845, 20.910918679077142 ], [ -99.412581565498002, 20.910340116818038 ], [ -99.41275725057497, 20.909513401592381 ], [ -99.412405125679513, 20.908727378571825 ], [ -99.412170310160192, 20.907982847146585 ], [ -99.412052903293372, 20.907610581274184 ], [ -99.411935396085198, 20.906907541845644 ], [ -99.412052372100334, 20.905874020619226 ], [ -99.413049116079108, 20.905131017095254 ], [ -99.413752690275643, 20.904594379789192 ], [ -99.414984131214979, 20.904265121213868 ], [ -99.416332897835957, 20.904060036841763 ], [ -99.417740262878127, 20.903730972865013 ], [ -99.418150747920805, 20.903648775928481 ], [ -99.419616676022954, 20.903113034130559 ], [ -99.420437684853226, 20.903072670326662 ], [ -99.421141389019979, 20.902990816323722 ], [ -99.422138299290225, 20.902867960437899 ], [ -99.422900536668521, 20.902496742134741 ], [ -99.423955816265405, 20.901671051896869 ], [ -99.424718010849645, 20.901217132316884 ], [ -99.425480233399441, 20.900845902687642 ], [ -99.426828987015881, 20.900723429441722 ], [ -99.427943232003187, 20.900766062276805 ], [ -99.428823006335776, 20.901056498978399 ], [ -99.430054664366452, 20.90138867871655 ], [ -99.431110360144643, 20.901637957099645 ], [ -99.432048626488097, 20.901556323868757 ], [ -99.432576092996328, 20.900812678850613 ], [ -99.433044745795144, 20.899696846944632 ], [ -99.434217291054352, 20.898995265711417 ], [ -99.435038725975559, 20.899947150788716 ], [ -99.435624815037485, 20.899203561647457 ], [ -99.435331220692987, 20.89837630481636 ], [ -99.435037591856684, 20.897466354110179 ], [ -99.434626664053752, 20.896514925680094 ], [ -99.434391815790633, 20.895894465165025 ], [ -99.434332875069998, 20.89523285375197 ], [ -99.434332426590856, 20.894240534537243 ], [ -99.435151983308387, 20.891140449556381 ], [ -99.435503176715329, 20.889735053702729 ], [ -99.435737333888852, 20.888867033761244 ], [ -99.436030146159894, 20.888040424942361 ], [ -99.436440174191404, 20.887089905019309 ], [ -99.436791597930835, 20.886222012867666 ], [ -99.438198099717795, 20.884528343616704 ], [ -99.438666900252969, 20.883908655792581 ], [ -99.438811549157222, 20.883172192614385 ], [ -99.439518364576116, 20.882341813150099 ], [ -99.440048054204453, 20.881926770115236 ], [ -99.440753989645074, 20.881678158987423 ], [ -99.441518729134046, 20.881429607611675 ], [ -99.441284268777878, 20.880681255479175 ], [ -99.44069701843685, 20.879890964594733 ], [ -99.440227856358817, 20.878643624415108 ], [ -99.439817077669872, 20.877811958045243 ], [ -99.439818344723307, 20.876585653267192 ], [ -99.439818752455821, 20.876191070462344 ], [ -99.439585470622504, 20.874320561999586 ], [ -99.439762913029398, 20.873323282257072 ], [ -99.440361804950967, 20.872540163547992 ], [ -99.440947784170348, 20.871837902844479 ], [ -99.442061611335419, 20.871466980436523 ], [ -99.44276490476075, 20.870888879453499 ], [ -99.44294052866077, 20.870351560039726 ], [ -99.443467519327328, 20.868987680929582 ], [ -99.443760189357931, 20.868037018252771 ], [ -99.443818397539317, 20.867210146194299 ], [ -99.444521238337899, 20.865805103762646 ], [ -99.444813895952038, 20.864854439160784 ], [ -99.44534110974044, 20.863986714799886 ], [ -99.445868209224457, 20.862912255188725 ], [ -99.446160874833524, 20.862002934949547 ], [ -99.446570771328908, 20.861052390261268 ], [ -99.447449772582431, 20.860267720926156 ], [ -99.448152771048157, 20.859276131006965 ], [ -99.44844519284203, 20.857953339454252 ], [ -99.448327604563019, 20.857333016731022 ], [ -99.447506589193708, 20.856877349116644 ], [ -99.446568282556655, 20.856338861129053 ], [ -99.446040408068143, 20.855883493121091 ], [ -99.445688241840671, 20.855097534546353 ], [ -99.445394511438664, 20.853939515986237 ], [ -99.446156033169927, 20.852782608554239 ], [ -99.447797528994471, 20.852784325201615 ], [ -99.448911917123979, 20.853736456611525 ], [ -99.449733327447731, 20.854936359396994 ], [ -99.450554636390294, 20.855929524139995 ], [ -99.451024036343938, 20.856632898497075 ], [ -99.451669436548983, 20.857543184163994 ], [ -99.452549235313583, 20.858246971172399 ], [ -99.453663408401141, 20.858702909254667 ], [ -99.454425536696718, 20.858662327555571 ], [ -99.455363012579909, 20.857712290253975 ], [ -99.456065946963392, 20.856720668710487 ], [ -99.456651472936301, 20.855480848166636 ], [ -99.457061212134278, 20.854406239028069 ], [ -99.457177870080912, 20.853414033508031 ], [ -99.456825603282411, 20.852545405121926 ], [ -99.456532087546762, 20.851883567548562 ], [ -99.456062775024776, 20.851345595038168 ], [ -99.455710665340405, 20.85072504437499 ], [ -99.455944771788452, 20.850063729727818 ], [ -99.456472018119683, 20.849444052148964 ], [ -99.457233802525437, 20.848907297922853 ], [ -99.457643843085833, 20.848370194606225 ], [ -99.458816028115663, 20.847916530277281 ], [ -99.46028167669013, 20.848041996446376 ], [ -99.461220030052317, 20.848663103295518 ], [ -99.462099559511998, 20.848953374966474 ], [ -99.46327236716337, 20.849492001306196 ], [ -99.464327722637393, 20.849699735108615 ], [ -99.465382946272072, 20.849700728887466 ], [ -99.466905600190046, 20.847345391529554 ], [ -99.467139597712134, 20.846601368936248 ], [ -99.468194356705339, 20.845940798692091 ], [ -99.469131834910542, 20.845238767865364 ], [ -99.470010795495512, 20.844702065311608 ], [ -99.47094839954724, 20.844206758196659 ], [ -99.471710219725097, 20.843835327467154 ], [ -99.472589653330331, 20.844001505537292 ], [ -99.474113777042177, 20.843961519798221 ], [ -99.475403207414033, 20.843631887434086 ], [ -99.47616477476241, 20.842929663800451 ], [ -99.476808883962519, 20.841937907878201 ], [ -99.477101625305949, 20.841442003489838 ], [ -99.477570073945444, 20.840739518120181 ], [ -99.478155757679446, 20.840037132994741 ], [ -99.478800146996548, 20.839458836448447 ], [ -99.479913947687876, 20.839501139239204 ], [ -99.480793301958812, 20.839584582273126 ], [ -99.481731307955783, 20.839709416944476 ], [ -99.482317597854347, 20.839833950969339 ], [ -99.483079082045549, 20.839090350632784 ], [ -99.484543794271687, 20.838099251247808 ], [ -99.484953128664586, 20.83681784466043 ], [ -99.48536284385213, 20.836032596852483 ], [ -99.485714034224245, 20.8353713398613 ], [ -99.486065416444404, 20.834958162069956 ], [ -99.486651103627878, 20.834338441941188 ], [ -99.487295764105554, 20.834173580660629 ], [ -99.487998974422823, 20.833926071106234 ], [ -99.488819084496015, 20.833265186573787 ], [ -99.489170386718683, 20.832769309289706 ], [ -99.489169687216901, 20.831901029715883 ], [ -99.488993172686335, 20.831073955528218 ], [ -99.488289216847122, 20.830370495805482 ], [ -99.487292091128523, 20.829542754833813 ], [ -99.486119162958516, 20.828756210264682 ], [ -99.485532332071827, 20.827887447952925 ], [ -99.485004411854064, 20.827390852155354 ], [ -99.484886668628675, 20.826729208020527 ], [ -99.484885801889661, 20.825612847121686 ], [ -99.485178164375625, 20.824703462080862 ], [ -99.485646266659145, 20.82367018135167 ], [ -99.485587072403874, 20.822925892272803 ], [ -99.485703232554755, 20.821561547293697 ], [ -99.485526524487668, 20.820445040866883 ], [ -99.485350141066107, 20.819742001354847 ], [ -99.48534936864101, 20.818749679817667 ], [ -99.485758712111419, 20.817550963058267 ], [ -99.486813025043801, 20.816683547806846 ], [ -99.487808912624686, 20.816064159019454 ], [ -99.488336207916404, 20.815816506314956 ], [ -99.489507813598593, 20.81507320987 ], [ -99.490107800506522, 20.814756106454954 ], [ -99.490679508515854, 20.814453945757034 ], [ -99.491323607231607, 20.813710216595936 ], [ -99.491351982574329, 20.813658688526655 ], [ -99.491733263153208, 20.812966300069078 ], [ -99.492318741620537, 20.812222520963054 ], [ -99.493080108494667, 20.811561570978075 ], [ -99.493665678180605, 20.810941827566349 ], [ -99.49360634785215, 20.810073500654081 ], [ -99.493560292579076, 20.809272923476836 ], [ -99.493546880892552, 20.809039786686444 ], [ -99.493663236489482, 20.808006209660764 ], [ -99.493955479947331, 20.807055462774009 ], [ -99.494951205623053, 20.806353340184796 ], [ -99.496006053376163, 20.806271457862664 ], [ -99.497236895961422, 20.806396436188884 ], [ -99.498115922937558, 20.806314407432012 ], [ -99.499404978535864, 20.80598460045336 ], [ -99.499638576169062, 20.805033800723685 ], [ -99.499461751891332, 20.803875961455695 ], [ -99.499050832414881, 20.803090067056058 ], [ -99.497819518818787, 20.802386246823215 ], [ -99.496998837370626, 20.802137544253537 ], [ -99.496119798801217, 20.802178220097755 ], [ -99.495299364604648, 20.802218936614217 ], [ -99.493482782535835, 20.802424260961345 ], [ -99.492252178498489, 20.802547335570743 ], [ -99.491314496908728, 20.802546593882784 ], [ -99.490669907813327, 20.802628774561505 ], [ -99.489614716069624, 20.802255808994655 ], [ -99.488441430966276, 20.800766378263688 ], [ -99.488909011174016, 20.799195579175496 ], [ -99.490430938387263, 20.797005423238026 ], [ -99.491074730986611, 20.795972267285471 ], [ -99.492011627265697, 20.795063381330454 ], [ -99.492831444892261, 20.794319785540353 ], [ -99.493651117342779, 20.793410798698776 ], [ -99.494412385724175, 20.792749843365147 ], [ -99.496696747689654, 20.791469853236425 ], [ -99.498396028011769, 20.791305755799211 ], [ -99.499451521891359, 20.792092136767401 ], [ -99.500331042255894, 20.792671646639601 ], [ -99.501034873850458, 20.79337506241421 ], [ -99.501621399093267, 20.793954348749335 ], [ -99.502022492831514, 20.794339523558509 ], [ -99.502515930927416, 20.794581720928392 ], [ -99.502819865669579, 20.79453580349492 ], [ -99.503166449365025, 20.794303105279401 ], [ -99.503281427569021, 20.793971352107931 ], [ -99.503219617823618, 20.793557869580248 ], [ -99.503097542315842, 20.792937818379734 ], [ -99.502858639081921, 20.792401223223912 ], [ -99.500991722493396, 20.786163109323503 ], [ -99.500225585761541, 20.785795141566926 ], [ -99.49957904614206, 20.785716162175298 ], [ -99.49887347941501, 20.785596141336686 ], [ -99.49781344237276, 20.785188498780133 ], [ -99.496988597930056, 20.784820859759854 ], [ -99.496395570293828, 20.784038015918146 ], [ -99.496215118194925, 20.783459684296403 ], [ -99.495855750853792, 20.782509934803979 ], [ -99.495851459613647, 20.781930574135782 ], [ -99.496607444753735, 20.780932926411293 ], [ -99.497602283394812, 20.780471879816833 ], [ -99.498540241100756, 20.780259468638697 ], [ -99.499361067146083, 20.780089123277847 ], [ -99.50024030170394, 20.779877046872045 ], [ -99.501058660290852, 20.779375630419644 ], [ -99.501290144235114, 20.778919040352044 ], [ -99.501517622454415, 20.777924472498615 ], [ -99.501571719240147, 20.777303384506197 ], [ -99.501681143876226, 20.776226739929662 ], [ -99.501792107521055, 20.775357009656471 ], [ -99.50172723000955, 20.774529696479899 ], [ -99.502661445270832, 20.773820668756393 ], [ -99.503598120190105, 20.773442699203219 ], [ -99.504299311103608, 20.772983341467139 ], [ -99.505176952394493, 20.772564326173093 ], [ -99.505578995666667, 20.771361800693853 ], [ -99.505280786906695, 20.770742787290992 ], [ -99.504452916868061, 20.769961353287467 ], [ -99.503619810467228, 20.768476405530826 ], [ -99.503380020536426, 20.767815660070418 ], [ -99.503546597643236, 20.766531753640244 ], [ -99.504068532891267, 20.765659603694743 ], [ -99.505416450260569, 20.765320589077625 ], [ -99.506707695840532, 20.765271595234278 ], [ -99.50747200426126, 20.765391234851045 ], [ -99.508588779973522, 20.765550176669702 ], [ -99.50970431724997, 20.765543579645229 ], [ -99.510519774151504, 20.764669673574343 ], [ -99.511625363411312, 20.763338812093828 ], [ -99.513202488512547, 20.762253453034781 ], [ -99.51442950629162, 20.761459854162133 ], [ -99.515719586163627, 20.761245257367257 ], [ -99.516421307746526, 20.760868617153186 ], [ -99.517119105766582, 20.761631901632331 ], [ -99.518466002126075, 20.760971222017019 ], [ -99.519109659539183, 20.760144697821914 ], [ -99.519401205844346, 20.758739092474624 ], [ -99.519868921205457, 20.757747066277489 ], [ -99.520278332402611, 20.757044429635634 ], [ -99.520921922229149, 20.756176552009222 ], [ -99.521389994322391, 20.755556643218068 ], [ -99.522268586309139, 20.755350456252412 ], [ -99.523206014829455, 20.755392381774062 ], [ -99.524202411548316, 20.755806459148797 ], [ -99.524554611594766, 20.756468221684461 ], [ -99.525433716402645, 20.756758180132906 ], [ -99.526487898668478, 20.756386690053738 ], [ -99.527306432448142, 20.754774651547308 ], [ -99.527656868857036, 20.753741188974669 ], [ -99.528125166186072, 20.753369343206369 ], [ -99.52871041483975, 20.752790830557423 ], [ -99.529588498419216, 20.75212979193196 ], [ -99.530291170844862, 20.751799422488755 ], [ -99.531052160172067, 20.751221002865876 ], [ -99.532165008106261, 20.750973552572336 ], [ -99.532867848077316, 20.750808559915964 ], [ -99.533863385516298, 20.750436992864113 ], [ -99.534800694987084, 20.750396162220444 ], [ -99.535913712202046, 20.750314074961338 ], [ -99.536968006131772, 20.75010790889414 ], [ -99.537846267659603, 20.749653562783564 ], [ -99.538021698228889, 20.749364228607252 ], [ -99.538255066560467, 20.748496070596232 ], [ -99.538957193338774, 20.747710852039571 ], [ -99.539718221711297, 20.747215088460969 ], [ -99.540244912340199, 20.746719200656255 ], [ -99.54159194939821, 20.746389117711914 ], [ -99.54223636289413, 20.746389444505787 ], [ -99.54323227454725, 20.746389944800097 ], [ -99.544228424701146, 20.746597172980188 ], [ -99.544813776874108, 20.746183993887346 ], [ -99.545691895369586, 20.745646915058877 ], [ -99.54586677659141, 20.744902759177066 ], [ -99.545866006045074, 20.744241211500615 ], [ -99.545513936214604, 20.743744880041369 ], [ -99.545103047186714, 20.74304178543548 ], [ -99.54516114936439, 20.742628346650534 ], [ -99.545628840351256, 20.741801640235568 ], [ -99.546096574533735, 20.741016279328047 ], [ -99.546505771625078, 20.74027223574393 ], [ -99.546680643331058, 20.739528078797424 ], [ -99.547031302074146, 20.738825352577994 ], [ -99.547616519852781, 20.738329470911033 ], [ -99.547849866418133, 20.737502647108744 ], [ -99.547849039457788, 20.736799752311278 ], [ -99.54755536597122, 20.736138065090593 ], [ -99.547378222158571, 20.734938925235316 ], [ -99.547143181263991, 20.734318611754304 ], [ -99.54690727183322, 20.732954055876757 ], [ -99.546964882234207, 20.732127148379238 ], [ -99.547256607132823, 20.731134965888195 ], [ -99.547999463216271, 20.72930807924298 ], [ -99.54693585832959, 20.728404138124223 ], [ -99.546521455784401, 20.727951445677391 ], [ -99.545931602803776, 20.727582596187453 ], [ -99.545401728072449, 20.727378916512489 ], [ -99.544752224675193, 20.726886273705055 ], [ -99.544334959681734, 20.72606113041115 ], [ -99.54456240366433, 20.725107890040974 ], [ -99.54497040473305, 20.72473293149087 ], [ -99.545495157168048, 20.724274487865827 ], [ -99.545196884625838, 20.723655541826453 ], [ -99.544665428156179, 20.723244945373512 ], [ -99.544133017112941, 20.722710198716694 ], [ -99.543483219026129, 20.722176167486534 ], [ -99.543360406526844, 20.721473376365971 ], [ -99.543529793670913, 20.720603261064557 ], [ -99.543642717425612, 20.720023184079484 ], [ -99.543401241942377, 20.719155578564354 ], [ -99.54298560036581, 20.718537344906334 ], [ -99.542100093512119, 20.717880592437577 ], [ -99.541042014508619, 20.717680120024013 ], [ -99.539751372179367, 20.717770727122073 ], [ -99.539276754625845, 20.717111481683435 ], [ -99.539502947163683, 20.715992715025028 ], [ -99.539672986845503, 20.715205368411858 ], [ -99.539668218948222, 20.714584624917883 ], [ -99.539195183836298, 20.714132269991541 ], [ -99.538370315972742, 20.713723437513558 ], [ -99.537664423063404, 20.713520802587894 ], [ -99.536780236380196, 20.713029552945031 ], [ -99.536071180030262, 20.712413081979612 ], [ -99.535421770928465, 20.711920401038295 ], [ -99.535172124320724, 20.709976825012927 ], [ -99.535108051750228, 20.709273670310292 ], [ -99.53474926273806, 20.708406761303603 ], [ -99.534333369787149, 20.707747121596448 ], [ -99.534212826771935, 20.707334002447553 ], [ -99.533561548767096, 20.706593015683445 ], [ -99.532911856852579, 20.706058941231984 ], [ -99.532087680758977, 20.705732842953843 ], [ -99.531029698122211, 20.705532306593618 ], [ -99.529562469882109, 20.705541155092352 ], [ -99.529094846192393, 20.70579228213067 ], [ -99.528391172793292, 20.705879257103465 ], [ -99.527858911671984, 20.705344488510594 ], [ -99.527148669519349, 20.704562446516466 ], [ -99.526322314247665, 20.703946638773111 ], [ -99.525261839978029, 20.70341500199612 ], [ -99.524087445436507, 20.70333927598902 ], [ -99.523086297563012, 20.702890039877548 ], [ -99.521964024102928, 20.701944902818745 ], [ -99.521490454852525, 20.701409730402318 ], [ -99.520841764518579, 20.700999758047409 ], [ -99.51706395241888, 20.698125340406129 ], [ -99.515410154156356, 20.696728087177824 ], [ -99.514048259309163, 20.695122159892744 ], [ -99.512684531172923, 20.693267921679606 ], [ -99.511966359268612, 20.691409849396898 ], [ -99.51061384171777, 20.691045389351434 ], [ -99.509139632016598, 20.690102246291033 ], [ -99.508498447770791, 20.688896675307632 ], [ -99.508614251971537, 20.687449605428487 ], [ -99.508496491043033, 20.686746619378674 ], [ -99.50820282569363, 20.685795424787145 ], [ -99.507616889038076, 20.685422881799759 ], [ -99.506913947268174, 20.685174294294661 ], [ -99.506152669878816, 20.68517374503395 ], [ -99.505157043062482, 20.685048979910626 ], [ -99.504512264658842, 20.684345605244051 ], [ -99.504570056819148, 20.683477355486652 ], [ -99.505272326041535, 20.682981701987622 ], [ -99.505916216379887, 20.68269273956891 ], [ -99.505915589182976, 20.681989835966814 ], [ -99.505914851408534, 20.681162890479204 ], [ -99.506148456367853, 20.680460156587792 ], [ -99.507553736121423, 20.680337127105492 ], [ -99.508549220968362, 20.68033783725696 ], [ -99.509486072073344, 20.680255805864171 ], [ -99.510774039984014, 20.679925931339064 ], [ -99.511066331220505, 20.679388621056781 ], [ -99.510772817932491, 20.678602819115092 ], [ -99.510244737642452, 20.677444727092187 ], [ -99.509482818276879, 20.676699940787032 ], [ -99.508896688065079, 20.676079317400617 ], [ -99.508076300956262, 20.675417177529372 ], [ -99.507197216377861, 20.674589602257853 ], [ -99.506552437039332, 20.67384488634309 ], [ -99.505731924929194, 20.6730173454227 ], [ -99.505028787502695, 20.672479317371113 ], [ -99.504325655007136, 20.671941286316631 ], [ -99.503798444809604, 20.67169281355892 ], [ -99.502978679668132, 20.67169220559564 ], [ -99.502510637345807, 20.672146677182145 ], [ -99.501808407908669, 20.672642319210549 ], [ -99.501047796241252, 20.673344650957354 ], [ -99.500403864586005, 20.673550900194975 ], [ -99.499817642211227, 20.672764855303711 ], [ -99.499699477700347, 20.671524345339712 ], [ -99.500401391192824, 20.670656585581206 ], [ -99.501454905234311, 20.670119866832682 ], [ -99.502332929416553, 20.669789747213812 ], [ -99.503269431329443, 20.669376971988523 ], [ -99.503678764664315, 20.668757065686012 ], [ -99.503502525696362, 20.668095377923528 ], [ -99.502857432536373, 20.666937173084616 ], [ -99.502330027162586, 20.666440611087594 ], [ -99.501392722412646, 20.665902391447862 ], [ -99.500924196504229, 20.665777995481832 ], [ -99.500806560687167, 20.665157696107745 ], [ -99.500806065137411, 20.66457883273295 ], [ -99.501098044508993, 20.663669411791414 ], [ -99.501507336446878, 20.663008162977814 ], [ -99.501389629589269, 20.662305169022538 ], [ -99.501505807023179, 20.66123022507773 ], [ -99.501622089757021, 20.660279323159106 ], [ -99.501797063622377, 20.659493854778535 ], [ -99.503261065432284, 20.659784381896493 ], [ -99.505076410187726, 20.660116501877269 ], [ -99.507711839172174, 20.660862666837218 ], [ -99.50829753083373, 20.661069823082883 ], [ -99.508824335553754, 20.660904809450198 ], [ -99.509702479329732, 20.660781390157698 ], [ -99.510054236339471, 20.661277806198317 ], [ -99.510523021240743, 20.661691608966382 ], [ -99.511577126398436, 20.661899081932205 ], [ -99.512279351608797, 20.661486095870483 ], [ -99.512923061122933, 20.661114414077474 ], [ -99.513214923048267, 20.660163626569108 ], [ -99.513448348017917, 20.659336840448585 ], [ -99.513622794013514, 20.658055193193317 ], [ -99.513563507458613, 20.657269553589142 ], [ -99.513261284369108, 20.65472572759419 ], [ -99.513321344846233, 20.653859631570192 ], [ -99.513440067312544, 20.652952367557116 ], [ -99.513734426022438, 20.65212783156564 ], [ -99.514320280216566, 20.652169861132894 ], [ -99.515021931245414, 20.653036972836471 ], [ -99.515664651079391, 20.654110235682126 ], [ -99.516835273118176, 20.654854221565277 ], [ -99.518534481638028, 20.654856456056844 ], [ -99.520702979765232, 20.654529311731466 ], [ -99.521816454128711, 20.654407013610872 ], [ -99.523105705952304, 20.654284934077811 ], [ -99.524101052750154, 20.654739919708433 ], [ -99.524450406456523, 20.656101497916758 ], [ -99.525971653418537, 20.657464563369579 ], [ -99.527143209441377, 20.657672275301127 ], [ -99.532603544285166, 20.650625936078679 ], [ -99.533775441774623, 20.650586126207788 ], [ -99.534771755915585, 20.650422355694971 ], [ -99.536706103853916, 20.649888495415482 ], [ -99.536649356891459, 20.648692281917636 ], [ -99.536709219569758, 20.647867426376596 ], [ -99.53694561489479, 20.646547826786758 ], [ -99.537123353362631, 20.645269402561524 ], [ -99.537828074265121, 20.644197843183971 ], [ -99.53917732448248, 20.643085804280787 ], [ -99.54029101133419, 20.642757157384157 ], [ -99.541521683153064, 20.642552380494323 ], [ -99.541806129179022, 20.642572742723491 ], [ -99.54269332896996, 20.642636250369716 ], [ -99.543922762606542, 20.643256382346912 ], [ -99.54515208337331, 20.643958997867838 ], [ -99.546968464038287, 20.643878598131707 ], [ -99.548902804447422, 20.64326211103571 ], [ -99.552829906667057, 20.642111630484067 ], [ -99.553767731582369, 20.641823947895091 ], [ -99.554996790631151, 20.642732723831976 ], [ -99.556343508385041, 20.643311648910874 ], [ -99.557867740222662, 20.64265336742903 ], [ -99.558806538660747, 20.641664472006852 ], [ -99.560682726980289, 20.640676575410048 ], [ -99.562674819073678, 20.64059619911631 ], [ -99.564608994368143, 20.640020784401102 ], [ -99.565792369220105, 20.640386070443213 ], [ -99.566198149609988, 20.639762766024596 ], [ -99.566603926735297, 20.639139460684415 ], [ -99.566948765694377, 20.638226838912054 ], [ -99.566998989805313, 20.637150513678524 ], [ -99.56757944476918, 20.636360576284623 ], [ -99.568692725447306, 20.636188085959624 ], [ -99.57021696278828, 20.636054403587579 ], [ -99.571624850646074, 20.63604559173038 ], [ -99.572620473910433, 20.635832427976435 ], [ -99.573669860821056, 20.634998145306817 ], [ -99.574133929777389, 20.634333071838157 ], [ -99.57447675407262, 20.633172137751142 ], [ -99.57429620057944, 20.632593880454657 ], [ -99.574364839713624, 20.631539208064208 ], [ -99.574509765163157, 20.63106520853913 ], [ -99.574515989490521, 20.631044850915433 ], [ -99.574757256626896, 20.630255745305909 ], [ -99.57569523113176, 20.629761715037844 ], [ -99.576750206961322, 20.629391532785672 ], [ -99.577688064185011, 20.62897998424932 ], [ -99.578450744916964, 20.628114553069704 ], [ -99.579155148468104, 20.627001585247132 ], [ -99.579156664931375, 20.62580544644122 ], [ -99.578807008136309, 20.624361491332127 ], [ -99.578867213393508, 20.623082916310221 ], [ -99.579102373615967, 20.622423203480597 ], [ -99.578927313161785, 20.621886833480307 ], [ -99.578694198435628, 20.620937944674857 ], [ -99.57887166773024, 20.619576990029 ], [ -99.579283083465398, 20.618504984519298 ], [ -99.579752315410943, 20.618031104308404 ], [ -99.58022154445834, 20.617557222866825 ], [ -99.580985523035437, 20.617418521974074 ], [ -99.581803528103464, 20.617270008524656 ], [ -99.58344321340067, 20.617684020014885 ], [ -99.584555341969462, 20.618386247571802 ], [ -99.586194592000439, 20.619171447851524 ], [ -99.587072174948247, 20.620079672659944 ], [ -99.589180490988937, 20.620535304467897 ], [ -99.591234215257217, 20.617649921745766 ], [ -99.591879508849516, 20.61686682072277 ], [ -99.592524552074678, 20.616289948037341 ], [ -99.593286503203643, 20.615919407196827 ], [ -99.593873201489842, 20.615136247246117 ], [ -99.59399132417073, 20.614311427728602 ], [ -99.594168022624913, 20.613486659560692 ], [ -99.593816948548238, 20.613156381302787 ], [ -99.593524743772335, 20.612578677134387 ], [ -99.593350033973948, 20.611712352909993 ], [ -99.592999598506395, 20.61084587279905 ], [ -99.593000474659419, 20.610103442000334 ], [ -99.593352803042137, 20.609361322190164 ], [ -99.594817957898044, 20.60870267213425 ], [ -99.595989746901296, 20.608456217133597 ], [ -99.596576069474807, 20.607961771391182 ], [ -99.597220962850585, 20.607467374224409 ], [ -99.597865757262895, 20.607055467008621 ], [ -99.598393163382156, 20.60684968798861 ], [ -99.598920096972364, 20.607056368742139 ], [ -99.600384737681395, 20.60681013372955 ], [ -99.601439261012587, 20.606646035663754 ], [ -99.60237709538201, 20.606069372595279 ], [ -99.603138925365727, 20.605740035841428 ], [ -99.604017533538865, 20.605740761121009 ], [ -99.604574057866017, 20.605414855390766 ], [ -99.604720875554634, 20.605328877086162 ], [ -99.605365140954035, 20.605370649643152 ], [ -99.605614548014444, 20.605546614924908 ], [ -99.605774840076748, 20.605659706091423 ], [ -99.606829168881276, 20.605660559830593 ], [ -99.6073565574534, 20.605454753852698 ], [ -99.607767647352944, 20.604465176790672 ], [ -99.608178553537257, 20.603640583136841 ], [ -99.608472265402185, 20.602857141227751 ], [ -99.608707490952341, 20.601991159994476 ], [ -99.609176824676481, 20.601290348962191 ], [ -99.609704903025147, 20.600424598659057 ], [ -99.61017400686822, 20.599930015508832 ], [ -99.610701459144224, 20.599641707613646 ], [ -99.611521547381969, 20.599559857454825 ], [ -99.612107697926291, 20.599147852808265 ], [ -99.612401207402058, 20.598529388894406 ], [ -99.612636448147029, 20.597622156520305 ], [ -99.612637317891256, 20.596797234670355 ], [ -99.612637926781758, 20.596219789329034 ], [ -99.612697323082187, 20.595436158819201 ], [ -99.612932167004416, 20.59490014080491 ], [ -99.613576692639498, 20.594653161180293 ], [ -99.614428465601137, 20.594336375849483 ], [ -99.614572761792331, 20.59428270969708 ], [ -99.615568740549662, 20.593994744761396 ], [ -99.616681768888398, 20.593789354439465 ], [ -99.617619255439081, 20.593418841666761 ], [ -99.618322797695626, 20.592718181545109 ], [ -99.619495256597858, 20.59164664939496 ], [ -99.619926168845438, 20.5911014256633 ], [ -99.620374900925455, 20.590533649711762 ], [ -99.620635051628298, 20.590886645187194 ], [ -99.621135252564372, 20.591565356206814 ], [ -99.621544572552978, 20.59222559046102 ], [ -99.622071525516006, 20.592390955447925 ], [ -99.623360115993194, 20.592309387340165 ], [ -99.624238199949517, 20.592763718254151 ], [ -99.6246476975723, 20.593258960524508 ], [ -99.624119930524955, 20.593918524233235 ], [ -99.623533224375379, 20.594949258996511 ], [ -99.623356743930032, 20.595732808396374 ], [ -99.623238628762934, 20.596722629509941 ], [ -99.622827170219793, 20.598207193432 ], [ -99.62393896438121, 20.599280382311065 ], [ -99.624699223739327, 20.600477054364202 ], [ -99.62616311707589, 20.600890539232903 ], [ -99.627158284107736, 20.601468672770622 ], [ -99.628739376473249, 20.601840970167316 ], [ -99.630144643066075, 20.602336872679015 ], [ -99.631374508193957, 20.602502679167944 ], [ -99.632077223834614, 20.602668129094429 ], [ -99.632838323357731, 20.603039844254258 ], [ -99.634067217013055, 20.604278025232652 ], [ -99.634710957930395, 20.604897131095026 ], [ -99.635882385875533, 20.60493912928596 ], [ -99.637288033715194, 20.605063759219295 ], [ -99.638108498785698, 20.604569323778421 ], [ -99.639163068624796, 20.604281259374044 ], [ -99.639807624275761, 20.603992936450613 ], [ -99.640978974056338, 20.604117391999885 ], [ -99.641857531953292, 20.604159171091286 ], [ -99.643204779145634, 20.604077488318669 ], [ -99.644318431615801, 20.603170739994841 ], [ -99.645256077026659, 20.602593848824572 ], [ -99.646311031350663, 20.601810791368514 ], [ -99.64701420277764, 20.601439984358251 ], [ -99.648303290608197, 20.600822033026123 ], [ -99.650938380797129, 20.601607179643576 ], [ -99.651582638071602, 20.601648780091605 ], [ -99.652051081483734, 20.60181401971586 ], [ -99.65281267951525, 20.60160820465882 ], [ -99.653339793419718, 20.601649735078993 ], [ -99.653808270960738, 20.601773724101012 ], [ -99.654511133466315, 20.601774099176676 ], [ -99.65503834438239, 20.601691887043227 ], [ -99.655916890036423, 20.60173359498075 ], [ -99.656678165918606, 20.60194022075687 ], [ -99.657498266799749, 20.601816907140009 ], [ -99.658084203939708, 20.601528487068254 ], [ -99.658846070891215, 20.600951433863258 ], [ -99.659197747438242, 20.600621645509463 ], [ -99.659731499044824, 20.600418463244768 ], [ -99.659960097453023, 20.599384655457417 ], [ -99.660136301295196, 20.598724811170552 ], [ -99.660429552620556, 20.598188762361403 ], [ -99.660605753211343, 20.597528917597696 ], [ -99.660957692661, 20.596827913985194 ], [ -99.661426737887567, 20.596168213198094 ], [ -99.661837149189836, 20.595590974015021 ], [ -99.662306036217416, 20.595137499768793 ], [ -99.662657842419861, 20.594601475915777 ], [ -99.663068005415724, 20.594354200038225 ], [ -99.663478196908244, 20.594065677458467 ], [ -99.664064152371779, 20.593694746470195 ], [ -99.665177133655305, 20.593447800126633 ], [ -99.666407189986757, 20.59328339263125 ], [ -99.66757858875873, 20.593242686867022 ], [ -99.668398804116848, 20.592871848577477 ], [ -99.669043566066549, 20.592129716100963 ], [ -99.669278460750789, 20.591222415183339 ], [ -99.669806105019234, 20.590438981754399 ], [ -99.670860931348116, 20.589532041960737 ], [ -99.671564068075057, 20.589037400596229 ], [ -99.672560005964499, 20.58858412825645 ], [ -99.673204457215206, 20.588254438130004 ], [ -99.674141629480218, 20.588089851930057 ], [ -99.675137339200191, 20.58796653071736 ], [ -99.676308772566031, 20.587802029916887 ], [ -99.677362992234322, 20.587761211261473 ], [ -99.678065709714517, 20.587885229433482 ], [ -99.678885458000295, 20.588174273513776 ], [ -99.679880908852383, 20.588463381761716 ], [ -99.680583959980012, 20.588051195950648 ], [ -99.679706970927711, 20.585617362106888 ], [ -99.679180164475099, 20.585163453781984 ], [ -99.678829004876121, 20.584792104461055 ], [ -99.678829185384672, 20.584503384618465 ], [ -99.679063625568517, 20.584214756957778 ], [ -99.679356552726247, 20.584049888989739 ], [ -99.680000867922359, 20.583885157064355 ], [ -99.680820926305799, 20.583637998757688 ], [ -99.681641157236498, 20.583102116888213 ], [ -99.682403091427076, 20.58211250693375 ], [ -99.683282020173195, 20.581329165430866 ], [ -99.683399565722937, 20.580628032133351 ], [ -99.683692701911738, 20.580091945992791 ], [ -99.683985787210247, 20.579638350735486 ], [ -99.6841032063992, 20.579143445347501 ], [ -99.684337847776419, 20.578483599759757 ], [ -99.684923692270743, 20.578112600527323 ], [ -99.685567976110022, 20.577947848632792 ], [ -99.686153361883797, 20.578360513068013 ], [ -99.686621696491684, 20.578649397450256 ], [ -99.687207087720381, 20.579062058132578 ], [ -99.687616816498675, 20.579433410670191 ], [ -99.6882023065873, 20.579681085207845 ], [ -99.689022212825293, 20.579640117126385 ], [ -99.690017328422925, 20.580465361552715 ], [ -99.690778561692809, 20.580630593808031 ], [ -99.69171559870793, 20.580589650972115 ], [ -99.692242735890161, 20.580466082225893 ], [ -99.692652601901727, 20.580610571488727 ], [ -99.693062468658184, 20.58075505975641 ], [ -99.694175087204286, 20.580920386412235 ], [ -99.695053689771484, 20.580631934005925 ], [ -99.69575674806201, 20.580054706007015 ], [ -99.695764048399766, 20.58003289017115 ], [ -99.695991361318846, 20.579353600487902 ], [ -99.695991552303056, 20.578982390183569 ], [ -99.695933286929559, 20.578404934548679 ], [ -99.695523669631157, 20.577786128557541 ], [ -99.694996974587866, 20.577084794899612 ], [ -99.694352900697154, 20.576878371011823 ], [ -99.694001899200799, 20.576177087685387 ], [ -99.694470890829095, 20.575228582174464 ], [ -99.694939682921145, 20.574651286031983 ], [ -99.695525636034077, 20.573991532583005 ], [ -99.695877192718527, 20.573620426976895 ], [ -99.69669735855507, 20.573001984930418 ], [ -99.697751134530208, 20.573620974709485 ], [ -99.698277850135682, 20.57428105465079 ], [ -99.698804590811491, 20.57489988722093 ], [ -99.699741508350641, 20.575023884295081 ], [ -99.700619926054713, 20.57502412373001 ], [ -99.701674165224418, 20.574735686203411 ], [ -99.701966852574856, 20.574983236642119 ], [ -99.702786572539921, 20.575272168616102 ], [ -99.703782036997794, 20.575437404270833 ], [ -99.704543220103403, 20.575685067455257 ], [ -99.705245769053519, 20.576097695119309 ], [ -99.706006957618513, 20.576345351684385 ], [ -99.706475100499546, 20.577129127754919 ], [ -99.707762920375799, 20.578366791945378 ], [ -99.708406784451398, 20.579109356638483 ], [ -99.708992109592415, 20.579810660286888 ], [ -99.709694706684857, 20.580182023318365 ], [ -99.710631577091888, 20.580512187529905 ], [ -99.711685594922429, 20.580801125127785 ], [ -99.712388471575565, 20.580512549572695 ], [ -99.712330295345296, 20.579563892221046 ], [ -99.712506520791138, 20.578244072700357 ], [ -99.712682576046518, 20.57733670759545 ], [ -99.713151304213241, 20.576759364073979 ], [ -99.712917190968625, 20.576429353925789 ], [ -99.715376824694928, 20.576306088874588 ], [ -99.716489445895476, 20.576430026963163 ], [ -99.717719253420668, 20.576388996170746 ], [ -99.718890498519457, 20.576347947052056 ], [ -99.720061772283117, 20.576224399192739 ], [ -99.721057417874633, 20.575935835248561 ], [ -99.721994555433199, 20.57548227549421 ], [ -99.72287308430019, 20.575152438732562 ], [ -99.723751554071256, 20.574987579188324 ], [ -99.724395778480599, 20.574822684307811 ], [ -99.725215576471044, 20.574987772710269 ], [ -99.726503968077381, 20.574822951278282 ], [ -99.727558190339309, 20.574410621484287 ], [ -99.728378164866967, 20.573998259840305 ], [ -99.729022466364654, 20.573544630491622 ], [ -99.729432535848815, 20.573049729283497 ], [ -99.729725482895233, 20.572554815204171 ], [ -99.729901308656693, 20.57205988881428 ], [ -99.730077169722648, 20.571441226172883 ], [ -99.730311540401644, 20.570987550620984 ], [ -99.730370328834908, 20.570203894556265 ], [ -99.730370497752759, 20.569626459449147 ], [ -99.730546366484944, 20.568966550931698 ], [ -99.730897836999489, 20.568554131468854 ], [ -99.730839445993453, 20.567976690650525 ], [ -99.731132438721374, 20.567275547477724 ], [ -99.731601019340133, 20.566863137802024 ], [ -99.73253790818471, 20.566986958175455 ], [ -99.733592003765807, 20.566780820149212 ], [ -99.734236270704244, 20.566285927050405 ], [ -99.73447068757126, 20.565584774099644 ], [ -99.734705113343864, 20.56484237548619 ], [ -99.735173806771485, 20.563935012304366 ], [ -99.736569539534685, 20.564048741409209 ], [ -99.738593573408679, 20.565440087348591 ], [ -99.739956456920325, 20.566376922056055 ], [ -99.740894593991968, 20.566091367493083 ], [ -99.74358165812238, 20.567816065388865 ], [ -99.746268530072612, 20.569541888823878 ], [ -99.751508286373422, 20.57031267278218 ], [ -99.75229614363576, 20.570428552473324 ], [ -99.753227196378845, 20.570565493126999 ], [ -99.754096421278405, 20.570711042453816 ], [ -99.758911932820467, 20.571401486441399 ], [ -99.759176961668871, 20.571050512705273 ], [ -99.759441983499798, 20.570699546294435 ], [ -99.760172531116041, 20.570775514710114 ], [ -99.760671438062218, 20.570827399057947 ], [ -99.760708087558271, 20.571080577208399 ], [ -99.760785313725179, 20.57161405967787 ], [ -99.761427525144626, 20.572112612708047 ], [ -99.761133987179818, 20.572277270863378 ], [ -99.761131240338997, 20.572939424884492 ], [ -99.761128493575541, 20.57360157885606 ], [ -99.760703382288099, 20.577242191861437 ], [ -99.760057196729861, 20.577695483127386 ], [ -99.76138497709249, 20.582375994117093 ], [ -99.761145361272824, 20.583658212199023 ], [ -99.764458175860455, 20.589958660019906 ], [ -99.766266917614686, 20.591702217799188 ], [ -99.765508727121684, 20.591873303102492 ], [ -99.743457951303881, 20.596847439534155 ], [ -99.748478681903237, 20.600918692416528 ], [ -99.760933566703343, 20.629417253920842 ], [ -99.764670608491656, 20.637965782153564 ], [ -99.783335895783068, 20.637669159714349 ], [ -99.788872256974145, 20.637580786791602 ], [ -99.788562749466124, 20.641759751111501 ], [ -99.788969163607035, 20.642712746418553 ], [ -99.78920126248228, 20.64329278668303 ], [ -99.78943221925968, 20.644162515054596 ], [ -99.789427807116411, 20.645279884951201 ], [ -99.789715570300388, 20.64660500288301 ], [ -99.78993902657173, 20.649378396221536 ], [ -99.789639660213894, 20.650991546575899 ], [ -99.789343228808008, 20.651859783677601 ], [ -99.788693554169797, 20.653140866259012 ], [ -99.788747576614128, 20.654299784965531 ], [ -99.788743161881541, 20.655417153715344 ], [ -99.788329676989989, 20.656243673545461 ], [ -99.788208381818592, 20.657277942330818 ], [ -99.788027336637015, 20.658601733134521 ], [ -99.787495158866975, 20.659800375289723 ], [ -99.787429839035866, 20.661496953603823 ], [ -99.790488011524374, 20.658774221373164 ], [ -99.80837125234342, 20.656382006097491 ], [ -99.809006709938984, 20.658784018141333 ], [ -99.810000435084277, 20.659448856599827 ], [ -99.81017277586858, 20.660359776268699 ], [ -99.810933990911423, 20.660527369115691 ], [ -99.811569979879422, 20.662805217240244 ], [ -99.812678126635902, 20.664215262752592 ], [ -99.813498125054394, 20.66434161718367 ], [ -99.813493580325002, 20.665541746891041 ], [ -99.814135735190078, 20.666205615344701 ], [ -99.814073685615853, 20.66711590129804 ], [ -99.814598298225604, 20.667862183713844 ], [ -99.816475595739576, 20.667370623647173 ], [ -99.816653595702107, 20.666791719608874 ], [ -99.81776850651238, 20.666422228587162 ], [ -99.817479680003402, 20.665304088472308 ], [ -99.817560022860334, 20.66525981806533 ], [ -99.81764036566976, 20.665215547622285 ], [ -99.818471471193703, 20.664757588739132 ], [ -99.81854670769647, 20.664716131310325 ], [ -99.818621944157584, 20.664674673849863 ], [ -99.819053614765167, 20.664436809837209 ], [ -99.819139016579257, 20.664389750552299 ], [ -99.819224418339687, 20.664342691226615 ], [ -99.819864576925426, 20.663989939450527 ], [ -99.819946045033177, 20.663945047135037 ], [ -99.820326624604604, 20.664388644456402 ], [ -99.82102878115343, 20.665207057370381 ], [ -99.821404944403767, 20.665645497187366 ], [ -99.822344686301548, 20.665110037377055 ], [ -99.823395223511312, 20.666271506586572 ], [ -99.824510462402273, 20.665819252076954 ], [ -99.826191377451323, 20.667959158840876 ], [ -99.826338381345593, 20.6681462999484 ], [ -99.82701871000917, 20.669012374291071 ], [ -99.826604635977333, 20.670045897184185 ], [ -99.82853546143923, 20.67091998151993 ], [ -99.82912747913889, 20.669307539207495 ], [ -99.831186306477704, 20.667243660520793 ], [ -99.83265614916499, 20.665964541483284 ], [ -99.833361229060586, 20.665469744944133 ], [ -99.833691476761757, 20.665170471961755 ], [ -99.846002139144986, 20.654079792294809 ] ] ] ] } },
{ "type": "Feature", "properties": { "CVE_PAIS": "MX", "NOM_PAIS": "MEXICO", "CVE_ENT": "22", "NOM_ENT": "QUERETARO", "CU_MUN": "22005", "NOM_MUN": "COLON" }, "geometry": { "type": "MultiPolygon", "coordinates": [ [ [ [ -100.181106160968326, 20.933563245941265 ], [ -100.166225509579462, 20.939659612906354 ], [ -100.165404382946292, 20.939795411982061 ], [ -100.164578567094836, 20.939641782437331 ], [ -100.163933155792193, 20.939733709288824 ], [ -100.163816234189923, 20.939776734351227 ], [ -100.163460114240934, 20.939575037796775 ], [ -100.162873497832592, 20.939666121462913 ], [ -100.161934107180869, 20.939762235477843 ], [ -100.161231235052512, 20.93993768374672 ], [ -100.160533040959706, 20.940402554387184 ], [ -100.160066016134351, 20.940615991579762 ], [ -100.159242872603059, 20.940627722068886 ], [ -100.158712372620371, 20.940552568033073 ], [ -100.158531976723836, 20.940307001707744 ], [ -100.158232654045293, 20.939980416991236 ], [ -100.157879211702067, 20.939944094469638 ], [ -100.15770549552235, 20.940111992202919 ], [ -100.157652041746559, 20.940443601440027 ], [ -100.157599923275527, 20.94085790366405 ], [ -100.157485001944991, 20.941024964016822 ], [ -100.157310616442004, 20.941151514900735 ], [ -100.156958506619631, 20.941197883614677 ], [ -100.156605729056295, 20.941202905094475 ], [ -100.155782581167486, 20.941214619047678 ], [ -100.155083696282446, 20.941638121838661 ], [ -100.154907973888328, 20.941681977299623 ], [ -100.154611323615754, 20.941520772235002 ], [ -100.153716709686179, 20.940747727781865 ], [ -100.153480191807859, 20.940668377873717 ], [ -100.153302470268841, 20.940588191931607 ], [ -100.153011822174975, 20.94079910309658 ], [ -100.152548782625828, 20.941260599753427 ], [ -100.152316262319147, 20.941429327769455 ], [ -100.152141205475559, 20.941514526997157 ], [ -100.151547245548585, 20.941150759782953 ], [ -100.150955952144827, 20.940952376804866 ], [ -100.150542380540969, 20.940834180765268 ], [ -100.15006868194439, 20.940634125036677 ], [ -100.149711911232203, 20.94039105240503 ], [ -100.149356472608062, 20.940230672253257 ], [ -100.149121288362721, 20.940234009444804 ], [ -100.148888765494831, 20.940402732913334 ], [ -100.148540645465857, 20.940697164215045 ], [ -100.148369578429467, 20.941030439570106 ], [ -100.148255976798055, 20.941280187494495 ], [ -100.148201171400132, 20.941529101399812 ], [ -100.148144370320196, 20.941653975322076 ], [ -100.147792920590902, 20.941741671959626 ], [ -100.147146821858982, 20.941792189504145 ], [ -100.146555530891376, 20.941593791136039 ], [ -100.14601905048562, 20.941146477283056 ], [ -100.145717094075636, 20.940654482659617 ], [ -100.145405838253694, 20.939583633442894 ], [ -100.145274295319879, 20.938717018304477 ], [ -100.145318475507878, 20.937806557562233 ], [ -100.145424771989767, 20.937101997444863 ], [ -100.145531067645749, 20.936397437250044 ], [ -100.145408163773425, 20.936068329289792 ], [ -100.144526909753381, 20.936122167317659 ], [ -100.144125307285364, 20.936748196258488 ], [ -100.143663578763977, 20.937292363197042 ], [ -100.143549307825211, 20.937500761572409 ], [ -100.143022142660584, 20.937632291641936 ], [ -100.142497630700319, 20.937929207195939 ], [ -100.141727984661742, 20.937609246392174 ], [ -100.14143069230343, 20.937406670523476 ], [ -100.141190869441317, 20.937120569046542 ], [ -100.140956352396984, 20.937165241564394 ], [ -100.140432500589526, 20.937503497699925 ], [ -100.140201960181813, 20.937796250053047 ], [ -100.13997075602876, 20.938047655317117 ], [ -100.139741539522788, 20.938423100729501 ], [ -100.139275150917925, 20.938677828947583 ], [ -100.138513456717334, 20.938854015458148 ], [ -100.137103681795423, 20.938956637242633 ], [ -100.136898558350921, 20.939000889309078 ], [ -100.136693434773761, 20.939045141134056 ], [ -100.135749391667801, 20.938851683472649 ], [ -100.134746554943291, 20.938659049761029 ], [ -100.133811111610058, 20.939003090882526 ], [ -100.133404828606345, 20.939339668416846 ], [ -100.132940408512255, 20.939718420654305 ], [ -100.132532799892047, 20.939972302421175 ], [ -100.132296292889336, 20.939892922566564 ], [ -100.132055161076977, 20.939524113855377 ], [ -100.131870183889788, 20.938989088698374 ], [ -100.131804120917636, 20.938535100647627 ], [ -100.131800817779322, 20.938328365941413 ], [ -100.130856784101724, 20.938134880698993 ], [ -100.12938491185551, 20.938031531677751 ], [ -100.128384065897905, 20.937962900917025 ], [ -100.127791492556966, 20.937681741590637 ], [ -100.127553672483501, 20.937519660834909 ], [ -100.127490920416307, 20.937272405505368 ], [ -100.127662030913342, 20.936939149023416 ], [ -100.127599278961171, 20.936691893714244 ], [ -100.127420915217229, 20.936570332906019 ], [ -100.127066825741508, 20.936492598800683 ], [ -100.127002756439936, 20.936162649145672 ], [ -100.127113094171293, 20.935706178636583 ], [ -100.12716859246224, 20.935498616873524 ], [ -100.126695597877031, 20.935339840974841 ], [ -100.126163150580695, 20.935140542939113 ], [ -100.125572568925961, 20.934983416297676 ], [ -100.125038806812611, 20.934701420484959 ], [ -100.124919241863097, 20.934579030959107 ], [ -100.124098753534724, 20.934755978837206 ], [ -100.123212886452478, 20.934520277109506 ], [ -100.122739240535338, 20.934320142790206 ], [ -100.122031734319037, 20.934206000780193 ], [ -100.121385654108266, 20.934256419729561 ], [ -100.120858477265372, 20.934387881733791 ], [ -100.120208451430926, 20.934190213388671 ], [ -100.118914317618447, 20.934166993585993 ], [ -100.117671754775387, 20.933688121333358 ], [ -100.115657659104059, 20.932765115956002 ], [ -100.114177975062859, 20.932165465826433 ], [ -100.111468877164398, 20.93191382908547 ], [ -100.110762697974451, 20.931882334055459 ], [ -100.110229627098974, 20.931641637401636 ], [ -100.10987162949813, 20.931315782665486 ], [ -100.108135225820234, 20.929354897593097 ], [ -100.107186043087594, 20.92883049822586 ], [ -100.106064409855961, 20.928556635456143 ], [ -100.104825195496829, 20.928284402755921 ], [ -100.104287575985367, 20.927754254391022 ], [ -100.103569015407899, 20.926937127077455 ], [ -100.102790366176905, 20.926038119438992 ], [ -100.102252761915906, 20.925507963853438 ], [ -100.101421857411765, 20.925023241959625 ], [ -100.100646490067319, 20.924330960900029 ], [ -100.099511218948635, 20.923188754726816 ], [ -100.099332241482458, 20.923025815101759 ], [ -100.099146099200865, 20.922408052245558 ], [ -100.099022005259201, 20.921996210166832 ], [ -100.098837168264083, 20.921461141903666 ], [ -100.098772517063281, 20.921089830467817 ], [ -100.098647122978505, 20.920595292830768 ], [ -100.098645820565721, 20.920512597698984 ], [ -100.098157925449854, 20.919402744763506 ], [ -100.09797439710205, 20.918950370298358 ], [ -100.097499529439801, 20.918667466715974 ], [ -100.096792761815081, 20.918594563352492 ], [ -100.096321150009672, 20.918518394392457 ], [ -100.095905075338067, 20.918234670458375 ], [ -100.095726758093775, 20.918113074152203 ], [ -100.095419809267909, 20.917290198717964 ], [ -100.095292479190178, 20.916671614861897 ], [ -100.094988786625663, 20.916055476511282 ], [ -100.094573371333027, 20.915813096493725 ], [ -100.093982244024971, 20.915614507690929 ], [ -100.093629517567194, 20.915619396403553 ], [ -100.093040990425209, 20.915586194961229 ], [ -100.092447268124261, 20.915222209958351 ], [ -100.092099766137395, 20.930920799367982 ], [ -100.090535767626591, 20.911640373722253 ], [ -100.090506556779857, 20.911280210678772 ], [ -100.089775982801115, 20.91141171650408 ], [ -100.0892469425916, 20.911368116252554 ], [ -100.088953845477818, 20.911160346632919 ], [ -100.08860212999322, 20.91091102237203 ], [ -100.088135195080994, 20.910124310965969 ], [ -100.087902738545097, 20.909503815724047 ], [ -100.087847239378888, 20.908760195418481 ], [ -100.08767358772981, 20.908139956051432 ], [ -100.087028977619482, 20.907641557236317 ], [ -100.085737008749959, 20.907264222077661 ], [ -100.084562647706704, 20.906887392069745 ], [ -100.083564879173295, 20.906470029575072 ], [ -100.082509055262577, 20.90588721041906 ], [ -100.081806782004037, 20.905140743792689 ], [ -100.081107667398967, 20.903692206352041 ], [ -100.080818491397935, 20.90261716134945 ], [ -100.08017429850436, 20.902036138107629 ], [ -100.079588351905528, 20.90157926594777 ], [ -100.079356316679821, 20.900876160103724 ], [ -100.079006687032361, 20.900172534598564 ], [ -100.07824826759385, 20.898847617247473 ], [ -100.077254858976232, 20.897480356683438 ], [ -100.076672486340144, 20.896238807801382 ], [ -100.076150788706016, 20.894584535151736 ], [ -100.076095356396678, 20.893840906987005 ], [ -100.076098533569834, 20.89313883766302 ], [ -100.076162001387956, 20.892106643417701 ], [ -100.076106009788475, 20.891486909622987 ], [ -100.075286809389709, 20.890615994421907 ], [ -100.074758968139761, 20.890324556493471 ], [ -100.073728130177017, 20.889014445517486 ], [ -100.061235447624796, 20.891120530541254 ], [ -100.057713419852547, 20.889989272110743 ], [ -100.057423137520061, 20.889202905236974 ], [ -100.056835468197306, 20.889158969974602 ], [ -100.052556265252761, 20.886536713572259 ], [ -100.051230960011793, 20.880828629330416 ], [ -100.049600373627413, 20.880138174226246 ], [ -100.047658397136118, 20.880548440602016 ], [ -100.046426467814086, 20.879758577649849 ], [ -100.046129246645989, 20.880628080739452 ], [ -100.04600888776443, 20.881373653315332 ], [ -100.046066159267454, 20.881788123039705 ], [ -100.046298767360511, 20.8824930075372 ], [ -100.046003224400167, 20.882906730683025 ], [ -100.045412286918719, 20.883692741066078 ], [ -100.044997293257651, 20.884603427585233 ], [ -100.044583675548012, 20.885141202500456 ], [ -100.043874807352381, 20.886009827274556 ], [ -100.043461796741639, 20.886381861597432 ], [ -100.038960852436418, 20.879162535893485 ], [ -100.039785154099761, 20.878874268842392 ], [ -100.040491541129882, 20.8786686143326 ], [ -100.04108016967983, 20.878504139169195 ], [ -100.041609687298958, 20.878422405174167 ], [ -100.0420824686435, 20.877812491285134 ], [ -100.042667674226749, 20.876781943575839 ], [ -100.042140604757194, 20.876366350018053 ], [ -100.041908623371242, 20.875704175482632 ], [ -100.041499908250941, 20.875123837177487 ], [ -100.040561579414401, 20.874665047901836 ], [ -100.039916567761125, 20.874331549995677 ], [ -100.039506680882326, 20.873999121461516 ], [ -100.038979629716891, 20.873583517255767 ], [ -100.038159668304516, 20.872959973427164 ], [ -100.037748800527623, 20.872834136346885 ], [ -100.037163571787346, 20.872294299885908 ], [ -100.036990398610044, 20.871632385968717 ], [ -100.03699257560082, 20.871177874537324 ], [ -100.036759239629276, 20.870804925930965 ], [ -100.03652649898072, 20.870308019249961 ], [ -100.035821347876436, 20.870263470215484 ], [ -100.035233953639121, 20.870178138000725 ], [ -100.034585795132557, 20.870505726562204 ], [ -100.033878655617386, 20.870874362108957 ], [ -100.033347453300678, 20.871326443787112 ], [ -100.032582721746138, 20.871446888521756 ], [ -100.031877167092148, 20.871484961956803 ], [ -100.031112632772988, 20.871564080918091 ], [ -100.030877314490056, 20.871604316564888 ], [ -100.030348297216548, 20.871601877206857 ], [ -100.029878059589734, 20.871599707514513 ], [ -100.029110722431469, 20.872257287796813 ], [ -100.028638080464333, 20.872750946404988 ], [ -100.02787333700762, 20.87287137052272 ], [ -100.02740630341755, 20.872208085166747 ], [ -100.027352135889998, 20.87125746870402 ], [ -100.027179809031495, 20.870430265630564 ], [ -100.027126045346535, 20.869397010153282 ], [ -100.026954123688199, 20.86848716786076 ], [ -100.027015711659374, 20.867908969461904 ], [ -100.027667285674525, 20.866878980547636 ], [ -100.028304796171255, 20.865791020407848 ], [ -100.028288971243114, 20.865766747236631 ], [ -100.028329663582824, 20.865740572239275 ], [ -100.028735699858018, 20.864735270324129 ], [ -100.028915634589694, 20.863992337556635 ], [ -100.029093165803104, 20.863745236680398 ], [ -100.029506002742693, 20.863457902670451 ], [ -100.029977814440372, 20.863129519793624 ], [ -100.030391447225526, 20.862676906451476 ], [ -100.030922829316424, 20.862183515074257 ], [ -100.031279477127072, 20.861358754728535 ], [ -100.031107342444159, 20.860490235761009 ], [ -100.030993385945237, 20.859745945577703 ], [ -100.030878232404433, 20.859249571256946 ], [ -100.030645929878247, 20.858670015673123 ], [ -100.030942798911767, 20.858051581446297 ], [ -100.031599095498379, 20.856029914982553 ], [ -100.030954782703859, 20.855572420347809 ], [ -100.03048699349938, 20.855074417879923 ], [ -100.029842888136102, 20.854575599325312 ], [ -100.029200388915925, 20.8537462230762 ], [ -100.028498723494053, 20.852999210773525 ], [ -100.027855636626242, 20.852293786957606 ], [ -100.027213158232883, 20.851464402175321 ], [ -100.026922111186096, 20.850884567382749 ], [ -100.026925124712207, 20.850264776052519 ], [ -100.0266340812707, 20.849684940548421 ], [ -100.02616833612214, 20.848773730214923 ], [ -100.025641813439748, 20.848275439632815 ], [ -100.024996745904872, 20.847983197861705 ], [ -100.024465794522158, 20.848393931462908 ], [ -100.024052180381446, 20.848846530342556 ], [ -100.023815078920535, 20.849258630141115 ], [ -100.023401460516752, 20.849711227582404 ], [ -100.022810111041622, 20.850452238249833 ], [ -100.022222192967732, 20.850490816086698 ], [ -100.021753031660268, 20.850282023954595 ], [ -100.021285086297908, 20.849825313585168 ], [ -100.02070020922892, 20.849244093754017 ], [ -100.019877615960681, 20.849198924987974 ], [ -100.019349081647633, 20.849113809354606 ], [ -100.018702599347023, 20.849110780138265 ], [ -100.018407524266408, 20.849357319501845 ], [ -100.018112041580096, 20.849686497420759 ], [ -100.01775961685675, 20.849643523411398 ], [ -100.017172106970804, 20.849599444781827 ], [ -100.017056600412204, 20.849185697443232 ], [ -100.017001087357158, 20.848524308886596 ], [ -100.01605769422379, 20.849139681998157 ], [ -100.014947371983268, 20.847853520579722 ], [ -100.014654744255125, 20.847604218952579 ], [ -100.013658098800164, 20.847103673743824 ], [ -100.013365474601585, 20.846854369745014 ], [ -100.012130272779402, 20.847055138618117 ], [ -100.012546172929333, 20.846148051721922 ], [ -100.012371912049673, 20.845734022758943 ], [ -100.011962573196215, 20.845318882245589 ], [ -100.011494056645901, 20.844986101823991 ], [ -100.011083695743935, 20.844777557042097 ], [ -100.010731900018939, 20.844610609152124 ], [ -100.010201946931005, 20.844814701701431 ], [ -100.009730350688272, 20.845101710556392 ], [ -100.009377115258374, 20.845223997233923 ], [ -100.008848187534554, 20.84522148759525 ], [ -100.008143774853451, 20.845052860321658 ], [ -100.007145515412958, 20.844882832688231 ], [ -100.008874134191757, 20.840015212799056 ], [ -100.01610602895903, 20.827446621031186 ], [ -100.008181303286847, 20.82575628946752 ], [ -99.974189996967198, 20.819434401969946 ], [ -99.947659067162263, 20.813970381156352 ], [ -99.94774881506342, 20.808227149529635 ], [ -99.948172589272602, 20.805915310502307 ], [ -99.947908246601685, 20.800459514353147 ], [ -99.947162983119469, 20.797026009465199 ], [ -99.946653875983571, 20.793387100753634 ], [ -99.951819031779522, 20.794322565562901 ], [ -99.953823423412004, 20.793051797057199 ], [ -99.954061081401576, 20.792557146525173 ], [ -99.954182787875467, 20.791772655891805 ], [ -99.954186551560099, 20.791070208969778 ], [ -99.956309261660081, 20.789634728850309 ], [ -99.956369556295485, 20.789345783881586 ], [ -99.956491911305278, 20.788437330686452 ], [ -99.956788522834302, 20.78790165410021 ], [ -99.957143218458114, 20.787490235816527 ], [ -99.957734667562761, 20.786749443310097 ], [ -99.958915126823854, 20.785722376969105 ], [ -99.959742428539911, 20.784817484261321 ], [ -99.960335832907916, 20.783704800004191 ], [ -99.960749695065701, 20.783211030579224 ], [ -99.961635937891316, 20.782265105459832 ], [ -99.962876396428697, 20.780990387609641 ], [ -99.962939524391771, 20.780164275766563 ], [ -99.963000460685763, 20.779751367655539 ], [ -99.962768110903284, 20.779254340209548 ], [ -99.962887572895454, 20.778883048231688 ], [ -99.963533983061666, 20.77884497959883 ], [ -99.964296788155281, 20.779014100927178 ], [ -99.964419308632884, 20.778064322807854 ], [ -99.964541609113127, 20.777155864935189 ], [ -99.964723089350812, 20.776165061323674 ], [ -99.964668501164539, 20.775379678904699 ], [ -99.963799175689175, 20.773143947634004 ], [ -99.963446940194757, 20.773100853870758 ], [ -99.962566242542451, 20.773013776474258 ], [ -99.962217298662353, 20.772350873850982 ], [ -99.961633170797953, 20.771728105891057 ], [ -99.960520592552456, 20.771061346216008 ], [ -99.960044499077199, 20.772215944825287 ], [ -99.959402299001624, 20.771468910723822 ], [ -99.960535545465461, 20.768251555601093 ], [ -99.96538222195457, 20.762614918439382 ], [ -99.966038393799934, 20.760717423464612 ], [ -99.966997183170918, 20.75712726138471 ], [ -99.965515628412007, 20.754762750980913 ], [ -99.966872787235317, 20.75339890385758 ], [ -99.96999409072464, 20.751666710561931 ], [ -99.969936565491238, 20.751376506526288 ], [ -99.968155163616956, 20.741965802992237 ], [ -99.968651361282639, 20.735793066985213 ], [ -99.96833708136576, 20.726800528668889 ], [ -99.967223251771088, 20.726258938780816 ], [ -99.967107353416068, 20.725885706280465 ], [ -99.967051257177289, 20.725264011273961 ], [ -99.966819110593903, 20.724600417895736 ], [ -99.966293961772976, 20.723770308530053 ], [ -99.965827914264509, 20.722857479549692 ], [ -99.964950151115204, 20.722067874326964 ], [ -99.964423426703448, 20.72161068328225 ], [ -99.96319358675953, 20.720737265928239 ], [ -99.962548501798906, 20.720486938513144 ], [ -99.961471713049932, 20.720517103278667 ], [ -99.961197281930993, 20.720524790013453 ], [ -99.959610025741767, 20.720810621563633 ], [ -99.957730310019599, 20.720805599395145 ], [ -99.955498685514172, 20.720675300290608 ], [ -99.954441165485775, 20.720713888758628 ], [ -99.9524437858352, 20.720749928207233 ], [ -99.950564248638088, 20.720703391472767 ], [ -99.951160883176229, 20.718591738931188 ], [ -99.951222155215788, 20.718011790906782 ], [ -99.951403257076521, 20.716893490482978 ], [ -99.951699304995415, 20.716355616300444 ], [ -99.952171388136065, 20.715859655712162 ], [ -99.952584368127646, 20.715446407337421 ], [ -99.952649243731159, 20.714037733689377 ], [ -99.952654117137328, 20.71291895459056 ], [ -99.952833579845333, 20.712173579065144 ], [ -99.953423122139881, 20.711677933558938 ], [ -99.953896266745645, 20.710933351185115 ], [ -99.954192114911436, 20.710436909403516 ], [ -99.954134638625064, 20.710146696919644 ], [ -99.953018273306768, 20.710226551471816 ], [ -99.952078479358889, 20.710224004405475 ], [ -99.950787348604109, 20.709971876030959 ], [ -99.950317995699791, 20.709846288112868 ], [ -99.946830842367845, 20.714767738192631 ], [ -99.946767369420655, 20.715844921172614 ], [ -99.946529862081832, 20.71642438501031 ], [ -99.945997195765003, 20.7173345326446 ], [ -99.945934263448081, 20.718287406357984 ], [ -99.945874064833461, 20.718618735450384 ], [ -99.945753849221092, 20.719239957263365 ], [ -99.943578797008627, 20.719606899524095 ], [ -99.943230011789083, 20.718777199980256 ], [ -99.942820659098103, 20.718361700459031 ], [ -99.942528605921424, 20.717987961227827 ], [ -99.942235821058262, 20.717779966796613 ], [ -99.941943036985293, 20.717571971831607 ], [ -99.940408054259279, 20.709667233451103 ], [ -99.940662688355133, 20.709678696263047 ], [ -99.940544184992532, 20.709068613139564 ], [ -99.939491337992436, 20.703648044132574 ], [ -99.93874142990731, 20.699786837091466 ], [ -99.938497555914196, 20.69982738611964 ], [ -99.928100624683779, 20.700046638850147 ], [ -99.927702610626838, 20.697144904893737 ], [ -99.937864232333808, 20.696966462693755 ], [ -99.935913708963, 20.687180250859289 ], [ -99.939894306080959, 20.686801160239014 ], [ -99.941367074681565, 20.686660878004428 ], [ -99.942062791435632, 20.686594606049496 ], [ -99.942490943515665, 20.686135519118181 ], [ -99.944413439189717, 20.684074073204663 ], [ -99.945894894560979, 20.682485492827226 ], [ -99.946447418262608, 20.681893004325616 ], [ -99.946977897590386, 20.6813285714138 ], [ -99.947037144945298, 20.68228703916947 ], [ -99.947222691429943, 20.685288591244571 ], [ -99.947252023707094, 20.685763079451227 ], [ -99.94338575976181, 20.686547203354216 ], [ -99.942384464675314, 20.686750262464273 ], [ -99.943138034736549, 20.699715981413391 ], [ -99.947367733808932, 20.699520451841771 ], [ -99.947430836597121, 20.698526139818533 ], [ -99.948665858505976, 20.698156591419341 ], [ -99.948432564690165, 20.697783021087336 ], [ -99.948786412730144, 20.697452494425558 ], [ -99.948729861330747, 20.696955097228084 ], [ -99.94849584210165, 20.696747272392091 ], [ -99.948615669167026, 20.69620892094802 ], [ -99.949027881594361, 20.695961427385011 ], [ -99.949149159426952, 20.695091584563773 ], [ -99.949150430960216, 20.694801529880227 ], [ -99.949269709602817, 20.694387487165162 ], [ -99.949447536970936, 20.694015041261032 ], [ -99.949567722025307, 20.693393816427161 ], [ -99.949804459623664, 20.692980094255649 ], [ -99.949923916726888, 20.692524614738435 ], [ -99.950336298554291, 20.692235682024908 ], [ -99.950572488480844, 20.691946268045982 ], [ -99.950632668819338, 20.691614937102578 ], [ -99.95081230224487, 20.690828126068709 ], [ -99.950877667735924, 20.690280359203168 ], [ -99.950995195648218, 20.689295459817135 ], [ -99.951289384427966, 20.6891719505747 ], [ -99.951584115864833, 20.688924131682104 ], [ -99.951938479963033, 20.688469290115137 ], [ -99.952350847139726, 20.688180353020726 ], [ -99.952644671066537, 20.688139714339012 ], [ -99.952880127637968, 20.688016043000651 ], [ -99.952920831307893, 20.687819358194034 ], [ -99.9529401210591, 20.687726147738978 ], [ -99.952765200919416, 20.687435614775623 ], [ -99.95259046225938, 20.687103645211643 ], [ -99.952415543535594, 20.686813111818896 ], [ -99.952623620693856, 20.685680413558494 ], [ -99.953242204007722, 20.682312517254303 ], [ -99.955001794671588, 20.672731639070573 ], [ -99.955027828530632, 20.672614455311965 ], [ -99.952921666242148, 20.671950018317489 ], [ -99.952811464148766, 20.671542894693722 ], [ -99.953320229526398, 20.663340083938557 ], [ -99.953053357404912, 20.66345912788886 ], [ -99.950477129753054, 20.664608278337614 ], [ -99.951402966108532, 20.666678753585551 ], [ -99.940468907226091, 20.671701175375436 ], [ -99.94020754793749, 20.671286656292491 ], [ -99.939946190099363, 20.670872136739114 ], [ -99.941097813468502, 20.664516530553318 ], [ -99.938581725677835, 20.66371801123579 ], [ -99.952515321622556, 20.656935419173649 ], [ -99.959600586513119, 20.653463842173792 ], [ -99.958767508086382, 20.651759849913699 ], [ -99.956979096436058, 20.648101653364137 ], [ -99.95602355739473, 20.648444158732968 ], [ -99.949608615765442, 20.642832962414868 ], [ -99.950715277417942, 20.639543733854886 ], [ -99.950494335777677, 20.639399602532958 ], [ -99.950436376247652, 20.639361792528135 ], [ -99.950265809019442, 20.639407546341669 ], [ -99.949755839265748, 20.63950175277666 ], [ -99.948915745341878, 20.638911182445092 ], [ -99.948047982428918, 20.638850169022 ], [ -99.946845664823741, 20.638837278060521 ], [ -99.946914417517249, 20.638523371273532 ], [ -99.947002243064176, 20.638226219472855 ], [ -99.947012468258336, 20.638191623147062 ], [ -99.947029398634015, 20.638134340212016 ], [ -99.94707337896206, 20.637985535152808 ], [ -99.947087955083632, 20.637936217572715 ], [ -99.947102531196421, 20.637886899991482 ], [ -99.947370952148134, 20.636978705027783 ], [ -99.947616229504092, 20.63626584751853 ], [ -99.947623858846597, 20.636243674008259 ], [ -99.947631488187, 20.636221500497633 ], [ -99.947724748535393, 20.635950453049603 ], [ -99.947941454002574, 20.635290893049937 ], [ -99.947947581872654, 20.635272242317928 ], [ -99.947953709741299, 20.635253591585663 ], [ -99.948069747802904, 20.634900418222447 ], [ -99.948116414794598, 20.634758382147155 ], [ -99.948295110295234, 20.634545318194096 ], [ -99.948310706583868, 20.634526722239919 ], [ -99.948326843612207, 20.634507516713931 ], [ -99.949094642821521, 20.633607886249955 ], [ -99.949370270770089, 20.633536790180958 ], [ -99.949721203116781, 20.633662604808158 ], [ -99.949759108412565, 20.633671726113985 ], [ -99.949797013712526, 20.633680847411366 ], [ -99.950072379081547, 20.633747109347759 ], [ -99.950658482849775, 20.633750250809378 ], [ -99.950831537991945, 20.633997167232859 ], [ -99.951277094647608, 20.634066480409505 ], [ -99.95167416499622, 20.634009215017556 ], [ -99.951712013729988, 20.634003756432488 ], [ -99.952149865341752, 20.634045714982623 ], [ -99.952413399720044, 20.634337993836237 ], [ -99.952765305500435, 20.634298564807136 ], [ -99.953174610485561, 20.634465994857127 ], [ -99.953464515715538, 20.635004581606253 ], [ -99.954105847200196, 20.635586354513812 ], [ -99.954698381910418, 20.635868706791435 ], [ -99.954807245396552, 20.635920581644481 ], [ -99.955039031278744, 20.636376234136268 ], [ -99.955033230590587, 20.637367657101755 ], [ -99.954795640998029, 20.637903427670047 ], [ -99.95444130924956, 20.638355954022455 ], [ -99.954321666364933, 20.638768421485619 ], [ -99.954495084915848, 20.639182452432319 ], [ -99.9547266335085, 20.639679414296101 ], [ -99.954959392078379, 20.639969829382004 ], [ -99.954839507824985, 20.640423606398389 ], [ -99.954544025543996, 20.64083513628832 ], [ -99.954601429729721, 20.641041995275643 ], [ -99.954658834082238, 20.641248854232813 ], [ -99.955010513242243, 20.641250729328316 ], [ -99.955534167756198, 20.641914488846481 ], [ -99.957340820637967, 20.643700456973445 ], [ -99.958331482767889, 20.644697173185474 ], [ -99.960023133321982, 20.646110704773786 ], [ -99.961948797590296, 20.64760807685127 ], [ -99.963521845637757, 20.649268805997508 ], [ -99.964680070782464, 20.651712230002381 ], [ -99.965370672669735, 20.653348513695352 ], [ -99.966067797226003, 20.655024369471345 ], [ -99.967713157590339, 20.654330744886245 ], [ -99.96864557606601, 20.655285778266872 ], [ -99.970057166316408, 20.654466973856877 ], [ -99.970815167923234, 20.655173219065183 ], [ -99.972464295177062, 20.653818605248055 ], [ -99.974806880323911, 20.654202623979828 ], [ -99.974464860175715, 20.652507120080596 ], [ -99.976748575847793, 20.652932116439928 ], [ -99.977401609266479, 20.651489653708818 ], [ -99.989526452932679, 20.653122036513448 ], [ -99.991608952285532, 20.636686504344343 ], [ -100.012812516411671, 20.638142919653781 ], [ -100.015808399820216, 20.637084082522726 ], [ -100.016548812941636, 20.641725009747503 ], [ -100.008197166802745, 20.646726688043426 ], [ -100.005072409519116, 20.650144350096348 ], [ -100.00441395158461, 20.652914155925821 ], [ -100.006454100695194, 20.652368514137649 ], [ -100.013046505185969, 20.650605173378914 ], [ -100.029177848334186, 20.649995034672685 ], [ -100.029062285323349, 20.649621786807554 ], [ -100.062318341189965, 20.649064924380713 ], [ -100.062933025628297, 20.648833408647221 ], [ -100.079647576933212, 20.642536921022682 ], [ -100.078969198457415, 20.636740018159728 ], [ -100.078555955656128, 20.633208496623901 ], [ -100.077611768067882, 20.625138834040083 ], [ -100.067251435021845, 20.620900531688697 ], [ -100.066313267311514, 20.620895325753814 ], [ -100.063497112506326, 20.621252247798935 ], [ -100.064010561246604, 20.611236849808556 ], [ -100.064014778987342, 20.610284724386126 ], [ -100.063618305778817, 20.607136283853524 ], [ -100.065511843896843, 20.589966729844075 ], [ -100.065301364270724, 20.584542436632955 ], [ -100.063760126361416, 20.575177913936169 ], [ -100.070234074745585, 20.576239374948109 ], [ -100.075311243466345, 20.577071640377618 ], [ -100.084412243834251, 20.578838560381456 ], [ -100.087524763623335, 20.579178690364966 ], [ -100.091989593194128, 20.578858443282797 ], [ -100.095395739148401, 20.579240684874769 ], [ -100.095247388302241, 20.56480169178699 ], [ -100.105925906347466, 20.565910065408556 ], [ -100.105988525632711, 20.568646246071335 ], [ -100.115316702912651, 20.568505758449206 ], [ -100.132361861350958, 20.568247750665542 ], [ -100.136707672809365, 20.568181700907811 ], [ -100.1411155166263, 20.566490913572693 ], [ -100.144405662854325, 20.565834688349575 ], [ -100.149582274426521, 20.566862626477651 ], [ -100.150351589212875, 20.567015377502187 ], [ -100.154974427813059, 20.567933184330933 ], [ -100.158323769573897, 20.566944913249614 ], [ -100.16126099956557, 20.566578011992938 ], [ -100.163553074996045, 20.565587307441696 ], [ -100.165860687096284, 20.565407515439126 ], [ -100.166167104099998, 20.56538363936566 ], [ -100.169250813668455, 20.565143325626902 ], [ -100.175421176382002, 20.562708679590436 ], [ -100.181408706342012, 20.562544399810825 ], [ -100.189459845426299, 20.56232317435396 ], [ -100.19086812129153, 20.56228443992778 ], [ -100.191837442166189, 20.564639472150752 ], [ -100.193619770606674, 20.568969741433044 ], [ -100.195113971307848, 20.571711019743709 ], [ -100.196608227378334, 20.57445228167494 ], [ -100.199575827965347, 20.579534395290569 ], [ -100.20216855324297, 20.583974374377718 ], [ -100.201930354507297, 20.584035181771448 ], [ -100.201522605063047, 20.584139271222266 ], [ -100.200524735640627, 20.584220834003009 ], [ -100.20026065438752, 20.584220487487858 ], [ -100.19999657311314, 20.584220140569478 ], [ -100.199409610528065, 20.58426080232254 ], [ -100.198645900552322, 20.584549834216435 ], [ -100.193880402705105, 20.588811205157697 ], [ -100.193877836296124, 20.589722756959407 ], [ -100.191882713844407, 20.58963718731577 ], [ -100.18744747414425, 20.601439901072382 ], [ -100.187298298651257, 20.601990214596956 ], [ -100.186943059612304, 20.60330068878541 ], [ -100.189120860412942, 20.605304050238495 ], [ -100.189457825446098, 20.609024924710059 ], [ -100.189175299619592, 20.609311137680706 ], [ -100.184584195301071, 20.613961950738304 ], [ -100.184752872151009, 20.614660521805202 ], [ -100.185319197402038, 20.617005890239785 ], [ -100.185550175606664, 20.617962435101187 ], [ -100.185752793917928, 20.61880152241465 ], [ -100.185858210737038, 20.619238072618185 ], [ -100.186173140025829, 20.620542234915963 ], [ -100.186554958725893, 20.622123360392131 ], [ -100.186994324240615, 20.623942742725614 ], [ -100.188067550162685, 20.628386687441033 ], [ -100.18814841678882, 20.628721522685389 ], [ -100.189235480580521, 20.633222439931711 ], [ -100.190166431725345, 20.63616552986111 ], [ -100.19444516300338, 20.638574448633573 ], [ -100.196957881524341, 20.64276260741882 ], [ -100.192612677972846, 20.657390792694265 ], [ -100.192603103236507, 20.65742302324195 ], [ -100.190793920677635, 20.663512875606948 ], [ -100.184057361999606, 20.678585710726068 ], [ -100.183287246171432, 20.68094639022603 ], [ -100.177785173369543, 20.695109168885324 ], [ -100.166324301964266, 20.698117361398058 ], [ -100.16385706415582, 20.698320882297381 ], [ -100.157401723942499, 20.69669522691466 ], [ -100.15728189033959, 20.697482296135686 ], [ -100.15763363936648, 20.697690003731907 ], [ -100.155107786645985, 20.697851875926467 ], [ -100.158680042026205, 20.701254942524503 ], [ -100.161907490438949, 20.702171357140898 ], [ -100.169536147364497, 20.70433717985269 ], [ -100.166991914238622, 20.720976188118819 ], [ -100.166901118740356, 20.721569924452087 ], [ -100.165727703513113, 20.721112430684961 ], [ -100.163555998647126, 20.720570584611913 ], [ -100.159617711764213, 20.721517692219678 ], [ -100.162822447537934, 20.730223643188427 ], [ -100.166227986896445, 20.730725865976705 ], [ -100.16781438919206, 20.730984067825403 ], [ -100.182668073765242, 20.733400885066686 ], [ -100.182089701139418, 20.736593377471738 ], [ -100.18204686780264, 20.736829803645197 ], [ -100.18141478655977, 20.740318613607442 ], [ -100.184519379197837, 20.743471805704804 ], [ -100.185040032701409, 20.746331435097023 ], [ -100.189147252139136, 20.748160002572273 ], [ -100.1905512079191, 20.750316403040216 ], [ -100.191391182128427, 20.752861936948776 ], [ -100.192124221376986, 20.755083325516889 ], [ -100.195162278802385, 20.76126085335137 ], [ -100.191456134423802, 20.762954829805032 ], [ -100.187104998254355, 20.764150670407339 ], [ -100.186983080542802, 20.765724984774632 ], [ -100.186508512673768, 20.767340262949237 ], [ -100.180220970101004, 20.767580371954384 ], [ -100.180948822479039, 20.780260058458957 ], [ -100.180947412915003, 20.780757259759099 ], [ -100.183653089183252, 20.779807947427273 ], [ -100.187183452008043, 20.778113885040899 ], [ -100.185191443678576, 20.776039556020553 ], [ -100.189492010565559, 20.772026202157573 ], [ -100.194894883866354, 20.771458701929813 ], [ -100.200012562672427, 20.770920997802261 ], [ -100.200026855520036, 20.773641028367699 ], [ -100.200090109363927, 20.785671368316461 ], [ -100.206655809523212, 20.79156294866414 ], [ -100.205475433473239, 20.793467447448872 ], [ -100.205590531862811, 20.794379117531044 ], [ -100.207467507881731, 20.795707244415944 ], [ -100.208399667189738, 20.8024591312215 ], [ -100.208453618306024, 20.802849891548806 ], [ -100.210408526097524, 20.817007353388785 ], [ -100.211334252561272, 20.822601895453555 ], [ -100.21098083374892, 20.822891512693275 ], [ -100.210803743389164, 20.823181336089824 ], [ -100.210567984410787, 20.823429657482325 ], [ -100.210391110271033, 20.823636614768169 ], [ -100.21021369141701, 20.824050736235264 ], [ -100.210154043587735, 20.824382130074422 ], [ -100.210270509523795, 20.824796596912027 ], [ -100.21050496595312, 20.825045470174377 ], [ -100.210857629925599, 20.825045883689842 ], [ -100.212093036731318, 20.824632996869667 ], [ -100.21315113315417, 20.824592792745779 ], [ -100.214073575930982, 20.831513157078948 ], [ -100.211308865066499, 20.832297179633454 ], [ -100.211484121700252, 20.832711713365221 ], [ -100.211836370317684, 20.832877855214743 ], [ -100.212306072344134, 20.833085565556868 ], [ -100.212658214618855, 20.833293138415904 ], [ -100.213127595235633, 20.833625144735539 ], [ -100.213303289912815, 20.83387394509386 ], [ -100.213184865392918, 20.834205271619641 ], [ -100.21300722770826, 20.834702261279109 ], [ -100.212947691085233, 20.83499222281171 ], [ -100.213063850635791, 20.835530984806923 ], [ -100.213239224056906, 20.83590408339607 ], [ -100.213473272244826, 20.836318682273465 ], [ -100.213824993051674, 20.83669198326109 ], [ -100.215171502202097, 20.83880660291587 ], [ -100.228272751887602, 20.865255067935571 ], [ -100.234448409911764, 20.864267101087606 ], [ -100.234506998825097, 20.864350025811795 ], [ -100.27209560728808, 20.855020623248546 ], [ -100.265183869330428, 20.869930464305309 ], [ -100.258996971046457, 20.875849949389014 ], [ -100.257223949614399, 20.879825872215907 ], [ -100.252615345793046, 20.887750518575427 ], [ -100.252500854202353, 20.887947379059323 ], [ -100.25237292414748, 20.888167345401676 ], [ -100.25055296209041, 20.891296560653803 ], [ -100.245674021798067, 20.899891758661262 ], [ -100.238328861848771, 20.912829673349055 ], [ -100.235502312737154, 20.914318435576664 ], [ -100.234027680278302, 20.916098544197197 ], [ -100.234320632152617, 20.916554593007579 ], [ -100.232846977398225, 20.917920371411974 ], [ -100.23425485919843, 20.919413349963602 ], [ -100.22760234369197, 20.922058213766924 ], [ -100.226193055820261, 20.92114522966876 ], [ -100.205049776557956, 20.932101357466617 ], [ -100.200166796249462, 20.93246846787169 ], [ -100.196700338253493, 20.931014134569271 ], [ -100.185108096068163, 20.932781217519253 ], [ -100.183282381692891, 20.931118425493722 ], [ -100.181235788872556, 20.929254396227261 ], [ -100.181164702563947, 20.9316173185351 ], [ -100.181106160968326, 20.933563245941265 ] ] ] ] } },
{ "type": "Feature", "properties": { "CVE_PAIS": "MX", "NOM_PAIS": "MEXICO", "CVE_ENT": "22", "NOM_ENT": "QUERETARO", "CU_MUN": "22006", "NOM_MUN": "CORREGIDORA" }, "geometry": { "type": "MultiPolygon", "coordinates": [ [ [ [ -100.488296399120088, 20.425434346559772 ], [ -100.489439367709608, 20.431222782256107 ], [ -100.489443619795125, 20.432081042027022 ], [ -100.489501934849287, 20.443843912287118 ], [ -100.489645732649606, 20.44918150893713 ], [ -100.489714763306921, 20.45127097634326 ], [ -100.489783797799959, 20.453360443121234 ], [ -100.489157882119628, 20.457253059168515 ], [ -100.489461450610847, 20.459320804373984 ], [ -100.489639689420727, 20.459775218513652 ], [ -100.489877617197237, 20.460436277798948 ], [ -100.489710277408804, 20.462175037939389 ], [ -100.48977881261149, 20.464161050329214 ], [ -100.489781281714102, 20.464657617804203 ], [ -100.489552603378058, 20.465858687182131 ], [ -100.489263820488418, 20.466770349735636 ], [ -100.488859971573007, 20.468137714071826 ], [ -100.488745935861218, 20.468800319264709 ], [ -100.488631693811456, 20.469421543774768 ], [ -100.488869678246786, 20.470716908977391 ], [ -100.488833138808388, 20.47245078076288 ], [ -100.490951819063127, 20.475887541149433 ], [ -100.492442328931787, 20.480660520577779 ], [ -100.492622260204413, 20.481445972458761 ], [ -100.492653869482268, 20.481901028246448 ], [ -100.492685479039892, 20.482356083993849 ], [ -100.492750561420422, 20.483638619695547 ], [ -100.492635087338755, 20.484011562617845 ], [ -100.492526647636396, 20.485791441709257 ], [ -100.49251873494201, 20.486353080177839 ], [ -100.492827385602112, 20.487628515149559 ], [ -100.493071795892035, 20.488450792321558 ], [ -100.492271350231832, 20.489905604187136 ], [ -100.492245377419096, 20.49036434388147 ], [ -100.492141202588968, 20.490841673493556 ], [ -100.492728946935856, 20.4910459819423 ], [ -100.492964666524372, 20.49125184605888 ], [ -100.493201837285156, 20.491747372854132 ], [ -100.493380130974614, 20.492201778515721 ], [ -100.493616889999032, 20.49261454367328 ], [ -100.493735892177156, 20.492945067351791 ], [ -100.498357740120142, 20.494738359840987 ], [ -100.497632086474368, 20.497471636960238 ], [ -100.497669436935496, 20.498180610042429 ], [ -100.497786358467309, 20.500399902032285 ], [ -100.497773053806498, 20.503949399228198 ], [ -100.510546938293686, 20.505599809836731 ], [ -100.509622254808349, 20.506478518748736 ], [ -100.5086353200427, 20.507069130455143 ], [ -100.5079993212224, 20.507655181950199 ], [ -100.507421280300377, 20.508199208119919 ], [ -100.506551835727677, 20.508829555138934 ], [ -100.505510075577035, 20.509709759082359 ], [ -100.504756542986712, 20.510256052550787 ], [ -100.503187280005591, 20.511060538268747 ], [ -100.500983007029774, 20.512533567737069 ], [ -100.501803987689144, 20.517269119432527 ], [ -100.502504866903863, 20.51717750102933 ], [ -100.503626133524378, 20.519185483808425 ], [ -100.503628874859047, 20.522284987507167 ], [ -100.503631832910685, 20.525629383544061 ], [ -100.504105858050082, 20.526120553098359 ], [ -100.504580298968662, 20.526653024569065 ], [ -100.504644712190228, 20.527230713277763 ], [ -100.504707474880718, 20.527643188215205 ], [ -100.504768999543089, 20.52793175283723 ], [ -100.504655031592577, 20.528263298803882 ], [ -100.504481189580389, 20.528471493707059 ], [ -100.504308997930067, 20.528844902151189 ], [ -100.504195028428299, 20.529176447885455 ], [ -100.504139694210181, 20.529507434422523 ], [ -100.504259441933925, 20.529754136599159 ], [ -100.504436587675031, 20.529876369165567 ], [ -100.50449811302289, 20.530164933788043 ], [ -100.504443604818476, 20.530578527190368 ], [ -100.504271411074072, 20.530951935661911 ], [ -100.504275125805592, 20.531323666370504 ], [ -100.504219388680056, 20.531735608836325 ], [ -100.504277172714055, 20.53220297615724 ], [ -100.506980648538431, 20.531875997101924 ], [ -100.506861874221542, 20.53330909701231 ], [ -100.506810857061254, 20.533873274974678 ], [ -100.506807560637014, 20.533904595426943 ], [ -100.506297798537062, 20.538747915160851 ], [ -100.504987752780295, 20.551193892431233 ], [ -100.505061056556258, 20.552348526710063 ], [ -100.504884619108537, 20.552848194422271 ], [ -100.504765446019604, 20.55503339954268 ], [ -100.498077215018881, 20.554640737542513 ], [ -100.49591629201862, 20.554463568542463 ], [ -100.494205431018457, 20.554327630542389 ], [ -100.491540569018156, 20.554121153542361 ], [ -100.491503954018157, 20.554115430542371 ], [ -100.490647292018096, 20.554058984542344 ], [ -100.490554431018097, 20.554052861542353 ], [ -100.490523846018093, 20.55405084554237 ], [ -100.488997862017925, 20.55395026154233 ], [ -100.48894729201794, 20.553945230542297 ], [ -100.486666892017695, 20.553845476542268 ], [ -100.486563831017662, 20.553832214542307 ], [ -100.485003385017535, 20.553804214542271 ], [ -100.484977877017513, 20.554218630542419 ], [ -100.484974862017509, 20.554267630542441 ], [ -100.484847785017507, 20.556331753543009 ], [ -100.484836123017544, 20.556408261543048 ], [ -100.484724400017512, 20.558309461543594 ], [ -100.484693938017543, 20.558827584543742 ], [ -100.484690108017503, 20.558896814543694 ], [ -100.484591308017471, 20.559995291544062 ], [ -100.484509600017503, 20.560903937544307 ], [ -100.484506385017511, 20.56097307654435 ], [ -100.484448615017499, 20.562050553544715 ], [ -100.484424708017485, 20.562496261544752 ], [ -100.484417877017478, 20.562623707544819 ], [ -100.484388277017473, 20.563175784544988 ], [ -100.484393646017466, 20.563227307545002 ], [ -100.484344754017499, 20.564196214545287 ], [ -100.484301062017522, 20.565061784545549 ], [ -100.48430816901751, 20.565104476545542 ], [ -100.484240708017495, 20.566852399546054 ], [ -100.484246046017489, 20.566901184546087 ], [ -100.484092585017521, 20.568539445546566 ], [ -100.484004463955714, 20.570132224059915 ], [ -100.483992492017478, 20.570348614547061 ], [ -100.483994538017498, 20.570445414547113 ], [ -100.484000892017491, 20.570743014547201 ], [ -100.484001785017483, 20.570785122547189 ], [ -100.483898708017477, 20.571440399547328 ], [ -100.482111800017307, 20.571448476547317 ], [ -100.482091646017309, 20.571508307547344 ], [ -100.482216031017316, 20.576356307548828 ], [ -100.483483600017465, 20.578428553549305 ], [ -100.483727708017469, 20.578719968549489 ], [ -100.484640369017583, 20.580111799549897 ], [ -100.485139585017635, 20.581307276550241 ], [ -100.485708369017686, 20.583065491550744 ], [ -100.48606913801774, 20.584779230551224 ], [ -100.486785462017806, 20.586435076551673 ], [ -100.487539000017904, 20.58794690755213 ], [ -100.487355354017922, 20.58800704555215 ], [ -100.486399646017773, 20.588319984552282 ], [ -100.486408785017829, 20.588433661552312 ], [ -100.486681400035664, 20.588985507104887 ], [ -100.488629358422202, 20.593697023969654 ], [ -100.486694758595107, 20.59447603001249 ], [ -100.486430350649783, 20.594396894499383 ], [ -100.486364248697697, 20.59437711066909 ], [ -100.486331197727466, 20.594367218744086 ], [ -100.486298146761115, 20.594357326812474 ], [ -100.486165942952368, 20.59431775856449 ], [ -100.485580700734531, 20.594325296514899 ], [ -100.484937982040336, 20.594416114464202 ], [ -100.484352215272139, 20.594382384029085 ], [ -100.482768394994039, 20.594113865427445 ], [ -100.475382334362465, 20.593259471748972 ], [ -100.468359120574206, 20.592581489812176 ], [ -100.46358095396748, 20.592277598611481 ], [ -100.45759497614462, 20.591589377364627 ], [ -100.456253070598081, 20.591433416284136 ], [ -100.456161391284269, 20.59142275781922 ], [ -100.453779597837752, 20.591145837287513 ], [ -100.45367679580572, 20.591133808494266 ], [ -100.450496136394108, 20.590776073165809 ], [ -100.450466422226157, 20.590773081313113 ], [ -100.450396751242209, 20.590766066278345 ], [ -100.450327516940106, 20.590759095183291 ], [ -100.449909610637292, 20.590717016236574 ], [ -100.44965183809542, 20.590687239095583 ], [ -100.443940719319272, 20.590035268043241 ], [ -100.443374115301893, 20.589972478497916 ], [ -100.442420584174641, 20.589866806382833 ], [ -100.441711853729046, 20.589760463171817 ], [ -100.440810155300937, 20.589728969370249 ], [ -100.439940039970836, 20.589683206500595 ], [ -100.439278735687452, 20.5896484663844 ], [ -100.437482894514801, 20.589715905469735 ], [ -100.433513862596399, 20.589952178975334 ], [ -100.433426649334464, 20.589957369688644 ], [ -100.43342889710317, 20.589935188743237 ], [ -100.433412617277824, 20.589589875349304 ], [ -100.433423470951794, 20.589428058679257 ], [ -100.433504452606982, 20.589272129964304 ], [ -100.433595280936274, 20.589140702079931 ], [ -100.433619236805626, 20.589057699466728 ], [ -100.433612938822463, 20.588824865163339 ], [ -100.433588679657632, 20.588568230417042 ], [ -100.432645787971936, 20.583783155614856 ], [ -100.431970836965604, 20.580471093205251 ], [ -100.431968616852515, 20.580448122771372 ], [ -100.431962648814789, 20.580386374331841 ], [ -100.431784348719731, 20.579333264604916 ], [ -100.431676548885662, 20.578400895209015 ], [ -100.431525899492968, 20.577655532310267 ], [ -100.431069363959992, 20.576520728803285 ], [ -100.431048017140611, 20.576407004789008 ], [ -100.430989420360476, 20.576287430286058 ], [ -100.430186480957772, 20.574648892915071 ], [ -100.428672302409382, 20.571707133091671 ], [ -100.428459040161457, 20.571443168019123 ], [ -100.428012317150419, 20.571184183409795 ], [ -100.42742867725697, 20.571198159945308 ], [ -100.426202241868268, 20.571537383194823 ], [ -100.425728767302374, 20.57153477425636 ], [ -100.425374818122179, 20.57137821419791 ], [ -100.425223292266963, 20.571249278121407 ], [ -100.425071766664658, 20.571120341895401 ], [ -100.424919824695735, 20.570760333032151 ], [ -100.424355237017153, 20.567912186859147 ], [ -100.424092563677917, 20.56752339194253 ], [ -100.423720766584964, 20.564198103518667 ], [ -100.423704729139232, 20.564054663141473 ], [ -100.423696244460174, 20.563978775237409 ], [ -100.423688316385395, 20.563907865591137 ], [ -100.423553962729159, 20.562706177385422 ], [ -100.42354475341125, 20.562623806346405 ], [ -100.423872045319058, 20.562492409063566 ], [ -100.423870100134764, 20.562469435558182 ], [ -100.423867050481505, 20.56243341775599 ], [ -100.423862968019662, 20.562385201973868 ], [ -100.423767616778804, 20.561259047159488 ], [ -100.423632753731596, 20.559979519635352 ], [ -100.421638366373884, 20.560647605753882 ], [ -100.421554867492162, 20.560632995369005 ], [ -100.421355941598691, 20.560598187047994 ], [ -100.420323477319371, 20.560966786868477 ], [ -100.419664286452473, 20.56119548584407 ], [ -100.419109916049663, 20.561373919482246 ], [ -100.418828291811678, 20.561467032341376 ], [ -100.418257900151517, 20.561654112432613 ], [ -100.418094527364033, 20.561701032625201 ], [ -100.417110564558953, 20.562061587880741 ], [ -100.417103522279945, 20.561701312418162 ], [ -100.417100621582335, 20.561552914505953 ], [ -100.417096534623724, 20.561343826894774 ], [ -100.417089374612274, 20.560977519100209 ], [ -100.417087920819256, 20.560903142255533 ], [ -100.417081511084007, 20.560575214709367 ], [ -100.417058874145013, 20.559417059310231 ], [ -100.416974833858561, 20.559299302926409 ], [ -100.416958854662553, 20.559276913149645 ], [ -100.416944008205917, 20.559256110540424 ], [ -100.416930971694185, 20.55923784398999 ], [ -100.416919359609423, 20.559221573318954 ], [ -100.416575315600411, 20.559640502215487 ], [ -100.416164219111366, 20.560141074560171 ], [ -100.415885850835267, 20.560480027942926 ], [ -100.414476568374141, 20.562196003031428 ], [ -100.414448489243469, 20.562230192349141 ], [ -100.414378791154746, 20.562315057077498 ], [ -100.414360234765269, 20.562337651407052 ], [ -100.414335663907167, 20.562367568963431 ], [ -100.414274273135646, 20.562442318502196 ], [ -100.414165527101986, 20.562574727522509 ], [ -100.41409312812759, 20.562662880418799 ], [ -100.414065866819612, 20.562696073757451 ], [ -100.414015536949094, 20.562757355665571 ], [ -100.413985964534277, 20.562793363250513 ], [ -100.413903105407073, 20.562894253007457 ], [ -100.413868937605329, 20.562935855874354 ], [ -100.413321609975796, 20.563602280600229 ], [ -100.413267811980404, 20.563570267228727 ], [ -100.413240890668419, 20.563552934424166 ], [ -100.413201112454814, 20.563519782272699 ], [ -100.412961998806011, 20.563370750851437 ], [ -100.412743219104158, 20.563225332784359 ], [ -100.412118458287509, 20.562290537469718 ], [ -100.412050033666659, 20.56222260077179 ], [ -100.412014761427088, 20.562187580016086 ], [ -100.411951086396869, 20.562263842073257 ], [ -100.411534609422148, 20.562684875640937 ], [ -100.410811966286573, 20.563451980886885 ], [ -100.410543048021836, 20.563808798887511 ], [ -100.410435955740653, 20.563942973089318 ], [ -100.410413756269904, 20.563932488539336 ], [ -100.410391289226382, 20.563921930500491 ], [ -100.409618391735492, 20.563549031801493 ], [ -100.409520561006133, 20.561954885894082 ], [ -100.409768141471119, 20.562079970961712 ], [ -100.41097793260613, 20.562838246063276 ], [ -100.411692518985646, 20.562064294770547 ], [ -100.411951387880578, 20.561782896235485 ], [ -100.411937559841149, 20.561249471293671 ], [ -100.411935698017942, 20.560731085342898 ], [ -100.411994444667158, 20.560678059294595 ], [ -100.41172309018971, 20.558449122619809 ], [ -100.411726758484861, 20.558313209843778 ], [ -100.411835873460191, 20.558187876434381 ], [ -100.411898863855583, 20.558137847221889 ], [ -100.41199596401654, 20.558060726715084 ], [ -100.412169875449237, 20.557933464177168 ], [ -100.412238063870944, 20.557833100350063 ], [ -100.412287157440574, 20.557730367155902 ], [ -100.412179017996635, 20.557258701755575 ], [ -100.411985748930491, 20.556465903231043 ], [ -100.411869342630851, 20.556022487725645 ], [ -100.411716826829462, 20.55544151917066 ], [ -100.411666334938076, 20.555124180918035 ], [ -100.411580683536428, 20.554746023412051 ], [ -100.411512729253133, 20.554535252505687 ], [ -100.411349881580293, 20.554030154478262 ], [ -100.41124423064295, 20.553893882929259 ], [ -100.411111254681401, 20.553793005439129 ], [ -100.410994389177503, 20.553798468310088 ], [ -100.410946334082155, 20.553801099544433 ], [ -100.410896526693435, 20.553804598988869 ], [ -100.410837038771817, 20.553807386474432 ], [ -100.410551705765897, 20.553856044218897 ], [ -100.409852974760341, 20.553975163892961 ], [ -100.409849411519872, 20.553951552106092 ], [ -100.408679984268915, 20.554158072028486 ], [ -100.408096299390337, 20.554401436448572 ], [ -100.407971879208219, 20.554453312675665 ], [ -100.407831338464518, 20.55451190997934 ], [ -100.407718983159725, 20.55455875555003 ], [ -100.407641383630391, 20.554584356126909 ], [ -100.40704005449588, 20.555084794938931 ], [ -100.406468303301395, 20.555566389408639 ], [ -100.405672278756782, 20.555536544300992 ], [ -100.404620764112465, 20.555526113231174 ], [ -100.404383745871215, 20.555519770732023 ], [ -100.403520466870148, 20.555496534253976 ], [ -100.403061102433242, 20.55548413039752 ], [ -100.401357477158243, 20.555435589364553 ], [ -100.400251729668327, 20.555408835380938 ], [ -100.400101056443631, 20.555405189236335 ], [ -100.398761581121249, 20.555337879589629 ], [ -100.398064879408793, 20.555328933611435 ], [ -100.397860543443187, 20.555326089703264 ], [ -100.396825992407599, 20.555310432813933 ], [ -100.395813360235991, 20.555257177885949 ], [ -100.395647660533612, 20.555248463070882 ], [ -100.39558454634637, 20.555114182916391 ], [ -100.394996594798542, 20.555153554943036 ], [ -100.39422102870725, 20.555191034185043 ], [ -100.393796502241045, 20.555220899710566 ], [ -100.393307052157397, 20.555256763618676 ], [ -100.392932669442175, 20.555255190998516 ], [ -100.392562262626399, 20.555279402166835 ], [ -100.392192672486189, 20.555299905695595 ], [ -100.391812360112155, 20.555341788256566 ], [ -100.391613136747907, 20.554649293650314 ], [ -100.391477888491323, 20.554179171347087 ], [ -100.391315799801617, 20.553615746803118 ], [ -100.391056950767009, 20.552644326733375 ], [ -100.391026662493132, 20.552531387151788 ], [ -100.390991407626984, 20.552414051188549 ], [ -100.390751769696791, 20.551618791641847 ], [ -100.390519978570751, 20.550849563280718 ], [ -100.390410986177329, 20.550489077105251 ], [ -100.390346654034644, 20.550276301257956 ], [ -100.390128936736886, 20.549556205390608 ], [ -100.389840564907345, 20.548602408886122 ], [ -100.389638859290258, 20.54793525468963 ], [ -100.389400222000617, 20.547194299147758 ], [ -100.389163314211388, 20.546458705380573 ], [ -100.389000928010375, 20.545979660687095 ], [ -100.388985659818616, 20.545930530783941 ], [ -100.388878679795752, 20.545612472266914 ], [ -100.388780557959876, 20.545320748363949 ], [ -100.388756429024582, 20.545249010951974 ], [ -100.388629071099672, 20.544870363531828 ], [ -100.388503575034193, 20.544497249074528 ], [ -100.388379344227829, 20.544127895098729 ], [ -100.388256569858356, 20.543760433591856 ], [ -100.388157600079737, 20.543425355903693 ], [ -100.387253322440358, 20.540189740615769 ], [ -100.387185800982479, 20.539947526693833 ], [ -100.387156692684172, 20.539842830709066 ], [ -100.387022521510616, 20.539361410242492 ], [ -100.386556417612482, 20.537688952453074 ], [ -100.386430475461168, 20.537237043922243 ], [ -100.3862605007117, 20.536627131692796 ], [ -100.386141151351225, 20.536198872741387 ], [ -100.386112265866387, 20.536095223108656 ], [ -100.386100539961205, 20.536060033602716 ], [ -100.386053370732853, 20.535883889506849 ], [ -100.385942820560103, 20.535856978941993 ], [ -100.384857897647564, 20.531959425556689 ], [ -100.384809132921447, 20.531784234311189 ], [ -100.384769191026265, 20.531640739456698 ], [ -100.384578627976751, 20.530956120243513 ], [ -100.384416141842152, 20.530366809040636 ], [ -100.384395300495299, 20.530291220430087 ], [ -100.384347936426749, 20.530119437345284 ], [ -100.384180103140707, 20.529524329055256 ], [ -100.38235622510966, 20.523809837673646 ], [ -100.381708269769561, 20.523446327547745 ], [ -100.381292338676758, 20.52291488127992 ], [ -100.378588959373204, 20.512134552163381 ], [ -100.377353923342582, 20.506701661771153 ], [ -100.37661329763057, 20.504479716888067 ], [ -100.376078856543444, 20.502863712969177 ], [ -100.375351203357496, 20.500659042044582 ], [ -100.374573086828107, 20.499182723750703 ], [ -100.375434690197125, 20.497851473586728 ], [ -100.37577922897772, 20.497310719153109 ], [ -100.374840921591186, 20.497115814225353 ], [ -100.372376933561597, 20.491615321517905 ], [ -100.370986094541777, 20.488381302604914 ], [ -100.368092368575446, 20.486416574918447 ], [ -100.378214379374228, 20.485275725027083 ], [ -100.378436476352022, 20.485250685762235 ], [ -100.387350011358905, 20.485014997016489 ], [ -100.387415697105013, 20.485013258477728 ], [ -100.387522508970264, 20.484997003174566 ], [ -100.387611811597694, 20.485012850750369 ], [ -100.387690967444684, 20.485026897644694 ], [ -100.38825798376746, 20.484979069466053 ], [ -100.388305334733644, 20.484953118162288 ], [ -100.388352296242573, 20.484927380284688 ], [ -100.389631993155092, 20.484226017434349 ], [ -100.389689166331294, 20.484200554317148 ], [ -100.389758016145819, 20.484169890760732 ], [ -100.392932086978107, 20.483284945799763 ], [ -100.392674143560939, 20.482357363642091 ], [ -100.392355668769824, 20.481198692286437 ], [ -100.392170725819952, 20.480409228184705 ], [ -100.392008346456763, 20.47971607318447 ], [ -100.391879752711191, 20.478828379997399 ], [ -100.391861039019105, 20.478702930562267 ], [ -100.391732635612428, 20.478461312263754 ], [ -100.391457196738898, 20.478086525911166 ], [ -100.391217913449665, 20.477843803828435 ], [ -100.390819655572983, 20.477759967876551 ], [ -100.390613599997153, 20.477755311132984 ], [ -100.390428113960724, 20.477768401735567 ], [ -100.390371602065898, 20.477003242623653 ], [ -100.390369370714879, 20.47697303037604 ], [ -100.390133148453074, 20.476128945036947 ], [ -100.390511247203463, 20.475682589105347 ], [ -100.390493508145823, 20.475539628690719 ], [ -100.390423495998107, 20.475417287075523 ], [ -100.389608690179344, 20.472348050950462 ], [ -100.389421559495133, 20.472306489804705 ], [ -100.389306982570602, 20.472161873048062 ], [ -100.38842327677996, 20.46983686051615 ], [ -100.38804294053908, 20.469849266630401 ], [ -100.388072706311206, 20.465983072839649 ], [ -100.388007105118064, 20.465625523864535 ], [ -100.387813407438045, 20.464874629813668 ], [ -100.387288258947962, 20.462838780877536 ], [ -100.386897416520725, 20.462829025114999 ], [ -100.386275353800201, 20.462599736548267 ], [ -100.385937969762139, 20.462107872412805 ], [ -100.385214579093017, 20.459892887149252 ], [ -100.385153804874179, 20.459404400402089 ], [ -100.384438555556599, 20.458034989482996 ], [ -100.384270466828767, 20.457585390749092 ], [ -100.3843109324485, 20.457501893154983 ], [ -100.384591447332383, 20.456507907424093 ], [ -100.385233185230604, 20.456376223825487 ], [ -100.385750061495202, 20.455585703352259 ], [ -100.388673276866427, 20.455508566113267 ], [ -100.387771910644545, 20.453497261672119 ], [ -100.387345772662712, 20.452099214031868 ], [ -100.387155016837568, 20.450822096039818 ], [ -100.387199636738259, 20.449665908884828 ], [ -100.38741620789483, 20.448218702216153 ], [ -100.387934532590563, 20.447551977092751 ], [ -100.388335416140492, 20.446845419094188 ], [ -100.387271562481658, 20.445909196328117 ], [ -100.387138299110234, 20.444548826140096 ], [ -100.38495020632125, 20.442512004424021 ], [ -100.385222297751696, 20.440816481178523 ], [ -100.385392269241123, 20.440360396367382 ], [ -100.386049375857951, 20.437899120352036 ], [ -100.386287730474081, 20.437006315315021 ], [ -100.387277222635774, 20.436622727050928 ], [ -100.387092921993201, 20.43588207473001 ], [ -100.387555710839933, 20.435463670124772 ], [ -100.387431854852608, 20.434887368381837 ], [ -100.388477817759735, 20.43433798976681 ], [ -100.388885596221172, 20.434209167192073 ], [ -100.389231938280929, 20.433833460401363 ], [ -100.389993480785094, 20.433947930163768 ], [ -100.390275411196839, 20.433077737652294 ], [ -100.390968081823033, 20.432326318520051 ], [ -100.39089328422034, 20.430901828313175 ], [ -100.390655449104571, 20.430637970005243 ], [ -100.390418619197035, 20.430393241045898 ], [ -100.390469655959393, 20.429773520834477 ], [ -100.391046374331239, 20.429106071465768 ], [ -100.391492288411541, 20.427284586324973 ], [ -100.391482875915301, 20.426500516854802 ], [ -100.391473463773579, 20.425716447310062 ], [ -100.390642110641735, 20.424653562284959 ], [ -100.390253664080362, 20.423976849617041 ], [ -100.38986576696567, 20.423301086882891 ], [ -100.389598136087571, 20.422896298055182 ], [ -100.38897251449167, 20.421950041608376 ], [ -100.388613770745678, 20.421374922443569 ], [ -100.38796919054414, 20.420327894256424 ], [ -100.387702081781669, 20.419894009159812 ], [ -100.387481819368944, 20.419533219153873 ], [ -100.387400323778678, 20.419347688488944 ], [ -100.387121174369085, 20.418712180482089 ], [ -100.386761521331835, 20.417973674654121 ], [ -100.386342918334577, 20.417194617164711 ], [ -100.386301388466691, 20.416937274030932 ], [ -100.386285711283747, 20.416840128845411 ], [ -100.386274869779115, 20.416772948322329 ], [ -100.38621661697573, 20.416411977478617 ], [ -100.386008082207297, 20.416088781737781 ], [ -100.385987797009093, 20.416058996020979 ], [ -100.385970342927365, 20.416032070982872 ], [ -100.3857404939736, 20.415677499987552 ], [ -100.385736770891938, 20.415644123420893 ], [ -100.385822125196341, 20.415605208734242 ], [ -100.385850634955261, 20.415592210567617 ], [ -100.38619638589536, 20.415533022407171 ], [ -100.386599412728174, 20.415305861671051 ], [ -100.386634798693407, 20.415285916765995 ], [ -100.386663659908749, 20.41526964945465 ], [ -100.388042147388063, 20.414492670610887 ], [ -100.388081778603578, 20.414470332368257 ], [ -100.388117580297759, 20.414450152632828 ], [ -100.388352699563555, 20.414317626627177 ], [ -100.388388639710399, 20.4142973138439 ], [ -100.388417308021715, 20.414281209693378 ], [ -100.388908302537217, 20.414004456465481 ], [ -100.388947518686336, 20.413982351850272 ], [ -100.388985205864898, 20.413961109042258 ], [ -100.389167879354133, 20.413858142853588 ], [ -100.389537427076263, 20.413678682721926 ], [ -100.390039807789407, 20.413434714220909 ], [ -100.39028178784028, 20.413248575267325 ], [ -100.39038213617026, 20.413183215977217 ], [ -100.390473683258762, 20.413123618074529 ], [ -100.390966724507166, 20.412721695507866 ], [ -100.391341732286989, 20.412532289532304 ], [ -100.392147968664759, 20.412125077812075 ], [ -100.396892681179452, 20.409594641872175 ], [ -100.401302035444331, 20.406775020932248 ], [ -100.401824152175777, 20.406438396707532 ], [ -100.401801339167847, 20.404546872688996 ], [ -100.401775141901041, 20.402374532397083 ], [ -100.401733584658004, 20.398928038935296 ], [ -100.401707714723841, 20.396782261693744 ], [ -100.401706714036663, 20.396699255404659 ], [ -100.401700242152117, 20.396162409166216 ], [ -100.401679355696245, 20.394429771786644 ], [ -100.4014302607019, 20.37848942148478 ], [ -100.401424002840429, 20.378088830283723 ], [ -100.401387347909719, 20.375045273702103 ], [ -100.401382296247078, 20.374625785641811 ], [ -100.401373807638748, 20.373920875850295 ], [ -100.39654925785517, 20.371297527173816 ], [ -100.391955114460615, 20.368629794845852 ], [ -100.390911260290906, 20.36802361778669 ], [ -100.38777920935992, 20.366204734864244 ], [ -100.383840564584574, 20.364313079318986 ], [ -100.400580957268531, 20.361466186255733 ], [ -100.401630860426735, 20.361288158270618 ], [ -100.402339402236024, 20.361019443323556 ], [ -100.403318111527341, 20.36064826078978 ], [ -100.403797053390107, 20.361591633050303 ], [ -100.403803518643016, 20.362128102735525 ], [ -100.40375005335261, 20.362541492630633 ], [ -100.403522265894082, 20.363039578951103 ], [ -100.403413344224731, 20.363701291004041 ], [ -100.403652073992617, 20.364111076433517 ], [ -100.403830376097076, 20.364356514901196 ], [ -100.404472711357897, 20.364307315984902 ], [ -100.404647034109757, 20.364222618550123 ], [ -100.405063077093089, 20.364795305350302 ], [ -100.405304301931935, 20.365411422391645 ], [ -100.405133462605477, 20.365784988522719 ], [ -100.405138938056936, 20.366238923920793 ], [ -100.405321227721245, 20.366814495313022 ], [ -100.405616914315559, 20.36709975525449 ], [ -100.405970046403297, 20.367301759196252 ], [ -100.406208290770323, 20.367670273415502 ], [ -100.407214737165631, 20.368730935986171 ], [ -100.407686750960522, 20.36909655877156 ], [ -100.408100325789093, 20.369462902672744 ], [ -100.408454463813285, 20.369747434579285 ], [ -100.408923490410857, 20.369865453023554 ], [ -100.40945345396986, 20.370189080956049 ], [ -100.409931966151134, 20.371091164708893 ], [ -100.410234159491097, 20.371912883253671 ], [ -100.410420969563432, 20.372859847977718 ], [ -100.410549339553327, 20.373807535721937 ], [ -100.411280127739246, 20.376233588155756 ], [ -100.413514990370388, 20.377361537947145 ], [ -100.415216374326576, 20.377876984714398 ], [ -100.416561090125469, 20.377901568890717 ], [ -100.417675037413332, 20.378176645898474 ], [ -100.418786479938007, 20.378245382838216 ], [ -100.419664648135225, 20.378358285703541 ], [ -100.41995234951635, 20.378630809656411 ], [ -100.420137723886782, 20.378806403973023 ], [ -100.420663723031808, 20.378799862288872 ], [ -100.420835540603704, 20.37850881585868 ], [ -100.421538378363792, 20.378623890006232 ], [ -100.423180850661424, 20.379098717373481 ], [ -100.424827861690858, 20.379944926451788 ], [ -100.428003532543059, 20.381514954396149 ], [ -100.42870978205238, 20.381617206043781 ], [ -100.429944297933375, 20.382440354888981 ], [ -100.431001495128854, 20.382933101698374 ], [ -100.432234144562685, 20.383342451818574 ], [ -100.432996424058885, 20.383422460457883 ], [ -100.433934906215143, 20.383584586602723 ], [ -100.434698892873953, 20.38403699044224 ], [ -100.435990167421892, 20.384446100761082 ], [ -100.436871380462733, 20.384898069339542 ], [ -100.439219144100193, 20.385634344846778 ], [ -100.43951237745209, 20.38567465447176 ], [ -100.439805610923841, 20.385714963594197 ], [ -100.440392078227021, 20.385795580331724 ], [ -100.441620145461812, 20.386008261294702 ], [ -100.442677263633769, 20.386407704489287 ], [ -100.443849246351292, 20.386640607069626 ], [ -100.446772086391874, 20.386645104456125 ], [ -100.448584439338006, 20.38666354927938 ], [ -100.450922299460075, 20.386634074855301 ], [ -100.452382949735565, 20.386574371578213 ], [ -100.453726194249583, 20.386474866703448 ], [ -100.456176844203668, 20.386113719196132 ], [ -100.458047119199989, 20.386090061182205 ], [ -100.459916366738085, 20.385983851683573 ], [ -100.461319582633465, 20.386007345762263 ], [ -100.461845852320948, 20.386377971152715 ], [ -100.46225650378824, 20.386459177143085 ], [ -100.46290178582241, 20.386580873464002 ], [ -100.463224131397141, 20.386579654335623 ], [ -100.463546476925856, 20.386578434611653 ], [ -100.464367190089618, 20.386616704731228 ], [ -100.465305119915456, 20.386654526171721 ], [ -100.46677032592325, 20.386648959643317 ], [ -100.467386009593426, 20.386708684291019 ], [ -100.468001693589898, 20.386768406734895 ], [ -100.469351670792236, 20.387177039784241 ], [ -100.469625918430452, 20.387280060353032 ], [ -100.470878276850286, 20.38775049884822 ], [ -100.474107747455193, 20.388979453247483 ], [ -100.475397744771001, 20.389098621141528 ], [ -100.476098843529982, 20.389443539050379 ], [ -100.476219720837832, 20.390187897819914 ], [ -100.476105062778089, 20.390726356633174 ], [ -100.475815105160507, 20.391389713450671 ], [ -100.475819317326213, 20.392258718844676 ], [ -100.475762889770834, 20.392714163584312 ], [ -100.475769710077742, 20.394121124475831 ], [ -100.475544197218383, 20.395984284266067 ], [ -100.475490777088169, 20.397060446741751 ], [ -100.475437356732186, 20.398136609118168 ], [ -100.47562309803763, 20.400163532338858 ], [ -100.475814267466191, 20.403307745880905 ], [ -100.47605625254343, 20.404837841288519 ], [ -100.476530990868923, 20.405994497639185 ], [ -100.476711935838964, 20.407028269582881 ], [ -100.476717969811489, 20.408269703168251 ], [ -100.476897712457287, 20.409055187761211 ], [ -100.477373076104556, 20.410335983381113 ], [ -100.477432723712511, 20.410542636425713 ], [ -100.477613077711155, 20.411452262955766 ], [ -100.477971575809917, 20.412816322994974 ], [ -100.478035458984792, 20.413891978121715 ], [ -100.478039491340311, 20.414719599423933 ], [ -100.478102166713825, 20.415546967875549 ], [ -100.478400020237487, 20.416497467887666 ], [ -100.478813145695597, 20.417033650595037 ], [ -100.479225062091302, 20.417321545937046 ], [ -100.479343762917708, 20.417610706686645 ], [ -100.479580761783808, 20.418106265793298 ], [ -100.479934847606344, 20.418559936544455 ], [ -100.480112599231816, 20.418931605118718 ], [ -100.480289542490738, 20.419137749433879 ], [ -100.480525535041053, 20.419426401854288 ], [ -100.480819565263204, 20.419590657134009 ], [ -100.481466474400008, 20.419960293050973 ], [ -100.482113792178026, 20.420412688288 ], [ -100.482584571074256, 20.420741701333093 ], [ -100.482939281046583, 20.421319507765023 ], [ -100.483233520435334, 20.421525139493205 ], [ -100.483702272268232, 20.421440339806022 ], [ -100.484053530701075, 20.421314667843813 ], [ -100.484404585064766, 20.421147614285783 ], [ -100.484813876069836, 20.420897543076084 ], [ -100.485106284135412, 20.42073074335736 ], [ -100.485340658249712, 20.420688341248827 ], [ -100.485751576865681, 20.420769315189339 ], [ -100.485898493769724, 20.420830747773092 ], [ -100.486045410783447, 20.420892180225287 ], [ -100.485870496519084, 20.421099851356953 ], [ -100.485607716691248, 20.421328595973879 ], [ -100.485344936082285, 20.421557340236394 ], [ -100.484701879065653, 20.42197395713638 ], [ -100.484409366521945, 20.422120065867126 ], [ -100.484116853401147, 20.422266174138116 ], [ -100.484705950279334, 20.422801575327849 ], [ -100.484941345806135, 20.422966078083029 ], [ -100.485941374436408, 20.423582449098706 ], [ -100.486589128232367, 20.424117587505236 ], [ -100.487531546449134, 20.424941108530014 ], [ -100.488296399120088, 20.425434346559772 ] ] ] ] } },
{ "type": "Feature", "properties": { "CVE_PAIS": "MX", "NOM_PAIS": "MEXICO", "CVE_ENT": "22", "NOM_ENT": "QUERETARO", "CU_MUN": "22011", "NOM_MUN": "EL MARQUES" }, "geometry": { "type": "MultiPolygon", "coordinates": [ [ [ [ -100.339566374629229, 20.63591710046154 ], [ -100.339775561959826, 20.636859547415874 ], [ -100.339980569210681, 20.637427108679436 ], [ -100.340003343379223, 20.637520602030907 ], [ -100.340216495371024, 20.638545513299263 ], [ -100.340233195336694, 20.638911267089849 ], [ -100.339947332176621, 20.639864331162766 ], [ -100.339731601582614, 20.641017860597103 ], [ -100.34431958363011, 20.640871526196495 ], [ -100.344286401765345, 20.641532426141492 ], [ -100.344250158905879, 20.64225429092776 ], [ -100.344125720482637, 20.644441522557283 ], [ -100.34410596684593, 20.644446193449742 ], [ -100.344041942225019, 20.645442123923239 ], [ -100.343963072967867, 20.646715330874287 ], [ -100.343889380044914, 20.647815268878034 ], [ -100.343819389505143, 20.648903976956895 ], [ -100.343521257702264, 20.653541348259083 ], [ -100.343455366946841, 20.654636495957593 ], [ -100.343380686597868, 20.655877723149302 ], [ -100.343208138171562, 20.658745531995891 ], [ -100.343188914659052, 20.659065029510973 ], [ -100.343154593408798, 20.659644095295572 ], [ -100.34310650468359, 20.660455441399524 ], [ -100.343045708014401, 20.661481188145483 ], [ -100.343038790752573, 20.661597894096737 ], [ -100.343034307804984, 20.661673528987642 ], [ -100.342989443629364, 20.662430461341373 ], [ -100.342863143304015, 20.664561335823912 ], [ -100.342840006020268, 20.667082036733266 ], [ -100.343296915161304, 20.667157526085749 ], [ -100.346247198703594, 20.667615587735114 ], [ -100.351185985934293, 20.668448752880359 ], [ -100.351923190619473, 20.668571709598471 ], [ -100.352135147066349, 20.671472251461005 ], [ -100.352075435652779, 20.672385162213327 ], [ -100.352061617632316, 20.672552401276491 ], [ -100.351943430918965, 20.673185770664883 ], [ -100.351619718264942, 20.674920539612685 ], [ -100.351614038936347, 20.674956721347634 ], [ -100.351535768600783, 20.675332249740528 ], [ -100.351357971088873, 20.675783088695312 ], [ -100.351343872821559, 20.67581707789255 ], [ -100.350993334713678, 20.676612566799484 ], [ -100.350977456528312, 20.676648827597926 ], [ -100.350716145287748, 20.677256159364401 ], [ -100.350979910776175, 20.677502529933225 ], [ -100.351025904849848, 20.677547339076671 ], [ -100.353039170810163, 20.679451292309622 ], [ -100.353066108031371, 20.679478183108753 ], [ -100.354152523077261, 20.680510829185447 ], [ -100.356068228139776, 20.68074420419703 ], [ -100.356106964214192, 20.680748417312206 ], [ -100.356196735133608, 20.680756744219899 ], [ -100.359297176488965, 20.681671864482347 ], [ -100.35773750162339, 20.684888076139597 ], [ -100.357215901984688, 20.685963638038263 ], [ -100.357413948937733, 20.68598579255227 ], [ -100.357611995934249, 20.686007946835389 ], [ -100.359408423742465, 20.686280616248617 ], [ -100.360448618430397, 20.686392108568661 ], [ -100.362602501375122, 20.686277974701543 ], [ -100.362759216351535, 20.686358041884404 ], [ -100.36236205281115, 20.687034218913816 ], [ -100.360221646637712, 20.690680558592501 ], [ -100.367855422102537, 20.692627935374048 ], [ -100.36790743591564, 20.69240618871617 ], [ -100.368984205377899, 20.692609935436039 ], [ -100.372579749392273, 20.69329953088079 ], [ -100.387708834538117, 20.696143727993572 ], [ -100.387715142643899, 20.696177554551742 ], [ -100.387678756716554, 20.696893789144589 ], [ -100.38747059533064, 20.697460088938211 ], [ -100.387359620027851, 20.697892354738386 ], [ -100.38708088108929, 20.705212110701346 ], [ -100.387114646819526, 20.705559646157653 ], [ -100.387671245020513, 20.709254566580547 ], [ -100.387255715349482, 20.713576126954859 ], [ -100.386992303717889, 20.716315554781072 ], [ -100.385942461222584, 20.721730830543251 ], [ -100.385473904620298, 20.724056328114301 ], [ -100.385450599759054, 20.729212639118085 ], [ -100.385240330757767, 20.731432164820379 ], [ -100.385367143047432, 20.73145146991838 ], [ -100.384898409968486, 20.735682310763664 ], [ -100.384475560718371, 20.739498852770527 ], [ -100.384305692679519, 20.740916289397628 ], [ -100.38410010612553, 20.742729247840035 ], [ -100.384045246379813, 20.743213680968925 ], [ -100.383972875826061, 20.743852737974969 ], [ -100.383774510778878, 20.745602400186915 ], [ -100.387102664150731, 20.751282757108484 ], [ -100.387868498724359, 20.752588750693494 ], [ -100.38855448116513, 20.753759876597922 ], [ -100.388778887887057, 20.754144262915098 ], [ -100.387779360729297, 20.75712675130006 ], [ -100.387758029511545, 20.757190160916231 ], [ -100.387663948357527, 20.757470971789701 ], [ -100.38724583710669, 20.758718768430274 ], [ -100.387079002773604, 20.759216980144931 ], [ -100.386545465734926, 20.760808995553244 ], [ -100.386387963385232, 20.761277771197726 ], [ -100.386374528463762, 20.761318532186021 ], [ -100.385918110955686, 20.762679559033987 ], [ -100.385506411627787, 20.763909232573837 ], [ -100.385492376019982, 20.76394999834843 ], [ -100.385344524976333, 20.76439159363153 ], [ -100.384711325685373, 20.766282526821733 ], [ -100.38462189234086, 20.766547489490325 ], [ -100.384609916077409, 20.766583721651454 ], [ -100.384055577382554, 20.768236877087801 ], [ -100.383404513094405, 20.77017989513357 ], [ -100.382531624602109, 20.772784172149187 ], [ -100.384462121292643, 20.773455196597151 ], [ -100.384525958459818, 20.773477266693359 ], [ -100.384702721643322, 20.773539078803513 ], [ -100.386281828685782, 20.774088698795939 ], [ -100.386367639047435, 20.774117366218089 ], [ -100.3867925304545, 20.774265253204579 ], [ -100.387010259990134, 20.774342541319889 ], [ -100.388189462262801, 20.774750830290525 ], [ -100.388228905736696, 20.77476406226036 ], [ -100.389160905613451, 20.77508852058596 ], [ -100.390053765564005, 20.775399739662991 ], [ -100.390106757474953, 20.775417378450204 ], [ -100.391483236606788, 20.775896317795603 ], [ -100.391856945879454, 20.776026538724409 ], [ -100.391897290413439, 20.776039762513744 ], [ -100.393542986839407, 20.77661135789166 ], [ -100.393592377683774, 20.776629024784874 ], [ -100.393613450552976, 20.77663562915944 ], [ -100.396458595967673, 20.777624306599424 ], [ -100.397673869556556, 20.77845682568697 ], [ -100.40246857736507, 20.780077696663721 ], [ -100.401536101336731, 20.782081790740655 ], [ -100.401061316547697, 20.78310197360512 ], [ -100.401808135108212, 20.784624854151158 ], [ -100.402050456289572, 20.785119736179873 ], [ -100.402625043945378, 20.786291699081197 ], [ -100.402643087894617, 20.786327686970118 ], [ -100.40285389185307, 20.786757329765596 ], [ -100.403133250854452, 20.787328694665703 ], [ -100.403098584919292, 20.790657944785305 ], [ -100.403073680063244, 20.793029528323178 ], [ -100.403060241510175, 20.794303407740255 ], [ -100.403033582450234, 20.796842130464981 ], [ -100.403028662228678, 20.797316446419224 ], [ -100.40302367941662, 20.797783987495102 ], [ -100.403016036980731, 20.79851578959104 ], [ -100.405226550123473, 20.798743869411126 ], [ -100.405202063192093, 20.79890001017209 ], [ -100.405179800073284, 20.799044626683525 ], [ -100.405096353572461, 20.799564754512264 ], [ -100.405178631539314, 20.800571350866264 ], [ -100.405280371660169, 20.800502763863555 ], [ -100.406001804513352, 20.801960329833701 ], [ -100.406014007883243, 20.801997494273991 ], [ -100.406026211259615, 20.802034658712973 ], [ -100.406174258292808, 20.802394797525299 ], [ -100.405982624153808, 20.802482189544374 ], [ -100.40603383947672, 20.802630827599994 ], [ -100.406458416305853, 20.803090329520209 ], [ -100.406521137908797, 20.803087556773203 ], [ -100.406528510189887, 20.803113651007951 ], [ -100.406684106871268, 20.803664383984444 ], [ -100.407068368826543, 20.803661232233733 ], [ -100.407239560504834, 20.804800345568665 ], [ -100.407010104892194, 20.804856430824607 ], [ -100.406670947799512, 20.804899864803108 ], [ -100.406304269213777, 20.804889320939512 ], [ -100.405946030159441, 20.805206182608394 ], [ -100.406075496418026, 20.805245773432269 ], [ -100.406190091883744, 20.80533291355621 ], [ -100.406248632173174, 20.805526660416678 ], [ -100.406431605670093, 20.805832309478031 ], [ -100.406345766836608, 20.805835271802827 ], [ -100.405373591674902, 20.805897443432556 ], [ -100.404546270136805, 20.805942614238432 ], [ -100.40446182022059, 20.805965890323268 ], [ -100.404447180095389, 20.805941167228568 ], [ -100.40440367063556, 20.805943781959531 ], [ -100.403642455310163, 20.806092295954791 ], [ -100.403581917426493, 20.806104083652553 ], [ -100.403530868571167, 20.806114229797458 ], [ -100.403451556018453, 20.806129993422179 ], [ -100.403394320410797, 20.806141754032787 ], [ -100.403296919342537, 20.80616061862376 ], [ -100.403219290319214, 20.806174804488553 ], [ -100.40315306926432, 20.80618889698853 ], [ -100.402097245310742, 20.806394017145237 ], [ -100.401525724472336, 20.806504835793724 ], [ -100.400426748465875, 20.806719332313765 ], [ -100.398293436132903, 20.807940495929458 ], [ -100.397522279249785, 20.808380405500671 ], [ -100.395575536281086, 20.80948935234446 ], [ -100.394942627788041, 20.809880698221953 ], [ -100.391495858418494, 20.812006811239005 ], [ -100.390094584922124, 20.813739124378902 ], [ -100.388665560071431, 20.814645317758139 ], [ -100.385051097449988, 20.816937272891664 ], [ -100.384313996189661, 20.817433313110559 ], [ -100.383755170694911, 20.818677721658318 ], [ -100.383442639606201, 20.821444604361592 ], [ -100.38253049071696, 20.822865762629093 ], [ -100.380696952571142, 20.823777153211687 ], [ -100.378762491587779, 20.825380427764795 ], [ -100.378125101076648, 20.826083420557737 ], [ -100.378087994705268, 20.826361510328805 ], [ -100.377791201861086, 20.826612328019859 ], [ -100.377617042853856, 20.826909587259262 ], [ -100.377454277303357, 20.827139000762404 ], [ -100.37700549614209, 20.827583008497978 ], [ -100.376647623923873, 20.827820764361736 ], [ -100.373276938077339, 20.829006404061463 ], [ -100.372440835692004, 20.82992100746154 ], [ -100.371308010213212, 20.832025937409888 ], [ -100.370991049008168, 20.832340142803435 ], [ -100.37055652330227, 20.832709661088362 ], [ -100.3701358034386, 20.833067436278657 ], [ -100.370164666503996, 20.837916140295921 ], [ -100.370121697260146, 20.838510461398226 ], [ -100.368409313064319, 20.83923330925251 ], [ -100.364928879516512, 20.840672623904513 ], [ -100.360242576081973, 20.842539269934527 ], [ -100.356195931353867, 20.844183914506029 ], [ -100.351147114486949, 20.846240645412564 ], [ -100.348102125040256, 20.847513584808354 ], [ -100.347034439745642, 20.851151368863611 ], [ -100.346339630750592, 20.853462744572674 ], [ -100.345840626403628, 20.855099550889932 ], [ -100.348536376167715, 20.858798052019054 ], [ -100.348978482617412, 20.859404357474229 ], [ -100.349015103687165, 20.859435687541069 ], [ -100.349106526414062, 20.859516272173323 ], [ -100.34880108720597, 20.859685806928102 ], [ -100.348523383748201, 20.859597656022018 ], [ -100.348244975867487, 20.859430463421454 ], [ -100.347843116789974, 20.859700129112714 ], [ -100.347572861469828, 20.859605142544794 ], [ -100.347264393874482, 20.859704685607593 ], [ -100.346978369642102, 20.859795017582901 ], [ -100.346698509694519, 20.859835614024966 ], [ -100.346380241906587, 20.859711643077553 ], [ -100.346089266256882, 20.859650694329904 ], [ -100.346008094943855, 20.859540667143659 ], [ -100.344200618335023, 20.861601056672665 ], [ -100.344106953914476, 20.861504677606991 ], [ -100.343395817077379, 20.862461082188876 ], [ -100.342933770138728, 20.863095911702459 ], [ -100.339623627539027, 20.867643698876144 ], [ -100.337293797610457, 20.870869785647947 ], [ -100.3359604337479, 20.87380403602651 ], [ -100.335511795162006, 20.874791300728326 ], [ -100.335280239823959, 20.875300851417276 ], [ -100.334389205061171, 20.877600166826593 ], [ -100.332249326586478, 20.882474850332486 ], [ -100.333530614664184, 20.890826292563702 ], [ -100.319897286574033, 20.900533980407594 ], [ -100.319070185033908, 20.901122840597814 ], [ -100.309221008580636, 20.907602246226507 ], [ -100.307901204682992, 20.908635775212524 ], [ -100.299266351423299, 20.915397082663102 ], [ -100.303145071205833, 20.917769530446446 ], [ -100.30585709953867, 20.923308587395155 ], [ -100.304443209295599, 20.928632060369772 ], [ -100.289062406855024, 20.927997205666664 ], [ -100.263004802658955, 20.926433025563085 ], [ -100.262760429452769, 20.939045264699132 ], [ -100.262699140614302, 20.942208574660636 ], [ -100.262607437177536, 20.94341055071564 ], [ -100.263635889918717, 20.944675444105666 ], [ -100.264831069129755, 20.945482067256126 ], [ -100.26625542035741, 20.945994873782244 ], [ -100.266811227815865, 20.947185353892799 ], [ -100.266422548909574, 20.948268429565903 ], [ -100.265618231714285, 20.949193317323626 ], [ -100.265995661013392, 20.950304183040082 ], [ -100.267388157981657, 20.952059282633268 ], [ -100.268538037418679, 20.95348755030636 ], [ -100.269317663230737, 20.954135956199448 ], [ -100.270518346173318, 20.955190784820957 ], [ -100.271135789639928, 20.956504325181395 ], [ -100.270441097064264, 20.95705476454647 ], [ -100.269744600504765, 20.957522450783454 ], [ -100.269473653633725, 20.958603439492268 ], [ -100.269793171129606, 20.959756714561017 ], [ -100.269879023655434, 20.960996925405517 ], [ -100.269147023317288, 20.962541412960583 ], [ -100.268939430276944, 20.963828230755166 ], [ -100.270099316932317, 20.965711608056637 ], [ -100.27036448675149, 20.967072802834558 ], [ -100.270516420885713, 20.96864296654028 ], [ -100.269921868987055, 20.968384495780906 ], [ -100.269327319038709, 20.96812602283503 ], [ -100.265904499516907, 20.969092488202627 ], [ -100.263818590897458, 20.971048407290091 ], [ -100.248952261552049, 20.963560247950248 ], [ -100.244449362588682, 20.960280793338448 ], [ -100.243189821313649, 20.959799062090443 ], [ -100.232039930522774, 20.95482393601996 ], [ -100.223209161010757, 20.94888414848565 ], [ -100.217941811301145, 20.946509700396991 ], [ -100.214776388957048, 20.946456211164325 ], [ -100.212264274437345, 20.944133491473632 ], [ -100.211564524018172, 20.943139489662158 ], [ -100.210807707137349, 20.94173222538717 ], [ -100.209934284755406, 20.940159288259764 ], [ -100.209235963208144, 20.938793546247318 ], [ -100.208827646171599, 20.938255006579617 ], [ -100.207891765687236, 20.937714407848578 ], [ -100.206897273445563, 20.937173574533904 ], [ -100.205727869183988, 20.936384227238765 ], [ -100.204616001212614, 20.935884223890827 ], [ -100.203620436714431, 20.935632493011216 ], [ -100.202331316317213, 20.935503512714419 ], [ -100.201511610405475, 20.935252461235955 ], [ -100.200166796251736, 20.932468467524227 ], [ -100.205049776560344, 20.93210135711908 ], [ -100.226193055823245, 20.921145229318039 ], [ -100.227602343694997, 20.922058213416424 ], [ -100.234254859201656, 20.919413349612341 ], [ -100.232846977401408, 20.917920371060262 ], [ -100.234320632155857, 20.916554592655395 ], [ -100.2340276802815, 20.91609854384496 ], [ -100.235502312740437, 20.914318435223912 ], [ -100.238328861852125, 20.912829672995841 ], [ -100.245674021801619, 20.899891758304253 ], [ -100.250552962094147, 20.891296560294229 ], [ -100.252372924151246, 20.888167345041211 ], [ -100.252500854206119, 20.887947378698783 ], [ -100.252615345796812, 20.887750518214787 ], [ -100.257223949618322, 20.879825871853068 ], [ -100.258996971050422, 20.875849949024929 ], [ -100.265183869334635, 20.869930463939472 ], [ -100.272095607292513, 20.855020622878449 ], [ -100.234506998828195, 20.864350025444249 ], [ -100.234448409914862, 20.864267100720078 ], [ -100.228272751890501, 20.865255067568306 ], [ -100.215171502204555, 20.838806602540902 ], [ -100.213824993054104, 20.83669198288543 ], [ -100.213473272247214, 20.836318681897726 ], [ -100.213239224059294, 20.835904083020196 ], [ -100.21306385063815, 20.835530984430868 ], [ -100.212947691087606, 20.834992222435531 ], [ -100.213007227710619, 20.834702260902855 ], [ -100.213184865395306, 20.834205271243242 ], [ -100.213303289915203, 20.833873944717425 ], [ -100.213127595237992, 20.833625144359015 ], [ -100.212658214621243, 20.833293138039227 ], [ -100.212306072346465, 20.833085565180156 ], [ -100.211836370320029, 20.832877854837943 ], [ -100.211484121702568, 20.832711712988402 ], [ -100.211308865068801, 20.832297179256514 ], [ -100.214073575933369, 20.83151315670175 ], [ -100.213151133156501, 20.824592792366552 ], [ -100.212093036733634, 20.824632996490475 ], [ -100.210857629927887, 20.825045883310739 ], [ -100.210504965955408, 20.825045469795317 ], [ -100.210270509526055, 20.824796596532845 ], [ -100.210154043589995, 20.824382129695156 ], [ -100.21021369141927, 20.824050735855849 ], [ -100.210391110273292, 20.823636614388672 ], [ -100.210567984413061, 20.823429657102785 ], [ -100.210803743391452, 20.823181335710213 ], [ -100.210980833751222, 20.822891512313536 ], [ -100.211334252563574, 20.822601895073792 ], [ -100.210408526099812, 20.817007353007309 ], [ -100.208453618308198, 20.802849891163206 ], [ -100.208399667191912, 20.802459130835793 ], [ -100.207467507883848, 20.795707244028232 ], [ -100.205590531864871, 20.79437911714297 ], [ -100.205475433475314, 20.793467447060582 ], [ -100.206655809525301, 20.791562948275196 ], [ -100.200090109365817, 20.785671367925776 ], [ -100.200026855521912, 20.773641027973561 ], [ -100.200012562674274, 20.770920997407359 ], [ -100.194894883868074, 20.771458701535007 ], [ -100.189492010567136, 20.772026201762909 ], [ -100.185191443680083, 20.776039555627033 ], [ -100.187183452009592, 20.778113884648054 ], [ -100.183653089184716, 20.779807947034886 ], [ -100.180947412916424, 20.780757259366975 ], [ -100.180948822480431, 20.780260058066705 ], [ -100.180220970102354, 20.767580371558395 ], [ -100.186508512675275, 20.767340262553294 ], [ -100.186983080544309, 20.765724984378149 ], [ -100.187104998255876, 20.764150670010391 ], [ -100.191456134425408, 20.762954829407665 ], [ -100.195162278804091, 20.76126085295353 ], [ -100.192124221378592, 20.755083325117248 ], [ -100.191391182130033, 20.752861936548573 ], [ -100.190551207920663, 20.750316402639211 ], [ -100.189147252140671, 20.748160002170668 ], [ -100.185040032702844, 20.746331434694852 ], [ -100.18451937919923, 20.743471805301812 ], [ -100.181414786561092, 20.740318613203481 ], [ -100.182046867803976, 20.736829803240184 ], [ -100.182089701140754, 20.736593377066718 ], [ -100.182668073766578, 20.733400884660771 ], [ -100.167814389193069, 20.730984067418689 ], [ -100.166227986897383, 20.730725865569973 ], [ -100.162822447538801, 20.730223642781535 ], [ -100.159617711765009, 20.72151769181021 ], [ -100.163555998647993, 20.720570584202164 ], [ -100.165727703514037, 20.721112430275369 ], [ -100.166901118741322, 20.72156992404269 ], [ -100.16699191423956, 20.720976187709205 ], [ -100.169536147365463, 20.70433717943822 ], [ -100.161907490439731, 20.702171356725859 ], [ -100.158680042026916, 20.701254942109095 ], [ -100.155107786646624, 20.697851875510072 ], [ -100.157633639367162, 20.697690003315486 ], [ -100.157281890340315, 20.69748229571919 ], [ -100.157401723943181, 20.69669522649798 ], [ -100.16385706415663, 20.698320881881173 ], [ -100.166324301965147, 20.698117360981723 ], [ -100.177785173370665, 20.695109168468239 ], [ -100.183287246172654, 20.680946389804738 ], [ -100.184057362000857, 20.678585710304102 ], [ -100.190793920679027, 20.663512875180601 ], [ -100.1926031032379, 20.657423022813898 ], [ -100.192612677974253, 20.657390792266202 ], [ -100.196957881525819, 20.642762606986469 ], [ -100.194445163004801, 20.638574448199975 ], [ -100.190166431726638, 20.636165529426805 ], [ -100.189235480581786, 20.63322243949662 ], [ -100.188148416790042, 20.628721522248959 ], [ -100.188067550163908, 20.62838668700449 ], [ -100.186994324241795, 20.623942742287792 ], [ -100.186554958727086, 20.622123359953775 ], [ -100.186173140026966, 20.620542234477131 ], [ -100.185858210738189, 20.61923807217908 ], [ -100.185752793919065, 20.618801521975367 ], [ -100.18555017560783, 20.617962434661589 ], [ -100.185319197403146, 20.617005889799895 ], [ -100.184752872151009, 20.614660521805202 ], [ -100.184584195302165, 20.613961950297632 ], [ -100.189175299620786, 20.609311137238635 ], [ -100.189457825447306, 20.609024924267942 ], [ -100.18912086041415, 20.60530404979524 ], [ -100.186943059613455, 20.603300688341609 ], [ -100.187298298652394, 20.601990214152785 ], [ -100.187447474145415, 20.601439900628094 ], [ -100.191882713845629, 20.589637186868067 ], [ -100.193877836297389, 20.589722756511673 ], [ -100.19388040270637, 20.5888112047097 ], [ -100.1986459005537, 20.584549833767223 ], [ -100.199409610529457, 20.584260801873256 ], [ -100.199996573114561, 20.58422014012017 ], [ -100.200260654388941, 20.584220487038532 ], [ -100.200524735642063, 20.584220833553694 ], [ -100.201522605064497, 20.584139270772923 ], [ -100.201930354508775, 20.584035181322133 ], [ -100.202168553244448, 20.583974373928342 ], [ -100.199575827966754, 20.57953439483996 ], [ -100.196608227379627, 20.574452281222882 ], [ -100.1999586182841, 20.572550463183152 ], [ -100.191116422716206, 20.55207863925602 ], [ -100.186886564939016, 20.553190172933441 ], [ -100.186202305178128, 20.55108181864238 ], [ -100.185978225486636, 20.550151730096889 ], [ -100.185870260677007, 20.549760141907939 ], [ -100.185712489439936, 20.549185146713953 ], [ -100.184939966169637, 20.546385870229479 ], [ -100.18459677979574, 20.545336435700207 ], [ -100.184452834797725, 20.544832171980545 ], [ -100.184385386194521, 20.544580710172305 ], [ -100.184239929968413, 20.544099421485566 ], [ -100.184221826990964, 20.544001292926833 ], [ -100.184096235328383, 20.544047109631972 ], [ -100.184073347464448, 20.54398141077132 ], [ -100.183807491192638, 20.543151351572856 ], [ -100.183698548111039, 20.542808824904299 ], [ -100.183808178326544, 20.542790024019862 ], [ -100.183582184715647, 20.542121697653197 ], [ -100.183052424860136, 20.540501078413442 ], [ -100.182706227025463, 20.538872380484907 ], [ -100.182269571488092, 20.537220823463496 ], [ -100.180708190081901, 20.534504070369351 ], [ -100.184566089834803, 20.532108855336194 ], [ -100.180555313595562, 20.52984223793456 ], [ -100.179232989512514, 20.532961454120088 ], [ -100.175788368386634, 20.52847053360566 ], [ -100.175361078961302, 20.527913431344555 ], [ -100.176338962264794, 20.526601154887064 ], [ -100.176386852089919, 20.526536888154414 ], [ -100.176434741875809, 20.526472621409997 ], [ -100.176463597078296, 20.526433898509481 ], [ -100.176545612579673, 20.526323802760174 ], [ -100.177225792435635, 20.525411042487793 ], [ -100.177270086330466, 20.525351602306337 ], [ -100.178589282044413, 20.524954695559423 ], [ -100.203393696895645, 20.517489566419407 ], [ -100.206422041231363, 20.522071173437162 ], [ -100.195196848819464, 20.530180680644818 ], [ -100.193905901435485, 20.52951423944031 ], [ -100.192550265879504, 20.533411462732435 ], [ -100.201976919398447, 20.534471053856095 ], [ -100.214164559841649, 20.536222026184731 ], [ -100.214416911309868, 20.536258271426398 ], [ -100.217489776402076, 20.536699595937833 ], [ -100.2176122152798, 20.536717179403787 ], [ -100.217685221326306, 20.53668260667397 ], [ -100.2180825674332, 20.536494438729559 ], [ -100.218146941518739, 20.536463953494124 ], [ -100.220189323318593, 20.5358343917311 ], [ -100.220171215565514, 20.53578047193956 ], [ -100.22005571760711, 20.535470951134002 ], [ -100.22060699777154, 20.535297078996749 ], [ -100.220663711293028, 20.5354579997834 ], [ -100.22166541704722, 20.535160867540796 ], [ -100.223328549378252, 20.534617719822279 ], [ -100.224424666044811, 20.53425973809108 ], [ -100.232612822948141, 20.531585292656821 ], [ -100.237733621306816, 20.530219504513674 ], [ -100.247049745658899, 20.531198742005177 ], [ -100.248095815012306, 20.531495534980888 ], [ -100.253862142901085, 20.531910873189062 ], [ -100.265695625678489, 20.526307583425627 ], [ -100.281517819568123, 20.523786159807383 ], [ -100.282805599576918, 20.52325946772833 ], [ -100.283979379238787, 20.522484393363648 ], [ -100.286899440928735, 20.521928574685781 ], [ -100.290111737382858, 20.521292368189719 ], [ -100.294960117580942, 20.520255663509456 ], [ -100.30068346491008, 20.519142760666263 ], [ -100.300773640690252, 20.517669869740629 ], [ -100.300790245397465, 20.517398654289551 ], [ -100.300963677454959, 20.514565659238112 ], [ -100.301636117928169, 20.511517830564113 ], [ -100.302389703846785, 20.506242895133294 ], [ -100.304951262276688, 20.506509232019958 ], [ -100.306879833511275, 20.505987074730779 ], [ -100.307643744091067, 20.50537386521971 ], [ -100.308575292201212, 20.505463191240491 ], [ -100.310214573486661, 20.504732613290003 ], [ -100.311980500493704, 20.503012858964386 ], [ -100.312918774193236, 20.502442154302411 ], [ -100.314960864686014, 20.502209514527312 ], [ -100.315487846664951, 20.501965829775862 ], [ -100.318054801917839, 20.501695720293391 ], [ -100.318876497892461, 20.501124138352107 ], [ -100.319635721093945, 20.500964634354293 ], [ -100.321856782916427, 20.500320679278033 ], [ -100.323117852194301, 20.502392470363834 ], [ -100.32926341132405, 20.514591843905265 ], [ -100.331541437249456, 20.519113297229516 ], [ -100.335840110638983, 20.527910859924479 ], [ -100.336884747986389, 20.530048608807437 ], [ -100.338706361196074, 20.534393178435511 ], [ -100.339169745164924, 20.534685253428446 ], [ -100.339516146868974, 20.535017746379676 ], [ -100.339862136571128, 20.535391488569669 ], [ -100.34020688776161, 20.535888980020676 ], [ -100.340434656489407, 20.536426890598321 ], [ -100.340664079970026, 20.536799800716931 ], [ -100.340831086474807, 20.537584795624362 ], [ -100.340883174797668, 20.538203960916441 ], [ -100.340876150770839, 20.538905201580196 ], [ -100.340810426656816, 20.539647294419936 ], [ -100.340806708252103, 20.540018509252647 ], [ -100.340753908199787, 20.54028427033229 ], [ -100.340683935570226, 20.540636465760297 ], [ -100.340621103008814, 20.541089799532429 ], [ -100.340616557835418, 20.54154351439988 ], [ -100.340540958386327, 20.541717224825806 ], [ -100.340437565701379, 20.54195479717697 ], [ -100.340459930781506, 20.542143817364202 ], [ -100.340491304136009, 20.542408970668284 ], [ -100.340603748120984, 20.542822300275425 ], [ -100.340715779614058, 20.543276879737384 ], [ -100.341002677304189, 20.543732703714493 ], [ -100.3414073929534, 20.544065605881293 ], [ -100.341695945774973, 20.544356428164761 ], [ -100.341925798060814, 20.544688085497114 ], [ -100.34221228938317, 20.545185156545813 ], [ -100.342264387698336, 20.545804320064029 ], [ -100.342490117113911, 20.546548475845089 ], [ -100.342835728835382, 20.546963459711549 ], [ -100.34306641268445, 20.547212615215614 ], [ -100.343297922106615, 20.547379270504855 ], [ -100.343643125605851, 20.547835502419815 ], [ -100.34381428522795, 20.548207992787493 ], [ -100.343984621309744, 20.54866298275569 ], [ -100.344040438468554, 20.548910895822445 ], [ -100.344093370951725, 20.549447538068399 ], [ -100.34408924930311, 20.549860037169882 ], [ -100.344201709218851, 20.550273383415984 ], [ -100.344432400472868, 20.550522536609702 ], [ -100.344546922327126, 20.55072961287178 ], [ -100.34472014793738, 20.550895832300288 ], [ -100.344717264099884, 20.551184581573075 ], [ -100.344598621276447, 20.551390024571816 ], [ -100.344595325618869, 20.551719987672119 ], [ -100.344665185154199, 20.551889272674401 ], [ -100.344766080097045, 20.552133762516213 ], [ -100.344937247811288, 20.552506251177718 ], [ -100.345327821423979, 20.552729377784733 ], [ -100.345856123114785, 20.556414791885718 ], [ -100.348438335932883, 20.558486130300103 ], [ -100.348584200714299, 20.558541458467545 ], [ -100.348611503934109, 20.558715154499282 ], [ -100.348678123460431, 20.558723669971471 ], [ -100.348735043082115, 20.558856481390571 ], [ -100.348727725885155, 20.55891074365244 ], [ -100.348752821652766, 20.55893539231268 ], [ -100.349273368267447, 20.55963826492864 ], [ -100.349863001585177, 20.560288650535046 ], [ -100.349881763667767, 20.560308831269619 ], [ -100.350452340208861, 20.560939036145225 ], [ -100.34893623358667, 20.561355132682273 ], [ -100.347532241958675, 20.561738724213228 ], [ -100.346293341602205, 20.56208036733598 ], [ -100.343564894422926, 20.562828812125677 ], [ -100.342081639542627, 20.563235561184477 ], [ -100.338826222213143, 20.564128047183306 ], [ -100.3372864260336, 20.564551003344917 ], [ -100.335609032605205, 20.564353903244804 ], [ -100.335377994583197, 20.564328582367295 ], [ -100.335314058941677, 20.564008359678109 ], [ -100.335250423348938, 20.563688134627846 ], [ -100.333642773696084, 20.563552482741613 ], [ -100.333607121707729, 20.563549474289307 ], [ -100.333587640585634, 20.563529647735066 ], [ -100.33318643657276, 20.563121328017676 ], [ -100.332304855417561, 20.562224687221057 ], [ -100.332281660306919, 20.561969647922389 ], [ -100.332144366166489, 20.561934567060376 ], [ -100.331088194386737, 20.562439572529588 ], [ -100.330915561858205, 20.56223536994575 ], [ -100.330870575077427, 20.562267335588036 ], [ -100.32989258042484, 20.561110479519503 ], [ -100.329698200672297, 20.560880547577746 ], [ -100.329671363041825, 20.561349478887823 ], [ -100.329601599849923, 20.56256843809053 ], [ -100.329547965607816, 20.563506154675199 ], [ -100.32948201964021, 20.563991969094147 ], [ -100.329465817744733, 20.56411132574868 ], [ -100.329445154393468, 20.564263548990528 ], [ -100.32942397587702, 20.564419567116961 ], [ -100.329348279403717, 20.564980975559799 ], [ -100.329329967474337, 20.565116786843081 ], [ -100.329309049114869, 20.565271928606844 ], [ -100.329082497987827, 20.566111595464069 ], [ -100.329185383030662, 20.566153718437448 ], [ -100.329132281015632, 20.566188482337498 ], [ -100.328846765122478, 20.566375398362737 ], [ -100.328838504289934, 20.566500520050937 ], [ -100.328833088072315, 20.566582556067793 ], [ -100.328824237192634, 20.566716614632718 ], [ -100.329086515842633, 20.566618583335007 ], [ -100.329138875837216, 20.566599012796829 ], [ -100.32930635042581, 20.56703814729477 ], [ -100.329425370674116, 20.567351173990478 ], [ -100.329578210463623, 20.567502712771681 ], [ -100.329960332046383, 20.567881579658359 ], [ -100.330792585454276, 20.568706734577042 ], [ -100.330831381252494, 20.568745199148086 ], [ -100.330679424092125, 20.568754321872273 ], [ -100.330615657275445, 20.568758150063228 ], [ -100.331686636988053, 20.569748200394955 ], [ -100.331752004777769, 20.569853850010411 ], [ -100.331920298306414, 20.56990224370788 ], [ -100.333070475205858, 20.570620647859698 ], [ -100.33312496079472, 20.57056037641598 ], [ -100.333179446341191, 20.570500104956981 ], [ -100.333324616853858, 20.570591239430435 ], [ -100.333588170710684, 20.570756691445016 ], [ -100.336176969555623, 20.572333530888539 ], [ -100.336262872581557, 20.572387073209402 ], [ -100.336587742900434, 20.572583318277982 ], [ -100.337010267180176, 20.572839789535067 ], [ -100.337863772204244, 20.573359439044037 ], [ -100.337940009456261, 20.573381186862196 ], [ -100.338017943082193, 20.573403418554548 ], [ -100.338042501812481, 20.573448741229015 ], [ -100.33810319730236, 20.57356075347397 ], [ -100.338161753019037, 20.573668816625037 ], [ -100.338301542908354, 20.57367459006003 ], [ -100.338419006777855, 20.573679441324511 ], [ -100.338622383145434, 20.573687840590324 ], [ -100.339182875882344, 20.573848379809405 ], [ -100.339775391559058, 20.574277437449776 ], [ -100.341487487356034, 20.57558543140842 ], [ -100.342420340090285, 20.57629641886836 ], [ -100.342812344919707, 20.576636319872964 ], [ -100.342921184941474, 20.576730692840947 ], [ -100.343570684535436, 20.577297065857312 ], [ -100.343836836203295, 20.577529888933533 ], [ -100.344494034590326, 20.578118783846932 ], [ -100.345735047553788, 20.579233896595678 ], [ -100.345475816318881, 20.579346581214249 ], [ -100.34674059036044, 20.580980967404727 ], [ -100.346797203317095, 20.581183905295934 ], [ -100.346882047168464, 20.581488040022464 ], [ -100.345485363326318, 20.582110972556158 ], [ -100.345376604171562, 20.582358000144023 ], [ -100.345484124410362, 20.583097968469161 ], [ -100.34547229510666, 20.583112807225721 ], [ -100.345301925626387, 20.583996029383364 ], [ -100.345559658535095, 20.58422439731773 ], [ -100.345738220945734, 20.58431335056607 ], [ -100.346794990060658, 20.585129498188191 ], [ -100.347877923152154, 20.584827453910041 ], [ -100.348116099451232, 20.584672017051631 ], [ -100.348634537321416, 20.584067203241762 ], [ -100.348676808349083, 20.584032995548654 ], [ -100.348818969655071, 20.583937028407583 ], [ -100.349657830019325, 20.584757115071039 ], [ -100.355011139104448, 20.585062615882212 ], [ -100.355080394961419, 20.585066567054252 ], [ -100.355171498164395, 20.585071764614145 ], [ -100.355195690558048, 20.585073144814437 ], [ -100.355369651097462, 20.585083069337262 ], [ -100.355401329809666, 20.585084876602174 ], [ -100.355392373184685, 20.58529273265184 ], [ -100.355361841352959, 20.585350653688863 ], [ -100.354996668026587, 20.586043409644649 ], [ -100.354364745773438, 20.586933706320949 ], [ -100.353843729124847, 20.58734658055436 ], [ -100.353447505226939, 20.587598120519601 ], [ -100.353121772742341, 20.587751990935875 ], [ -100.353056864316784, 20.587775074337682 ], [ -100.35262176253292, 20.587929808914645 ], [ -100.352228278777773, 20.588016451119636 ], [ -100.351655163266244, 20.588063842241155 ], [ -100.351225567477513, 20.588067198206737 ], [ -100.350777167504802, 20.588011977766918 ], [ -100.350498967625384, 20.587946393395612 ], [ -100.349018573369634, 20.58764626430289 ], [ -100.348197942794457, 20.587537475571384 ], [ -100.347458908004342, 20.587536457649993 ], [ -100.346903583122398, 20.587527230746907 ], [ -100.346513641648386, 20.58750542217491 ], [ -100.346199328397901, 20.587458180209502 ], [ -100.345813908919922, 20.58737083695393 ], [ -100.345454554166452, 20.587247153332896 ], [ -100.344968559754349, 20.587007008950589 ], [ -100.344592229106482, 20.586759235212529 ], [ -100.344259255734769, 20.586429815923104 ], [ -100.344151912514093, 20.586322293730095 ], [ -100.3439262837976, 20.586100395901347 ], [ -100.343577936850537, 20.585994050703043 ], [ -100.343421260963765, 20.585946219577728 ], [ -100.342177552479413, 20.586172693289395 ], [ -100.341305392772128, 20.586409829391901 ], [ -100.341177364325915, 20.58648108223889 ], [ -100.340885607594274, 20.586643455705321 ], [ -100.340827233127726, 20.586790714009037 ], [ -100.340783808421918, 20.586933339332646 ], [ -100.34075489557145, 20.587055525214968 ], [ -100.340721024457835, 20.587193559382193 ], [ -100.34070931783593, 20.587329163226254 ], [ -100.340697788836295, 20.587485092659904 ], [ -100.340709126401322, 20.587616000811732 ], [ -100.340726258662414, 20.587758156811514 ], [ -100.340833921054184, 20.588139017659699 ], [ -100.340843581112992, 20.588157612932243 ], [ -100.340979987842033, 20.588420204441626 ], [ -100.341090012262825, 20.588591001459569 ], [ -100.341217728162249, 20.588727782961548 ], [ -100.341378259698942, 20.588880119765914 ], [ -100.341513754436306, 20.588980703887028 ], [ -100.34158093747935, 20.589022130068614 ], [ -100.341705468277951, 20.589098920276928 ], [ -100.341860232520403, 20.589174510591519 ], [ -100.342030487257205, 20.589238687834094 ], [ -100.342176880768591, 20.589282723081627 ], [ -100.342306067675494, 20.589313340413675 ], [ -100.34212715271795, 20.589349113790973 ], [ -100.339997624195959, 20.589774889741769 ], [ -100.339168318076503, 20.589940692788051 ], [ -100.33934542008285, 20.590411359081646 ], [ -100.33919296670679, 20.590566120971197 ], [ -100.339159302050462, 20.590968403896373 ], [ -100.339232830381491, 20.59114851881008 ], [ -100.338965148583981, 20.591188986457681 ], [ -100.338972990236798, 20.591297336266148 ], [ -100.339694286805411, 20.591565036095393 ], [ -100.340469491024578, 20.591997189258016 ], [ -100.340563368150299, 20.592172628688147 ], [ -100.341034035328661, 20.593058849135787 ], [ -100.341394356065635, 20.593805893704534 ], [ -100.341645114602045, 20.594537977386388 ], [ -100.341677384132169, 20.594628069041963 ], [ -100.341749875841032, 20.594836224339737 ], [ -100.341950116537973, 20.595411199260994 ], [ -100.341978148813084, 20.595491691265824 ], [ -100.34222486193319, 20.596200100228714 ], [ -100.3422571772835, 20.596292889557546 ], [ -100.342271245944815, 20.59633328584944 ], [ -100.342282545006412, 20.596365729585788 ], [ -100.342382603098429, 20.596653032249339 ], [ -100.342411668207092, 20.596746768863159 ], [ -100.342428771474502, 20.596801927802488 ], [ -100.342451470801706, 20.596875134258759 ], [ -100.342585668377211, 20.597307926438599 ], [ -100.342601974307556, 20.597360513478129 ], [ -100.34275227214539, 20.597849451476939 ], [ -100.342874259803878, 20.598597936272945 ], [ -100.342885352085531, 20.598666012404546 ], [ -100.342898017033562, 20.598742704672848 ], [ -100.342939670790443, 20.598740122644742 ], [ -100.342949245670795, 20.598829572173816 ], [ -100.342954269945153, 20.59887650941344 ], [ -100.342957304626822, 20.598904859674192 ], [ -100.342964734387195, 20.598965782757553 ], [ -100.342981044224175, 20.599184735200922 ], [ -100.342983317884332, 20.59923892268263 ], [ -100.342971316055369, 20.5997855843727 ], [ -100.342927888562201, 20.599877255483225 ], [ -100.342895069396917, 20.599946533395755 ], [ -100.342872757093289, 20.59998889073248 ], [ -100.342836147737714, 20.600058389320672 ], [ -100.342806475481538, 20.600114718586504 ], [ -100.342796262115115, 20.600134107443537 ], [ -100.342776803109885, 20.60017104802775 ], [ -100.342976835870175, 20.601305543750797 ], [ -100.343173764399353, 20.601640537556079 ], [ -100.34390048021082, 20.60303293070325 ], [ -100.344080667336172, 20.603191816281598 ], [ -100.344121370040341, 20.603227707076851 ], [ -100.344227636374114, 20.603390948784448 ], [ -100.344270881073228, 20.60345465777462 ], [ -100.344336201929366, 20.603449632787392 ], [ -100.344880400304447, 20.60334602447908 ], [ -100.344887997658049, 20.603363426531516 ], [ -100.344931500423328, 20.60346307132366 ], [ -100.3450129270703, 20.603516642963648 ], [ -100.345071406454778, 20.603586202905515 ], [ -100.345106358747813, 20.603674014228933 ], [ -100.3454785975985, 20.60362142978283 ], [ -100.345482782306803, 20.603641805425767 ], [ -100.345545063171713, 20.603945054636952 ], [ -100.345549574365435, 20.603967019850415 ], [ -100.345554085560622, 20.603988985063669 ], [ -100.345638149701628, 20.604082863796002 ], [ -100.345653823744101, 20.604102892158512 ], [ -100.345683469434121, 20.604192467857082 ], [ -100.345732273486533, 20.60433993108818 ], [ -100.345493391179218, 20.604418580882378 ], [ -100.345731792862196, 20.605207215802537 ], [ -100.345805330913393, 20.605181799366491 ], [ -100.345968926715145, 20.605727031604452 ], [ -100.345991159035208, 20.605787900957377 ], [ -100.345350092753307, 20.605856130280895 ], [ -100.345364676856363, 20.60587930079139 ], [ -100.345497216867059, 20.606089873483675 ], [ -100.345518695893816, 20.606123998178795 ], [ -100.345545315541216, 20.606166289982557 ], [ -100.345262306758045, 20.606224488760297 ], [ -100.345214285242506, 20.606234363999441 ], [ -100.345252028617196, 20.606708364558806 ], [ -100.345357049076213, 20.606682703284097 ], [ -100.345462069496349, 20.606657041947397 ], [ -100.345549032055672, 20.607033541904801 ], [ -100.345608113625374, 20.607376380660831 ], [ -100.345881198069421, 20.607333600927237 ], [ -100.346062674451218, 20.607307343927921 ], [ -100.347419736045623, 20.607131897866626 ], [ -100.347847320453482, 20.608700509689534 ], [ -100.347799907821795, 20.608696362301288 ], [ -100.347721676214078, 20.608631474562497 ], [ -100.347518855130389, 20.608583367872811 ], [ -100.347416651438238, 20.608622559797119 ], [ -100.347249249894489, 20.608578693771022 ], [ -100.347131335923166, 20.608604456722045 ], [ -100.346874478077595, 20.608685507303733 ], [ -100.346560976424612, 20.608701501050135 ], [ -100.34647894243821, 20.608715691339373 ], [ -100.346032063280589, 20.608635605690385 ], [ -100.345819180356585, 20.608705019576799 ], [ -100.345627363527569, 20.608510019648651 ], [ -100.345529676587262, 20.608551433859422 ], [ -100.345312055735235, 20.608627659637779 ], [ -100.34509794098625, 20.608864214468035 ], [ -100.344867810927312, 20.608881814919382 ], [ -100.344393706853893, 20.608808712464924 ], [ -100.344012370075873, 20.60898784438578 ], [ -100.34359041670713, 20.609151481410674 ], [ -100.343281130806645, 20.609169695040052 ], [ -100.342975700075385, 20.60921723925199 ], [ -100.342586916312754, 20.609265430378052 ], [ -100.342281096902497, 20.609405576764331 ], [ -100.34213822353874, 20.609560267292327 ], [ -100.342067302081531, 20.609576627785238 ], [ -100.341889130526667, 20.609706748185666 ], [ -100.341796476323125, 20.609775223841336 ], [ -100.341824756934059, 20.610025702870505 ], [ -100.34176253739497, 20.610179766980703 ], [ -100.341450883392454, 20.610270269289693 ], [ -100.341146382121167, 20.610390076651431 ], [ -100.341151169504485, 20.610491674075192 ], [ -100.34121226619979, 20.610586058924067 ], [ -100.341306548878975, 20.61063501529992 ], [ -100.341432742600148, 20.610801168340149 ], [ -100.341391240705534, 20.611061223191943 ], [ -100.341269020647388, 20.611349006995709 ], [ -100.34125729095237, 20.611516230402277 ], [ -100.341330585791965, 20.611565349602508 ], [ -100.341335492014323, 20.611680497351802 ], [ -100.341171805113902, 20.611855675627467 ], [ -100.34095912932932, 20.611983804398612 ], [ -100.340896480069816, 20.612020427196086 ], [ -100.340822696171188, 20.611992001167518 ], [ -100.340815125728781, 20.612009765621984 ], [ -100.340588558876178, 20.611921181306759 ], [ -100.3402108366558, 20.612206428988475 ], [ -100.339878887661243, 20.612685556034389 ], [ -100.339799836662735, 20.613006882454357 ], [ -100.339699439411675, 20.613116070960167 ], [ -100.339677369883304, 20.613129793314393 ], [ -100.339372165917041, 20.613581609630678 ], [ -100.339325736791878, 20.613895907409294 ], [ -100.338986386966866, 20.614180855306213 ], [ -100.33877730795102, 20.614275075528631 ], [ -100.33862940380962, 20.614301065258935 ], [ -100.338435067631664, 20.614298053367559 ], [ -100.337573929818276, 20.614099192724549 ], [ -100.336905892108646, 20.613246113568671 ], [ -100.33591270368764, 20.614649576795063 ], [ -100.336587403051823, 20.617709209185819 ], [ -100.336856891266251, 20.617664212048421 ], [ -100.33688857205712, 20.617731753987456 ], [ -100.33690656438867, 20.617770112751003 ], [ -100.336920252877434, 20.617799295918619 ], [ -100.336938168612278, 20.617837491341852 ], [ -100.33673927228017, 20.617868858501712 ], [ -100.336011519482824, 20.617983681610898 ], [ -100.335973666669787, 20.618028333091729 ], [ -100.336105500003129, 20.618575333091794 ], [ -100.33615016666981, 20.618618499758423 ], [ -100.33618566666982, 20.618664833091788 ], [ -100.33618166666983, 20.618719999758486 ], [ -100.33613783333648, 20.618760333091817 ], [ -100.336087833336506, 20.618766333091767 ], [ -100.336050333336473, 20.618745499758486 ], [ -100.335892666669793, 20.618052499758416 ], [ -100.335839199838929, 20.618010866575229 ], [ -100.335387584704534, 20.618082112046309 ], [ -100.335425550898975, 20.618343810205317 ], [ -100.335438325513479, 20.618397511390427 ], [ -100.335562825957268, 20.618920937463599 ], [ -100.335606083139183, 20.618929637289273 ], [ -100.335632067196272, 20.618952021912371 ], [ -100.335663842483498, 20.619019532718514 ], [ -100.335720220827838, 20.619122990086048 ], [ -100.335732392118075, 20.619143222923569 ], [ -100.335788293424358, 20.61922635702286 ], [ -100.335837140634723, 20.619291477257597 ], [ -100.335896821916933, 20.61936103080609 ], [ -100.336004273736194, 20.619475385908988 ], [ -100.336089457912422, 20.619580878940464 ], [ -100.336176220282411, 20.619695393907197 ], [ -100.336250590338693, 20.619798711927761 ], [ -100.336331513575232, 20.619931340337406 ], [ -100.336454683742204, 20.620163017985117 ], [ -100.336564956438082, 20.620428673495972 ], [ -100.336639669435826, 20.620674277097368 ], [ -100.336661944648625, 20.620787032096999 ], [ -100.336687877283595, 20.62090653443412 ], [ -100.336725873678077, 20.621274383537173 ], [ -100.336723706272295, 20.62150703058526 ], [ -100.336688822496399, 20.621839306794499 ], [ -100.336669433577825, 20.621988520861606 ], [ -100.336668552712567, 20.622162435739213 ], [ -100.336683844397413, 20.622333966939109 ], [ -100.336718326969333, 20.622505349646801 ], [ -100.33677376020276, 20.62267205313886 ], [ -100.33682670022101, 20.622793604977826 ], [ -100.336869409821148, 20.622876840681354 ], [ -100.336928430101551, 20.622973501423417 ], [ -100.336981275822481, 20.623049883013945 ], [ -100.337007377514908, 20.623084327357688 ], [ -100.337031324272417, 20.623114993505563 ], [ -100.337072838688911, 20.623164360210684 ], [ -100.337138838870757, 20.623236122842076 ], [ -100.337196604876311, 20.623292139361553 ], [ -100.33727004246181, 20.623357068731138 ], [ -100.337336165151001, 20.623408503419757 ], [ -100.337409484492255, 20.623459882366728 ], [ -100.337477666827908, 20.623506783960405 ], [ -100.337581930910432, 20.623564698884874 ], [ -100.337630105625067, 20.623586911327838 ], [ -100.337698169696736, 20.623620262472688 ], [ -100.337757458958549, 20.623644647358748 ], [ -100.33779116155894, 20.623657937641745 ], [ -100.337826063601, 20.623671218629184 ], [ -100.337893429361927, 20.623693282375669 ], [ -100.338047312450385, 20.623732744360659 ], [ -100.33870636828749, 20.623860892540495 ], [ -100.338843640958856, 20.623886931249743 ], [ -100.338918665038193, 20.623893125421443 ], [ -100.338912880701784, 20.623934082597543 ], [ -100.338907095520412, 20.623975093598936 ], [ -100.338899438713241, 20.624029341457554 ], [ -100.338894014624017, 20.62406777039639 ], [ -100.338889745482646, 20.624097988972373 ], [ -100.338879487629768, 20.624170692111161 ], [ -100.338872071543449, 20.624223233999171 ], [ -100.338865222526707, 20.62427174469769 ], [ -100.338857387260958, 20.624327240840316 ], [ -100.338745117343763, 20.624873835213659 ], [ -100.338730539870625, 20.624944806467557 ], [ -100.338697985892793, 20.625028624883512 ], [ -100.338552302650541, 20.625309813290762 ], [ -100.338662229918128, 20.625329288341469 ], [ -100.338553049637255, 20.625470566296666 ], [ -100.338535783759511, 20.625492913696913 ], [ -100.338509187415752, 20.625527325023445 ], [ -100.338326856509966, 20.6257632689451 ], [ -100.338224604616258, 20.626045734544803 ], [ -100.338162881214913, 20.626216248148975 ], [ -100.338117220869051, 20.626225785396745 ], [ -100.337769850489366, 20.62629834152132 ], [ -100.33778046030433, 20.626345688785161 ], [ -100.337195768708014, 20.626465055860503 ], [ -100.337137300564592, 20.626477003979552 ], [ -100.337079081389334, 20.626488890575668 ], [ -100.337100261188013, 20.626579068422618 ], [ -100.33682243039398, 20.62663734116229 ], [ -100.336395921187247, 20.626726807525824 ], [ -100.336428069089706, 20.626871105697802 ], [ -100.336459597613199, 20.627013150105658 ], [ -100.33654387391114, 20.62739193359155 ], [ -100.3368456068022, 20.627328617848026 ], [ -100.336820730018374, 20.62722717586314 ], [ -100.337548840097526, 20.627088285058615 ], [ -100.338234967274374, 20.629996013837939 ], [ -100.338405941492127, 20.630726934882286 ], [ -100.33872883392057, 20.632156348223418 ], [ -100.338943466644182, 20.633105530472324 ], [ -100.339134402466712, 20.633951003085631 ], [ -100.339143635875445, 20.633995341317942 ], [ -100.339158820718126, 20.634068257885335 ], [ -100.339566374629229, 20.63591710046154 ] ] ] ] } },
{ "type": "Feature", "properties": { "CVE_PAIS": "MX", "NOM_PAIS": "MEXICO", "CVE_ENT": "22", "NOM_ENT": "QUERETARO", "CU_MUN": "22007", "NOM_MUN": "EZEQUIEL MONTES" }, "geometry": { "type": "MultiPolygon", "coordinates": [ [ [ [ -99.978517055507496, 20.63578593906178 ], [ -99.991608952285532, 20.636686504344343 ], [ -99.989526452932679, 20.653122036513448 ], [ -99.977401609266479, 20.651489653708818 ], [ -99.976748575847793, 20.652932116439928 ], [ -99.974464860175715, 20.652507120080596 ], [ -99.974806880323911, 20.654202623979828 ], [ -99.972464295177062, 20.653818605248055 ], [ -99.970815167923234, 20.655173219065183 ], [ -99.970057166316408, 20.654466973856877 ], [ -99.96864557606601, 20.655285778266872 ], [ -99.967713157590339, 20.654330744886245 ], [ -99.966067797226003, 20.655024369471345 ], [ -99.965370672669735, 20.653348513695352 ], [ -99.964680070782464, 20.651712230002381 ], [ -99.963521845637757, 20.649268805997508 ], [ -99.961948797590296, 20.64760807685127 ], [ -99.960023133321982, 20.646110704773786 ], [ -99.958331482767889, 20.644697173185474 ], [ -99.957340820637967, 20.643700456973445 ], [ -99.955534167756198, 20.641914488846481 ], [ -99.955010513242243, 20.641250729328316 ], [ -99.954658834082238, 20.641248854232813 ], [ -99.954601429729721, 20.641041995275643 ], [ -99.954544025543996, 20.64083513628832 ], [ -99.954839507824985, 20.640423606398389 ], [ -99.954959392078379, 20.639969829382004 ], [ -99.9547266335085, 20.639679414296101 ], [ -99.954495084915848, 20.639182452432319 ], [ -99.954321666364933, 20.638768421485619 ], [ -99.95444130924956, 20.638355954022455 ], [ -99.954795640998029, 20.637903427670047 ], [ -99.955033230590587, 20.637367657101755 ], [ -99.955039031278744, 20.636376234136268 ], [ -99.954807245396552, 20.635920581644481 ], [ -99.954698381910418, 20.635868706791435 ], [ -99.954105847200196, 20.635586354513812 ], [ -99.953464515715538, 20.635004581606253 ], [ -99.953174610485561, 20.634465994857127 ], [ -99.952765305500435, 20.634298564807136 ], [ -99.952413399720044, 20.634337993836237 ], [ -99.952149865341752, 20.634045714982623 ], [ -99.951712013729988, 20.634003756432488 ], [ -99.95167416499622, 20.634009215017556 ], [ -99.951277094647608, 20.634066480409505 ], [ -99.950831537991945, 20.633997167232859 ], [ -99.950658482849775, 20.633750250809378 ], [ -99.950072379081547, 20.633747109347759 ], [ -99.949797013712526, 20.633680847411366 ], [ -99.949759108412565, 20.633671726113985 ], [ -99.949721203116781, 20.633662604808158 ], [ -99.949370270770089, 20.633536790180958 ], [ -99.949094642821521, 20.633607886249955 ], [ -99.948326843612207, 20.634507516713931 ], [ -99.948310706583868, 20.634526722239919 ], [ -99.948295110295234, 20.634545318194096 ], [ -99.948116414794598, 20.634758382147155 ], [ -99.948069747802904, 20.634900418222447 ], [ -99.947953709741299, 20.635253591585663 ], [ -99.947947581872654, 20.635272242317928 ], [ -99.947941454002574, 20.635290893049937 ], [ -99.947724748535393, 20.635950453049603 ], [ -99.947631488187, 20.636221500497633 ], [ -99.947623858846597, 20.636243674008259 ], [ -99.947616229504092, 20.63626584751853 ], [ -99.947370952148134, 20.636978705027783 ], [ -99.947102531196421, 20.637886899991482 ], [ -99.947087955083632, 20.637936217572715 ], [ -99.94707337896206, 20.637985535152808 ], [ -99.947029398634015, 20.638134340212016 ], [ -99.947012468258336, 20.638191623147062 ], [ -99.947002243064176, 20.638226219472855 ], [ -99.946914417517249, 20.638523371273532 ], [ -99.946845664823741, 20.638837278060521 ], [ -99.948047982428918, 20.638850169022 ], [ -99.948915745341878, 20.638911182445092 ], [ -99.949755839265748, 20.63950175277666 ], [ -99.950265809019442, 20.639407546341669 ], [ -99.950436376247652, 20.639361792528135 ], [ -99.950494335777677, 20.639399602532958 ], [ -99.950715277417942, 20.639543733854886 ], [ -99.949608615765442, 20.642832962414868 ], [ -99.95602355739473, 20.648444158732968 ], [ -99.956979096436058, 20.648101653364137 ], [ -99.958767508086382, 20.651759849913699 ], [ -99.959600586513119, 20.653463842173792 ], [ -99.952515321622556, 20.656935419173649 ], [ -99.938581725677835, 20.66371801123579 ], [ -99.941097813468502, 20.664516530553318 ], [ -99.939946190099363, 20.670872136739114 ], [ -99.94020754793749, 20.671286656292491 ], [ -99.940468907226091, 20.671701175375436 ], [ -99.951402966108532, 20.666678753585551 ], [ -99.950477129753054, 20.664608278337614 ], [ -99.953053357404912, 20.66345912788886 ], [ -99.953320229526398, 20.663340083938557 ], [ -99.952811464148766, 20.671542894693722 ], [ -99.952921666242148, 20.671950018317489 ], [ -99.955027828530632, 20.672614455311965 ], [ -99.955001794671588, 20.672731639070573 ], [ -99.953242204007722, 20.682312517254303 ], [ -99.952623620693856, 20.685680413558494 ], [ -99.952415543535594, 20.686813111818896 ], [ -99.95259046225938, 20.687103645211643 ], [ -99.952765200919416, 20.687435614775623 ], [ -99.9529401210591, 20.687726147738978 ], [ -99.952920831307893, 20.687819358194034 ], [ -99.952880127637968, 20.688016043000651 ], [ -99.952644671066537, 20.688139714339012 ], [ -99.952350847139726, 20.688180353020726 ], [ -99.951938479963033, 20.688469290115137 ], [ -99.951584115864833, 20.688924131682104 ], [ -99.951289384427966, 20.6891719505747 ], [ -99.950995195648218, 20.689295459817135 ], [ -99.950877667735924, 20.690280359203168 ], [ -99.95081230224487, 20.690828126068709 ], [ -99.950632668819338, 20.691614937102578 ], [ -99.950572488480844, 20.691946268045982 ], [ -99.950336298554291, 20.692235682024908 ], [ -99.949923916726888, 20.692524614738435 ], [ -99.949804459623664, 20.692980094255649 ], [ -99.949567722025307, 20.693393816427161 ], [ -99.949447536970936, 20.694015041261032 ], [ -99.949269709602817, 20.694387487165162 ], [ -99.949150430960216, 20.694801529880227 ], [ -99.949149159426952, 20.695091584563773 ], [ -99.949027881594361, 20.695961427385011 ], [ -99.948615669167026, 20.69620892094802 ], [ -99.94849584210165, 20.696747272392091 ], [ -99.948729861330747, 20.696955097228084 ], [ -99.948786412730144, 20.697452494425558 ], [ -99.948432564690165, 20.697783021087336 ], [ -99.948665858505976, 20.698156591419341 ], [ -99.947430836597121, 20.698526139818533 ], [ -99.947367733808932, 20.699520451841771 ], [ -99.943138034736549, 20.699715981413391 ], [ -99.942384464675314, 20.686750262464273 ], [ -99.94338575976181, 20.686547203354216 ], [ -99.947252023707094, 20.685763079451227 ], [ -99.947222691429943, 20.685288591244571 ], [ -99.947037144945298, 20.68228703916947 ], [ -99.946977897590386, 20.6813285714138 ], [ -99.946447418262608, 20.681893004325616 ], [ -99.945894894560979, 20.682485492827226 ], [ -99.944413439189717, 20.684074073204663 ], [ -99.942490943515665, 20.686135519118181 ], [ -99.942062791435632, 20.686594606049496 ], [ -99.941367074681565, 20.686660878004428 ], [ -99.939894306080959, 20.686801160239014 ], [ -99.935913708963, 20.687180250859289 ], [ -99.937864232333808, 20.696966462693755 ], [ -99.927702610626838, 20.697144904893737 ], [ -99.928100624683779, 20.700046638850147 ], [ -99.938497555914196, 20.69982738611964 ], [ -99.93874142990731, 20.699786837091466 ], [ -99.939491337992436, 20.703648044132574 ], [ -99.940544184992532, 20.709068613139564 ], [ -99.940662688355133, 20.709678696263047 ], [ -99.940408054259279, 20.709667233451103 ], [ -99.941943036985293, 20.717571971831607 ], [ -99.942235821058262, 20.717779966796613 ], [ -99.942528605921424, 20.717987961227827 ], [ -99.942820659098103, 20.718361700459031 ], [ -99.943230011789083, 20.718777199980256 ], [ -99.943578797008627, 20.719606899524095 ], [ -99.945753849221092, 20.719239957263365 ], [ -99.945874064833461, 20.718618735450384 ], [ -99.945934263448081, 20.718287406357984 ], [ -99.945997195765003, 20.7173345326446 ], [ -99.946529862081832, 20.71642438501031 ], [ -99.946767369420655, 20.715844921172614 ], [ -99.946830842367845, 20.714767738192631 ], [ -99.950317995699791, 20.709846288112868 ], [ -99.950787348604109, 20.709971876030959 ], [ -99.952078479358889, 20.710224004405475 ], [ -99.953018273306768, 20.710226551471816 ], [ -99.954134638625064, 20.710146696919644 ], [ -99.954192114911436, 20.710436909403516 ], [ -99.953896266745645, 20.710933351185115 ], [ -99.953423122139881, 20.711677933558938 ], [ -99.952833579845333, 20.712173579065144 ], [ -99.952654117137328, 20.71291895459056 ], [ -99.952649243731159, 20.714037733689377 ], [ -99.952584368127646, 20.715446407337421 ], [ -99.952171388136065, 20.715859655712162 ], [ -99.951699304995415, 20.716355616300444 ], [ -99.951403257076521, 20.716893490482978 ], [ -99.951222155215788, 20.718011790906782 ], [ -99.951160883176229, 20.718591738931188 ], [ -99.950564248638088, 20.720703391472767 ], [ -99.9524437858352, 20.720749928207233 ], [ -99.954441165485775, 20.720713888758628 ], [ -99.955498685514172, 20.720675300290608 ], [ -99.957730310019599, 20.720805599395145 ], [ -99.959610025741767, 20.720810621563633 ], [ -99.961197281930993, 20.720524790013453 ], [ -99.961471713049932, 20.720517103278667 ], [ -99.962548501798906, 20.720486938513144 ], [ -99.96319358675953, 20.720737265928239 ], [ -99.964423426703448, 20.72161068328225 ], [ -99.964950151115204, 20.722067874326964 ], [ -99.965827914264509, 20.722857479549692 ], [ -99.966293961772976, 20.723770308530053 ], [ -99.966819110593903, 20.724600417895736 ], [ -99.967051257177289, 20.725264011273961 ], [ -99.967107353416068, 20.725885706280465 ], [ -99.967223251771088, 20.726258938780816 ], [ -99.96833708136576, 20.726800528668889 ], [ -99.968651361282639, 20.735793066985213 ], [ -99.968155163616956, 20.741965802992237 ], [ -99.969936565491238, 20.751376506526288 ], [ -99.96999409072464, 20.751666710561931 ], [ -99.966872787235317, 20.75339890385758 ], [ -99.965515628412007, 20.754762750980913 ], [ -99.966997183170918, 20.75712726138471 ], [ -99.965819836199287, 20.757617209880024 ], [ -99.95655208132176, 20.755215070837139 ], [ -99.95103093310334, 20.7551869466837 ], [ -99.950855839546435, 20.754979443140016 ], [ -99.947685235435017, 20.754756599863143 ], [ -99.941050370302264, 20.754309219171695 ], [ -99.940107444715935, 20.754882849537509 ], [ -99.930938741701681, 20.755909541027258 ], [ -99.929764703059604, 20.755779434717571 ], [ -99.927941593096534, 20.756183103841302 ], [ -99.919769610626687, 20.757503684700218 ], [ -99.918535903259837, 20.757538474562587 ], [ -99.917477015597228, 20.757822115780556 ], [ -99.91636077867345, 20.757857513239721 ], [ -99.914362785911791, 20.758012179000453 ], [ -99.911890924761778, 20.758866770557294 ], [ -99.911418223905372, 20.759360113524494 ], [ -99.905295392855251, 20.761806647926687 ], [ -99.903647645931173, 20.762334974047004 ], [ -99.902529011514957, 20.762783493037404 ], [ -99.901353047207891, 20.762983761894251 ], [ -99.900732715306475, 20.763219900493706 ], [ -99.900175661230861, 20.76343194893958 ], [ -99.899351652365297, 20.763716750489429 ], [ -99.898584485591954, 20.764332434389967 ], [ -99.898050140499706, 20.765321276928308 ], [ -99.898044928046929, 20.76623033954699 ], [ -99.89792507732011, 20.766642913579037 ], [ -99.897104129944282, 20.766390531602784 ], [ -99.896635865852772, 20.76609873638429 ], [ -99.896109575460756, 20.765682657926948 ], [ -99.895583050326536, 20.765307898783767 ], [ -99.894997074344388, 20.765056781944775 ], [ -99.894233452158289, 20.76505263125533 ], [ -99.899084937505378, 20.759004563254184 ], [ -99.900970687399322, 20.757940376909584 ], [ -99.900972813310545, 20.757568487543388 ], [ -99.900504570107145, 20.757276701849545 ], [ -99.900801563285739, 20.756699793858466 ], [ -99.900095302113272, 20.756943911286477 ], [ -99.899448248903539, 20.757105701527546 ], [ -99.897926063810431, 20.756229690891168 ], [ -99.898113413668682, 20.754288555012145 ], [ -99.899057450905914, 20.753549864928601 ], [ -99.897827558410427, 20.752923367684158 ], [ -99.897712696150947, 20.752468198913391 ], [ -99.897597834632222, 20.752013030016826 ], [ -99.888463454223697, 20.757211216868388 ], [ -99.886871548222231, 20.758235558129467 ], [ -99.884984486987264, 20.759506199271343 ], [ -99.883511214601526, 20.760324550192344 ], [ -99.879149071344685, 20.762945139535926 ], [ -99.877855831634804, 20.763103278261468 ], [ -99.873919302313112, 20.763246740278312 ], [ -99.870534308860869, 20.763805349521206 ], [ -99.867194649633547, 20.762928497648549 ], [ -99.865028715545591, 20.761806053693665 ], [ -99.864036919317314, 20.760313913785112 ], [ -99.862576587402458, 20.758655122052208 ], [ -99.859755103837998, 20.76059341282048 ], [ -99.856818567507517, 20.761869249670152 ], [ -99.851887263943794, 20.763388490464806 ], [ -99.850598729740128, 20.762930129853164 ], [ -99.849370159731535, 20.762099455802129 ], [ -99.845675263754828, 20.762214510565062 ], [ -99.845327678175693, 20.761013531516792 ], [ -99.843863405047713, 20.760513300343288 ], [ -99.843986442460007, 20.758899651364562 ], [ -99.844514358395841, 20.758859577919718 ], [ -99.844809920340595, 20.758198175511712 ], [ -99.84512668905667, 20.75157760673207 ], [ -99.850937251247188, 20.750060721326257 ], [ -99.857577675487079, 20.745938490238416 ], [ -99.859337322688148, 20.745777183419623 ], [ -99.865738675928824, 20.742854193195768 ], [ -99.867200797332359, 20.726800905452279 ], [ -99.86630507054835, 20.726418029985837 ], [ -99.849872835223522, 20.719392935837682 ], [ -99.849403669059896, 20.719433148534684 ], [ -99.844850083008893, 20.714042024630754 ], [ -99.844444892707841, 20.712592587390052 ], [ -99.844387009049129, 20.712385524807839 ], [ -99.843996722595151, 20.711819592789556 ], [ -99.84397345378305, 20.711785850649193 ], [ -99.842928996350551, 20.710271317108074 ], [ -99.850544324011594, 20.711862771564245 ], [ -99.854532411107357, 20.711375918540806 ], [ -99.854886902171089, 20.710590492895239 ], [ -99.855419352710356, 20.710425955648354 ], [ -99.861929149188498, 20.70841414559623 ], [ -99.867963316318566, 20.709545820889328 ], [ -99.866971285711244, 20.708219210428265 ], [ -99.865975578631407, 20.707968555047479 ], [ -99.864923246712294, 20.707138390564982 ], [ -99.864106120936242, 20.706101861335966 ], [ -99.861120783950113, 20.704853227389915 ], [ -99.861428649557737, 20.700591459890244 ], [ -99.860784566226528, 20.700382997729502 ], [ -99.86150146252497, 20.696494661538619 ], [ -99.865728122849532, 20.694683863242215 ], [ -99.865262755249503, 20.693648169933756 ], [ -99.8561206029419, 20.693088224230411 ], [ -99.857069443773227, 20.689945369111783 ], [ -99.85648460476051, 20.689571497669291 ], [ -99.856901995041483, 20.687544711048702 ], [ -99.85766440174892, 20.687422407518021 ], [ -99.857972059345329, 20.683243402153511 ], [ -99.860960534535764, 20.683457527230448 ], [ -99.860554997734468, 20.682090891915792 ], [ -99.859383782797607, 20.681798384901327 ], [ -99.858330371655299, 20.681340619997204 ], [ -99.858332248992184, 20.680802636706897 ], [ -99.856690850938605, 20.680881413515284 ], [ -99.855291898616585, 20.678684686539217 ], [ -99.857578987481276, 20.678317791468984 ], [ -99.857932525217166, 20.677780659910905 ], [ -99.852835121333641, 20.675599348247129 ], [ -99.851026989697445, 20.67482554964678 ], [ -99.853037774486396, 20.66969890152431 ], [ -99.853101489148727, 20.668250625095173 ], [ -99.853049306184502, 20.66642960999086 ], [ -99.853069347237138, 20.666042803692811 ], [ -99.853108284834107, 20.665291277389784 ], [ -99.853615268572028, 20.655505667990095 ], [ -99.849808696343999, 20.654792764983682 ], [ -99.846002139144986, 20.654079792294809 ], [ -99.833691476761757, 20.665170471961755 ], [ -99.833361229060586, 20.665469744944133 ], [ -99.83265614916499, 20.665964541483284 ], [ -99.831186306477704, 20.667243660520793 ], [ -99.82912747913889, 20.669307539207495 ], [ -99.82853546143923, 20.67091998151998 ], [ -99.826604635977333, 20.670045897184185 ], [ -99.82701871000917, 20.669012374291071 ], [ -99.826338381345593, 20.6681462999484 ], [ -99.826191377451323, 20.667959158840876 ], [ -99.824510462402273, 20.665819252076993 ], [ -99.823395223511312, 20.666271506586572 ], [ -99.822344686301548, 20.665110037377055 ], [ -99.821404944403767, 20.665645497187366 ], [ -99.82102878115343, 20.665207057370381 ], [ -99.820326624604604, 20.664388644456402 ], [ -99.819946045033177, 20.663945047135037 ], [ -99.819864576925426, 20.663989939450527 ], [ -99.819224418339687, 20.664342691226615 ], [ -99.819139016579257, 20.664389750552299 ], [ -99.819053614765167, 20.664436809837209 ], [ -99.818621944157584, 20.664674673849863 ], [ -99.81854670769647, 20.664716131310325 ], [ -99.818471471193703, 20.664757588739132 ], [ -99.81764036566976, 20.665215547622285 ], [ -99.817560022860334, 20.66525981806533 ], [ -99.817479680003402, 20.665304088472308 ], [ -99.81776850651238, 20.666422228587162 ], [ -99.816653595702107, 20.666791719608874 ], [ -99.816475595739576, 20.667370623647173 ], [ -99.814598298225604, 20.667862183713844 ], [ -99.814073685615853, 20.66711590129804 ], [ -99.814135735190078, 20.666205615344701 ], [ -99.813493580325002, 20.665541746891041 ], [ -99.813498125054394, 20.66434161718367 ], [ -99.812678126635902, 20.664215262752592 ], [ -99.811569979879422, 20.662805217240244 ], [ -99.810933990911423, 20.660527369115691 ], [ -99.81017277586858, 20.660359776268699 ], [ -99.810000435084277, 20.659448856599827 ], [ -99.809006709938984, 20.658784018141333 ], [ -99.80837125234342, 20.656382006097491 ], [ -99.790488011524374, 20.658774221373164 ], [ -99.787429839035866, 20.661496953603823 ], [ -99.787495158866975, 20.659800375289723 ], [ -99.788027336637015, 20.658601733134521 ], [ -99.788208381818592, 20.657277942330818 ], [ -99.788329676989989, 20.656243673545461 ], [ -99.788743161881541, 20.655417153715344 ], [ -99.788747576614128, 20.654299784965531 ], [ -99.788693554169797, 20.653140866259012 ], [ -99.789343228808008, 20.651859783677601 ], [ -99.789639660213894, 20.650991546575899 ], [ -99.78993902657173, 20.649378396221536 ], [ -99.789715570300388, 20.64660500288301 ], [ -99.789427807116411, 20.645279884951201 ], [ -99.78943221925968, 20.644162515054596 ], [ -99.78920126248228, 20.64329278668303 ], [ -99.788969163607035, 20.642712746418553 ], [ -99.788562749466124, 20.641759751111501 ], [ -99.788872256974145, 20.637580786791602 ], [ -99.783335895783068, 20.637669159714349 ], [ -99.764670608491656, 20.637965782153564 ], [ -99.760933566703343, 20.629417253920842 ], [ -99.748478681903237, 20.600918692416528 ], [ -99.743457951303881, 20.596847439534155 ], [ -99.765508727121684, 20.591873303102492 ], [ -99.766266917614686, 20.591702217799188 ], [ -99.764458175860455, 20.589958660019906 ], [ -99.761145361272824, 20.583658212199023 ], [ -99.76138497709249, 20.582375994117093 ], [ -99.760057196729861, 20.577695483127386 ], [ -99.760703382288099, 20.577242191861437 ], [ -99.761128493575541, 20.57360157885606 ], [ -99.761131240338997, 20.572939424884492 ], [ -99.761133987179818, 20.572277270863378 ], [ -99.761427525144626, 20.572112612708047 ], [ -99.760785313725179, 20.57161405967787 ], [ -99.760708087558271, 20.571080577208399 ], [ -99.760671438062218, 20.570827399057947 ], [ -99.760172531116041, 20.570775514710114 ], [ -99.759441983499798, 20.570699546294435 ], [ -99.759176961668871, 20.571050512705273 ], [ -99.758911932820467, 20.571401486441399 ], [ -99.754096421278405, 20.570711042453816 ], [ -99.753227196378845, 20.570565493126999 ], [ -99.75229614363576, 20.570428552473324 ], [ -99.751508286373422, 20.57031267278218 ], [ -99.746268530072612, 20.569541888823878 ], [ -99.74358165812238, 20.567816065388865 ], [ -99.740894593991968, 20.566091367493083 ], [ -99.739956456920325, 20.566376922056055 ], [ -99.738593573408679, 20.565440087348591 ], [ -99.736569539535708, 20.564048741637173 ], [ -99.737155748492043, 20.563926431157693 ], [ -99.737274843250418, 20.563471566506106 ], [ -99.737275199616789, 20.563388796817868 ], [ -99.737276625093756, 20.563057718057173 ], [ -99.737804974834361, 20.562769682046195 ], [ -99.738334034182003, 20.562316105108735 ], [ -99.738687390660459, 20.561861975208561 ], [ -99.738982534148192, 20.561324891212958 ], [ -99.739276787298124, 20.560994730952785 ], [ -99.739687106089306, 20.560913246316094 ], [ -99.740331866477007, 20.560791109210555 ], [ -99.740860557002179, 20.560420294552255 ], [ -99.741271404696775, 20.560214651740079 ], [ -99.741799205957648, 20.560050758459152 ], [ -99.742620188521826, 20.559805006848336 ], [ -99.743498851305858, 20.559766357749705 ], [ -99.744493411034696, 20.560017761701683 ], [ -99.746368571418699, 20.559775263390904 ], [ -99.747480091445254, 20.560068397539396 ], [ -99.747914052899446, 20.560150500248856 ], [ -99.748591965801623, 20.560278754403328 ], [ -99.748994940848846, 20.560541743805491 ], [ -99.749292831563906, 20.560736151740613 ], [ -99.749700695558374, 20.561234030049608 ], [ -99.750927968344996, 20.561858579477985 ], [ -99.752097206814355, 20.562358786348458 ], [ -99.752622739943376, 20.562732861828778 ], [ -99.753102759748685, 20.563264419691791 ], [ -99.753125082904361, 20.563289139481384 ], [ -99.753147406067228, 20.563313859267783 ], [ -99.753907039756186, 20.563730030886319 ], [ -99.754127012535918, 20.563711279097323 ], [ -99.754375750358236, 20.563690074863892 ], [ -99.754846195160539, 20.563236270418603 ], [ -99.754895346321689, 20.563167234875785 ], [ -99.754922716821568, 20.56312879145236 ], [ -99.754937598221602, 20.56310788967016 ], [ -99.754972208891544, 20.563059485876479 ], [ -99.755009554530019, 20.563007257127317 ], [ -99.755081849993175, 20.562905905948593 ], [ -99.755258937150103, 20.562575362964228 ], [ -99.755671155938145, 20.562038608737602 ], [ -99.756551555912807, 20.561586046031319 ], [ -99.757615550172034, 20.561747657523643 ], [ -99.75766362440983, 20.561754959419829 ], [ -99.757701800781021, 20.561782131739282 ], [ -99.758189168382245, 20.562129017676444 ], [ -99.758502638638831, 20.562320311855583 ], [ -99.758598099004402, 20.562378566013876 ], [ -99.758683564361803, 20.562356704257418 ], [ -99.760356987427613, 20.561928638477081 ], [ -99.760762683949011, 20.561772518307023 ], [ -99.761530203094097, 20.561476933219009 ], [ -99.764050600574521, 20.560987871949912 ], [ -99.764753392243776, 20.560989973744324 ], [ -99.765340246407618, 20.560702030509937 ], [ -99.765575874473228, 20.560371652495785 ], [ -99.76627917430784, 20.560249594252852 ], [ -99.767098753285282, 20.560334804921375 ], [ -99.767625164380775, 20.560501910867682 ], [ -99.76834208040836, 20.560530707615083 ], [ -99.768737743826662, 20.56054659916073 ], [ -99.769618772546508, 20.559928432951043 ], [ -99.770031271960775, 20.559308876945806 ], [ -99.770794650696004, 20.558814512324844 ], [ -99.772082913329925, 20.558859698448956 ], [ -99.773017425649513, 20.559483226156871 ], [ -99.773658949391802, 20.560147273226054 ], [ -99.774956143656041, 20.560039729424101 ], [ -99.776408974127989, 20.559297739438222 ], [ -99.777509947990552, 20.558241099595822 ], [ -99.778581293981347, 20.559458116375232 ], [ -99.778755486325394, 20.559831088388474 ], [ -99.779457770214634, 20.559957284318354 ], [ -99.78139392145809, 20.559093810647919 ], [ -99.782099028210055, 20.558516458892612 ], [ -99.783923318177628, 20.556328314638453 ], [ -99.784690607027173, 20.554840661863899 ], [ -99.786804496474005, 20.553439636556472 ], [ -99.790028897413464, 20.552579753841268 ], [ -99.793954864520146, 20.552011488185087 ], [ -99.796888328383275, 20.550654039917287 ], [ -99.800467524164631, 20.548884494450647 ], [ -99.802818155758857, 20.546780397382449 ], [ -99.803993367201912, 20.545749029711661 ], [ -99.806628394306898, 20.54579768196604 ], [ -99.808913653816035, 20.545431488899119 ], [ -99.810499678544062, 20.544152894076593 ], [ -99.811966344287114, 20.543453348046437 ], [ -99.814016846371985, 20.543210604902153 ], [ -99.815015176754628, 20.542468379998233 ], [ -99.815497846772487, 20.542202518277474 ], [ -99.815815758160184, 20.542027406805126 ], [ -99.81692731285203, 20.542366418460325 ], [ -99.818573358969473, 20.541549937735457 ], [ -99.820452320010332, 20.540983478183815 ], [ -99.82243533948521, 20.541037368680389 ], [ -99.822503350991596, 20.541039216556161 ], [ -99.823553066863994, 20.541915966841454 ], [ -99.824311741375141, 20.542459472650602 ], [ -99.825481924525988, 20.542798837148112 ], [ -99.826301701000602, 20.542928749366475 ], [ -99.828292662652103, 20.5432324057603 ], [ -99.829992070178832, 20.543285609907976 ], [ -99.831340072308919, 20.543294960547478 ], [ -99.831631882338428, 20.543503988066909 ], [ -99.832332476195745, 20.543964252753387 ], [ -99.833032581411913, 20.544507312871414 ], [ -99.833966883110847, 20.545093390960488 ], [ -99.83455051776977, 20.54551143606286 ], [ -99.835310230574635, 20.545889294799704 ], [ -99.835955183172558, 20.545852348800548 ], [ -99.836543734583785, 20.545442403246177 ], [ -99.837541812993891, 20.545159483203587 ], [ -99.83877261089475, 20.545167967009657 ], [ -99.839123533173236, 20.545294586841013 ], [ -99.839709138617806, 20.54538142078923 ], [ -99.84023735733787, 20.545260853686369 ], [ -99.840764109369729, 20.545388679908022 ], [ -99.841287444062502, 20.546096092519871 ], [ -99.841930931354838, 20.546307519121616 ], [ -99.842810078601303, 20.546313557374244 ], [ -99.844159807817817, 20.546033013521345 ], [ -99.844631604387757, 20.54553943905907 ], [ -99.844846233158648, 20.545091671960613 ], [ -99.844868960716397, 20.545044256661491 ], [ -99.845340265876985, 20.544633478633937 ], [ -99.845754417330596, 20.543973903268011 ], [ -99.846577126470422, 20.543606929431185 ], [ -99.84804840381166, 20.542581974734343 ], [ -99.848228832861821, 20.54179659366919 ], [ -99.848406595159929, 20.541466602608992 ], [ -99.848409502500161, 20.540969813300244 ], [ -99.848528413678537, 20.540680820648468 ], [ -99.849172371065421, 20.54080942273044 ], [ -99.849462263351498, 20.541349612412532 ], [ -99.849694517384947, 20.541723804999027 ], [ -99.850396604534993, 20.54193560062987 ], [ -99.851625683912047, 20.54223378757758 ], [ -99.852150503508895, 20.542692771843225 ], [ -99.852617682240975, 20.542985759003045 ], [ -99.853025049103394, 20.543485341163247 ], [ -99.853375496248177, 20.543694729997927 ], [ -99.854018506723236, 20.543988909644277 ], [ -99.854134039366201, 20.544279500230704 ], [ -99.854367031157196, 20.544529488739649 ], [ -99.854721571807232, 20.54403509095172 ], [ -99.855193087028027, 20.543582888073118 ], [ -99.855781335848008, 20.543214278218482 ], [ -99.856485598054533, 20.543053457311888 ], [ -99.857364244638006, 20.543142220420989 ], [ -99.858186200619329, 20.542899389636844 ], [ -99.858953137057483, 20.54203517278405 ], [ -99.85907442291618, 20.541332183393415 ], [ -99.859255990811093, 20.540339797654529 ], [ -99.859844456457481, 20.539929775636661 ], [ -99.86054965494462, 20.539603342773781 ], [ -99.861312024358355, 20.539525697459649 ], [ -99.861720363857913, 20.539859662678683 ], [ -99.862473670894104, 20.54135517410656 ], [ -99.86258778638117, 20.541894152594331 ], [ -99.8625839711558, 20.542556536419735 ], [ -99.862346437855621, 20.543093140056794 ], [ -99.86205005579626, 20.543670746462372 ], [ -99.861637886072188, 20.543999166393206 ], [ -99.860932909165655, 20.544284205162047 ], [ -99.859584666404501, 20.544316484069604 ], [ -99.859317500503522, 20.544332641902464 ], [ -99.858353400879736, 20.544390945900485 ], [ -99.858061075265724, 20.54426476275853 ], [ -99.857535034207402, 20.544012792399627 ], [ -99.857241990317334, 20.544010804896796 ], [ -99.856830768914747, 20.544173617669827 ], [ -99.856770000089099, 20.544545811213236 ], [ -99.856593573013626, 20.544648115583939 ], [ -99.856417145698899, 20.544750419782087 ], [ -99.855948032905914, 20.544788635625729 ], [ -99.85518587427552, 20.544824859282137 ], [ -99.85126793720363, 20.553326736727929 ], [ -99.852791377387078, 20.553419913643676 ], [ -99.856379455538217, 20.551250064781389 ], [ -99.870002379881271, 20.557236983164469 ], [ -99.871113200928221, 20.55772509090766 ], [ -99.869744360013399, 20.569929150190521 ], [ -99.864774021340949, 20.569440241107984 ], [ -99.864308164724733, 20.568898898196501 ], [ -99.8634896515739, 20.56852077904956 ], [ -99.862670665959627, 20.568225453607386 ], [ -99.861151132305395, 20.567428588174888 ], [ -99.860680758538251, 20.567673813584722 ], [ -99.859917054951069, 20.567958455300506 ], [ -99.858801640386602, 20.568240713933612 ], [ -99.858096548331588, 20.568525744504139 ], [ -99.85721631780514, 20.568685383979101 ], [ -99.856943714025732, 20.568860204121236 ], [ -99.854980417344734, 20.57011923745479 ], [ -99.853197061810747, 20.574371378953142 ], [ -99.848984613330231, 20.572935070409851 ], [ -99.844989956927279, 20.574356791994788 ], [ -99.846935594281391, 20.577069588460621 ], [ -99.847257743118661, 20.577518747827543 ], [ -99.847655503504896, 20.579674295589939 ], [ -99.851490596695953, 20.585537916694548 ], [ -99.856159471371924, 20.589212865132989 ], [ -99.856038862347461, 20.589791653985937 ], [ -99.855799800326324, 20.590576642061833 ], [ -99.855796682489682, 20.591114826686521 ], [ -99.856561945741618, 20.590581806690878 ], [ -99.857032155783898, 20.590377989209376 ], [ -99.864340816154908, 20.589849536481879 ], [ -99.865114404013426, 20.590184240659369 ], [ -99.867955887570119, 20.590534528453279 ], [ -99.870797382254764, 20.59088476909351 ], [ -99.871853601642499, 20.590726232888677 ], [ -99.873154890566525, 20.590403613297745 ], [ -99.875847246563751, 20.59120817690447 ], [ -99.874616087993132, 20.591199969849388 ], [ -99.875660347282022, 20.593152741416816 ], [ -99.875833416493165, 20.593650696926073 ], [ -99.876060896697254, 20.594894218082246 ], [ -99.876059022106816, 20.59522540712452 ], [ -99.876409471323385, 20.595601465064153 ], [ -99.876525002588764, 20.595766712412576 ], [ -99.87664132260845, 20.595933087480699 ], [ -99.877403023744989, 20.596020956523681 ], [ -99.878046533630382, 20.596273637073512 ], [ -99.878633753132618, 20.596111939541231 ], [ -99.87926913166082, 20.596116160514867 ], [ -99.879982207048954, 20.596120894866552 ], [ -99.881089543260359, 20.596499331710106 ], [ -99.882908048654045, 20.597133892237281 ], [ -99.882909908303361, 20.596802703728191 ], [ -99.883320308860235, 20.596805420157938 ], [ -99.883265165685458, 20.596184053713312 ], [ -99.883443606459309, 20.595729833479002 ], [ -99.88373864973768, 20.595195614414394 ], [ -99.884094320868485, 20.594699135845474 ], [ -99.884329992679938, 20.594493693907907 ], [ -99.884333474159163, 20.593872715438803 ], [ -99.883928190277615, 20.592959232551141 ], [ -99.883814884248196, 20.592254681034181 ], [ -99.883993783702337, 20.591717663096691 ], [ -99.884406027392487, 20.591389188840445 ], [ -99.88470124846279, 20.591018539909694 ], [ -99.884762891084449, 20.59048074600295 ], [ -99.885823029316256, 20.589618349423361 ], [ -99.886646569720099, 20.5891269860773 ], [ -99.886894960550222, 20.586644619465318 ], [ -99.888593460175471, 20.586945621782874 ], [ -99.888944358903458, 20.585374843540357 ], [ -99.891183553611015, 20.584890532984637 ], [ -99.894234063281772, 20.584705700480203 ], [ -99.895058237267918, 20.58409010321822 ], [ -99.896526346400265, 20.58364431819323 ], [ -99.897226625919714, 20.584228500187898 ], [ -99.895841395624501, 20.589917845491399 ], [ -99.894167058843522, 20.596794061388731 ], [ -99.89621287754602, 20.597925258282821 ], [ -99.897089796664943, 20.598386392908203 ], [ -99.894602843390587, 20.602799910562219 ], [ -99.902147584729136, 20.606243957253689 ], [ -99.900772883471376, 20.610995989024076 ], [ -99.905805445514076, 20.612850281424627 ], [ -99.908337541904018, 20.61692437601414 ], [ -99.90862245623768, 20.617382781097138 ], [ -99.909554647257167, 20.618882580706376 ], [ -99.910119256781783, 20.619790961937788 ], [ -99.912630725435463, 20.623831419603121 ], [ -99.912822482501383, 20.624139907679492 ], [ -99.918362304608564, 20.633051419523575 ], [ -99.929393818533569, 20.631838339345059 ], [ -99.927607620445059, 20.625865486924273 ], [ -99.931774947323404, 20.625146723603383 ], [ -99.932293507178755, 20.626888778837301 ], [ -99.933050138118219, 20.627969946890875 ], [ -99.938371610732887, 20.619640840697663 ], [ -99.941299550734712, 20.620404427972165 ], [ -99.945096306730932, 20.623243361524477 ], [ -99.946671795081784, 20.62474357714434 ], [ -99.947145844699008, 20.623794354321063 ], [ -99.947386196337703, 20.622678075490814 ], [ -99.948618018615434, 20.622602958846734 ], [ -99.949558150132859, 20.622236223025414 ], [ -99.950673333699768, 20.622036168038658 ], [ -99.951845442851962, 20.62216765301114 ], [ -99.952900491815441, 20.622257004142948 ], [ -99.953605847238791, 20.621930188344614 ], [ -99.954897997915282, 20.621524208607759 ], [ -99.955898230903458, 20.62086801784244 ], [ -99.956265567392876, 20.620448404039383 ], [ -99.955840201041397, 20.626529000852909 ], [ -99.955668386207407, 20.62898499290073 ], [ -99.961639488545771, 20.63021472461369 ], [ -99.964449843233524, 20.630725310350257 ], [ -99.966382031489772, 20.631065983763929 ], [ -99.968727586878671, 20.630871771865724 ], [ -99.971071947749223, 20.630884074191073 ], [ -99.970833474408195, 20.631585101276684 ], [ -99.971360008536095, 20.631753102194992 ], [ -99.97123875457487, 20.632454743808957 ], [ -99.971764817682711, 20.632705361646412 ], [ -99.972409050215546, 20.632791354605398 ], [ -99.973170029176401, 20.632960576285186 ], [ -99.974049175743815, 20.632965170287132 ], [ -99.974867821371959, 20.633299926965478 ], [ -99.975510168033694, 20.633716381091521 ], [ -99.976119335936403, 20.634446641602143 ], [ -99.978517055507496, 20.63578593906178 ] ] ] ] } },
{ "type": "Feature", "properties": { "CVE_PAIS": "MX", "NOM_PAIS": "MEXICO", "CVE_ENT": "22", "NOM_ENT": "QUERETARO", "CU_MUN": "22008", "NOM_MUN": "HUIMILPAN" }, "geometry": { "type": "MultiPolygon", "coordinates": [ [ [ [ -100.32978525133872, 20.29309967550892 ], [ -100.333478925275301, 20.293957601424797 ], [ -100.340515734098972, 20.295881183649975 ], [ -100.343273592797374, 20.297072789948768 ], [ -100.34497463160595, 20.29764689569372 ], [ -100.345971106528921, 20.297809351234278 ], [ -100.348411410568986, 20.29279478547836 ], [ -100.349666666669918, 20.290333333066677 ], [ -100.350561342546314, 20.28844317953012 ], [ -100.352850206124714, 20.289553332886513 ], [ -100.353516847899414, 20.289900714676293 ], [ -100.355139434106761, 20.290746213996911 ], [ -100.355586228280472, 20.291005948589373 ], [ -100.357770083113166, 20.292275457804003 ], [ -100.359953972452217, 20.293544937559581 ], [ -100.362127337090982, 20.29502774827813 ], [ -100.363481344526292, 20.296678657569817 ], [ -100.364949487752043, 20.297584347289114 ], [ -100.366480129416928, 20.29944156749826 ], [ -100.368177938091108, 20.300768242197751 ], [ -100.36853699143694, 20.301048802752309 ], [ -100.366665883034244, 20.301882402147982 ], [ -100.367603991501056, 20.302086298586811 ], [ -100.368835677592898, 20.302454767489333 ], [ -100.370358213252672, 20.302325729718447 ], [ -100.372115231360993, 20.302237301440115 ], [ -100.374575189020774, 20.302146575972532 ], [ -100.37633219997555, 20.30205810559541 ], [ -100.377149549030165, 20.302068869648313 ], [ -100.377565981300663, 20.302074352369971 ], [ -100.378851246196419, 20.302091267829667 ], [ -100.379042965072472, 20.302106886835652 ], [ -100.379949153640254, 20.30218070928742 ], [ -100.380316226978735, 20.302210611580488 ], [ -100.381382475039644, 20.302756337946644 ], [ -100.381842570190798, 20.302991820252416 ], [ -100.38198254979693, 20.30308585254636 ], [ -100.38325246740726, 20.30393891802607 ], [ -100.384428937204447, 20.305093673761231 ], [ -100.384665484734626, 20.305291620514861 ], [ -100.386251378968069, 20.30661869997418 ], [ -100.38754557853477, 20.307897181346469 ], [ -100.388722285976826, 20.309093283311096 ], [ -100.390724794551701, 20.31161077188526 ], [ -100.392024730978079, 20.314213347034759 ], [ -100.392330383751968, 20.317191662070623 ], [ -100.392576581598803, 20.319963275974551 ], [ -100.392702430793534, 20.321990458034779 ], [ -100.392710580700523, 20.323893895468245 ], [ -100.392597837311214, 20.324928765445453 ], [ -100.392719795719302, 20.326045606850503 ], [ -100.392958399533399, 20.327037917229664 ], [ -100.392727594767479, 20.327866285298892 ], [ -100.392386345434531, 20.330267450316203 ], [ -100.391812500579704, 20.333083191346354 ], [ -100.391528936085862, 20.335277263009871 ], [ -100.390705574341013, 20.335871665888959 ], [ -100.390764551791619, 20.33628498147845 ], [ -100.391800038893692, 20.337585028361289 ], [ -100.391818805805016, 20.337608589816465 ], [ -100.392229477646097, 20.338683504291776 ], [ -100.39246460888242, 20.339675566706699 ], [ -100.392758125386507, 20.340585046028799 ], [ -100.393051847172671, 20.34165982345743 ], [ -100.393345068703297, 20.342321352887044 ], [ -100.393288806527167, 20.344139573459831 ], [ -100.39323289800457, 20.346247066618798 ], [ -100.393175777186556, 20.347362766745398 ], [ -100.393469365861193, 20.348313567691083 ], [ -100.39364634191368, 20.34955350766224 ], [ -100.393939329163487, 20.350008411148639 ], [ -100.394524901478235, 20.350587619018047 ], [ -100.394701175693001, 20.35124901184949 ], [ -100.395403421718001, 20.35158040051185 ], [ -100.395937965238105, 20.352269406856365 ], [ -100.39721254191997, 20.353596983577503 ], [ -100.397281826813384, 20.353669148544334 ], [ -100.398115905636644, 20.35453789102862 ], [ -100.398585225490081, 20.354660433887609 ], [ -100.398881802632104, 20.355487013663662 ], [ -100.399763468612434, 20.356104702472031 ], [ -100.400235671136585, 20.356889301214167 ], [ -100.400648560016535, 20.357508583260397 ], [ -100.400827236165, 20.358170043484254 ], [ -100.401064513301463, 20.358831303187721 ], [ -100.40141628918262, 20.358871480339673 ], [ -100.401827746145798, 20.359159728843764 ], [ -100.402123628885462, 20.359820786198942 ], [ -100.402339402236024, 20.361019443323556 ], [ -100.401630860426735, 20.361288158270618 ], [ -100.400580957268531, 20.361466186255733 ], [ -100.383840564584574, 20.364313079318986 ], [ -100.38777920935992, 20.366204734864244 ], [ -100.390911260290906, 20.36802361778669 ], [ -100.391955114460615, 20.368629794845852 ], [ -100.39654925785517, 20.371297527173816 ], [ -100.401373807638748, 20.373920875850295 ], [ -100.401382296247078, 20.374625785641811 ], [ -100.401387347909719, 20.375045273702103 ], [ -100.401424002840429, 20.378088830283723 ], [ -100.4014302607019, 20.37848942148478 ], [ -100.401679355696245, 20.394429771786644 ], [ -100.401700242152117, 20.396162409166216 ], [ -100.401706714036663, 20.396699255404659 ], [ -100.401707714723841, 20.396782261693744 ], [ -100.401733584658004, 20.398928038935296 ], [ -100.401775141901041, 20.402374532397083 ], [ -100.401801339167847, 20.404546872688996 ], [ -100.401824152175777, 20.406438396707532 ], [ -100.401302035444331, 20.406775020932248 ], [ -100.396892681179452, 20.409594641872175 ], [ -100.392147968664759, 20.412125077812075 ], [ -100.391341732286989, 20.412532289532304 ], [ -100.390966724507166, 20.412721695507866 ], [ -100.390473683258762, 20.413123618074529 ], [ -100.39038213617026, 20.413183215977217 ], [ -100.39028178784028, 20.413248575267325 ], [ -100.390039807789407, 20.413434714220909 ], [ -100.389537427076263, 20.413678682721926 ], [ -100.389167879354133, 20.413858142853588 ], [ -100.388985205864898, 20.413961109042258 ], [ -100.388947518686336, 20.413982351850272 ], [ -100.388908302537217, 20.414004456465481 ], [ -100.388417308021715, 20.414281209693378 ], [ -100.388388639710399, 20.4142973138439 ], [ -100.388352699563555, 20.414317626627177 ], [ -100.388117580297759, 20.414450152632828 ], [ -100.388081778603578, 20.414470332368257 ], [ -100.388042147388063, 20.414492670610887 ], [ -100.386663659908749, 20.41526964945465 ], [ -100.386634798693407, 20.415285916765995 ], [ -100.386599412728174, 20.415305861671051 ], [ -100.38619638589536, 20.415533022407171 ], [ -100.385850634955261, 20.415592210567617 ], [ -100.385822125196341, 20.415605208734242 ], [ -100.385736770891938, 20.415644123420893 ], [ -100.3857404939736, 20.415677499987552 ], [ -100.385970342927365, 20.416032070982872 ], [ -100.385987797009093, 20.416058996020979 ], [ -100.386008082207297, 20.416088781737781 ], [ -100.38621661697573, 20.416411977478617 ], [ -100.386274869779115, 20.416772948322329 ], [ -100.386285711283747, 20.416840128845411 ], [ -100.386301388466691, 20.416937274030932 ], [ -100.386342918334577, 20.417194617164711 ], [ -100.386761521331835, 20.417973674654121 ], [ -100.387121174369085, 20.418712180482089 ], [ -100.387400323778678, 20.419347688488944 ], [ -100.387481819368944, 20.419533219153873 ], [ -100.387702081781669, 20.419894009159812 ], [ -100.38796919054414, 20.420327894256424 ], [ -100.388613770745678, 20.421374922443569 ], [ -100.38897251449167, 20.421950041608376 ], [ -100.389598136087571, 20.422896298055182 ], [ -100.38986576696567, 20.423301086882891 ], [ -100.390253664080362, 20.423976849617041 ], [ -100.390642110641735, 20.424653562284959 ], [ -100.391473463773579, 20.425716447310062 ], [ -100.391482875915301, 20.426500516854802 ], [ -100.391492288411541, 20.427284586324973 ], [ -100.391046374331239, 20.429106071465768 ], [ -100.390469655959393, 20.429773520834477 ], [ -100.390418619197035, 20.430393241045898 ], [ -100.390655449104571, 20.430637970005243 ], [ -100.39089328422034, 20.430901828313175 ], [ -100.390968081823033, 20.432326318520051 ], [ -100.390275411196839, 20.433077737652294 ], [ -100.389993480785094, 20.433947930163768 ], [ -100.389231938280929, 20.433833460401363 ], [ -100.388885596221172, 20.434209167192073 ], [ -100.388477817759735, 20.43433798976681 ], [ -100.387431854852608, 20.434887368381837 ], [ -100.387555710839933, 20.435463670124772 ], [ -100.387092921993201, 20.43588207473001 ], [ -100.387277222635774, 20.436622727050928 ], [ -100.386287730474081, 20.437006315315021 ], [ -100.386049375857951, 20.437899120352036 ], [ -100.385392269241123, 20.440360396367382 ], [ -100.385222297751696, 20.440816481178523 ], [ -100.38495020632125, 20.442512004424021 ], [ -100.387138299110234, 20.444548826140096 ], [ -100.387271562481658, 20.445909196328117 ], [ -100.388335416140492, 20.446845419094188 ], [ -100.387934532590563, 20.447551977092751 ], [ -100.38741620789483, 20.448218702216153 ], [ -100.387199636738259, 20.449665908884828 ], [ -100.387155016837568, 20.450822096039818 ], [ -100.387345772662712, 20.452099214031868 ], [ -100.387771910644545, 20.453497261672119 ], [ -100.388673276866427, 20.455508566113267 ], [ -100.385750061495202, 20.455585703352259 ], [ -100.385233185230604, 20.456376223825487 ], [ -100.384591447332383, 20.456507907424093 ], [ -100.3843109324485, 20.457501893154983 ], [ -100.384270466828767, 20.457585390749092 ], [ -100.384438555556599, 20.458034989482996 ], [ -100.385153804874179, 20.459404400402089 ], [ -100.385214579093017, 20.459892887149252 ], [ -100.385937969762139, 20.462107872412805 ], [ -100.386275353800201, 20.462599736548267 ], [ -100.386897416520725, 20.462829025114999 ], [ -100.387288258947962, 20.462838780877536 ], [ -100.387813407438045, 20.464874629813668 ], [ -100.388007105118064, 20.465625523864535 ], [ -100.388072706311206, 20.465983072839649 ], [ -100.38804294053908, 20.469849266630401 ], [ -100.38842327677996, 20.46983686051615 ], [ -100.389306982570602, 20.472161873048062 ], [ -100.389421559495133, 20.472306489804705 ], [ -100.389608690179344, 20.472348050950462 ], [ -100.390423495998107, 20.475417287075523 ], [ -100.390493508145823, 20.475539628690719 ], [ -100.390511247203463, 20.475682589105347 ], [ -100.390133148453074, 20.476128945036947 ], [ -100.390369370714879, 20.47697303037604 ], [ -100.390371602065898, 20.477003242623653 ], [ -100.390428113960724, 20.477768401735567 ], [ -100.390613599997153, 20.477755311132984 ], [ -100.390819655572983, 20.477759967876551 ], [ -100.391217913449665, 20.477843803828435 ], [ -100.391457196738898, 20.478086525911166 ], [ -100.391732635612428, 20.478461312263754 ], [ -100.391861039019105, 20.478702930562267 ], [ -100.391879752711191, 20.478828379997399 ], [ -100.392008346456763, 20.47971607318447 ], [ -100.392170725819952, 20.480409228184705 ], [ -100.392355668769824, 20.481198692286437 ], [ -100.392674143560939, 20.482357363642091 ], [ -100.392932086978107, 20.483284945799763 ], [ -100.389758016145819, 20.484169890760732 ], [ -100.389689166331294, 20.484200554317148 ], [ -100.389631993155092, 20.484226017434349 ], [ -100.388352296242573, 20.484927380284688 ], [ -100.388305334733644, 20.484953118162288 ], [ -100.38825798376746, 20.484979069466053 ], [ -100.387690967444684, 20.485026897644694 ], [ -100.387611811597694, 20.485012850750369 ], [ -100.387522508970264, 20.484997003174566 ], [ -100.387415697105013, 20.485013258477728 ], [ -100.387350011358905, 20.485014997016489 ], [ -100.378436476352022, 20.485250685762235 ], [ -100.378214379374228, 20.485275725027083 ], [ -100.368092368575446, 20.486416574918447 ], [ -100.370986094541777, 20.488381302604914 ], [ -100.372376933561597, 20.491615321517905 ], [ -100.374840921591186, 20.497115814225353 ], [ -100.37577922897772, 20.497310719153109 ], [ -100.375434690197125, 20.497851473586728 ], [ -100.374573086828107, 20.499182723750703 ], [ -100.375351203357496, 20.500659042044582 ], [ -100.376078856543444, 20.502863712969177 ], [ -100.37661329763057, 20.504479716888067 ], [ -100.377353923342582, 20.506701661771153 ], [ -100.378588959373204, 20.512134552163381 ], [ -100.381292338676758, 20.52291488127992 ], [ -100.381708269769561, 20.523446327547745 ], [ -100.368279231761122, 20.526392307592403 ], [ -100.365537970988598, 20.526579457760864 ], [ -100.364663747970567, 20.526573353419302 ], [ -100.363845363159669, 20.526815150629034 ], [ -100.362966249289286, 20.52730403509122 ], [ -100.36231985026501, 20.527835796778479 ], [ -100.362082645574361, 20.528246662954743 ], [ -100.362017840915811, 20.528906251449765 ], [ -100.358447901575559, 20.530366322756436 ], [ -100.359670331779512, 20.55039857578701 ], [ -100.355794433873655, 20.551109829180525 ], [ -100.348307532108436, 20.552479069906234 ], [ -100.348175126788504, 20.552503281730935 ], [ -100.347029720819762, 20.552713391526797 ], [ -100.34571839613622, 20.552952503442423 ], [ -100.345327821423979, 20.552729377784733 ], [ -100.344937247811288, 20.552506251177718 ], [ -100.344766080097045, 20.552133762516213 ], [ -100.344665185154199, 20.551889272674401 ], [ -100.344595325618869, 20.551719987672119 ], [ -100.344598621276447, 20.551390024571816 ], [ -100.344717264099884, 20.551184581573075 ], [ -100.34472014793738, 20.550895832300288 ], [ -100.344546922327126, 20.55072961287178 ], [ -100.344432400472868, 20.550522536609702 ], [ -100.344201709218851, 20.550273383415984 ], [ -100.34408924930311, 20.549860037169882 ], [ -100.344093370951725, 20.549447538068399 ], [ -100.344040438468554, 20.548910895822445 ], [ -100.343984621309744, 20.54866298275569 ], [ -100.34381428522795, 20.548207992787493 ], [ -100.343643125605851, 20.547835502419815 ], [ -100.343297922106615, 20.547379270504855 ], [ -100.34306641268445, 20.547212615215614 ], [ -100.342835728835382, 20.546963459711549 ], [ -100.342490117113911, 20.546548475845089 ], [ -100.342264387698336, 20.545804320064029 ], [ -100.34221228938317, 20.545185156545813 ], [ -100.341925798060814, 20.544688085497114 ], [ -100.341695945774973, 20.544356428164761 ], [ -100.3414073929534, 20.544065605881293 ], [ -100.341002677304189, 20.543732703714493 ], [ -100.340715779607365, 20.543276880198359 ], [ -100.34060374811429, 20.542822300736461 ], [ -100.340491304129316, 20.542408971129461 ], [ -100.340459930774799, 20.542143817825455 ], [ -100.340437565694671, 20.541954797638283 ], [ -100.340540958379634, 20.541717225287247 ], [ -100.340616557828724, 20.541543514861353 ], [ -100.340621103002107, 20.541089799993973 ], [ -100.340683935563519, 20.540636466221983 ], [ -100.340753908193079, 20.540284270794071 ], [ -100.34080670824541, 20.540018509714574 ], [ -100.340810426650123, 20.539647294881931 ], [ -100.340876150764132, 20.538905202042461 ], [ -100.340883174790974, 20.53820396137889 ], [ -100.340831086468114, 20.537584796086993 ], [ -100.340664079963346, 20.536799801179718 ], [ -100.340434656482728, 20.536426891061293 ], [ -100.340206887754931, 20.535888980483787 ], [ -100.339862136564491, 20.535391489032893 ], [ -100.339516146862351, 20.535017746842971 ], [ -100.33916974515833, 20.534685253891855 ], [ -100.338706361189509, 20.534393178899006 ], [ -100.336884747979923, 20.530048609272207 ], [ -100.33584011063256, 20.527910860389824 ], [ -100.331541437243288, 20.519113297697476 ], [ -100.329263411317982, 20.514591844374475 ], [ -100.323117852188602, 20.502392470836604 ], [ -100.3218567829108, 20.50032067975139 ], [ -100.319635721088403, 20.500964634827465 ], [ -100.318876497886961, 20.501124138825165 ], [ -100.318054801912382, 20.501695720766374 ], [ -100.315487846659636, 20.501965830248761 ], [ -100.314960864680728, 20.50220951500016 ], [ -100.31291877418802, 20.502442154775188 ], [ -100.311980500488545, 20.503012859437035 ], [ -100.310214573481574, 20.504732613762179 ], [ -100.30857529219621, 20.505463191712401 ], [ -100.307643744086093, 20.505373865691723 ], [ -100.306879833506343, 20.505987075202555 ], [ -100.304951262271828, 20.506509232491545 ], [ -100.302389703842024, 20.506242895604952 ], [ -100.301636117923408, 20.511517831034272 ], [ -100.300963677450227, 20.514565659707444 ], [ -100.300790245392761, 20.517398654758043 ], [ -100.30077364068552, 20.517669870209055 ], [ -100.300683464905362, 20.519142761134276 ], [ -100.294960117576494, 20.5202556639771 ], [ -100.290111737378595, 20.521292368657111 ], [ -100.2868994409246, 20.521928575152899 ], [ -100.283979379234765, 20.522484393830581 ], [ -100.282805599572953, 20.523259468195143 ], [ -100.281517819564201, 20.523786160274039 ], [ -100.265695625675178, 20.526307583891452 ], [ -100.253862142898186, 20.531910873653409 ], [ -100.248095815009592, 20.531495535445362 ], [ -100.247049745656227, 20.531198742469691 ], [ -100.237733621304457, 20.530219504978515 ], [ -100.232612822945924, 20.531585293121317 ], [ -100.230235291504485, 20.525263557393576 ], [ -100.230219042372056, 20.525220349704618 ], [ -100.230081337761561, 20.524854181460881 ], [ -100.229341754716941, 20.525052587192032 ], [ -100.224090505180726, 20.526461220145684 ], [ -100.222096133785058, 20.52467348925083 ], [ -100.221688245254995, 20.521892978337139 ], [ -100.220164431183591, 20.519442279157079 ], [ -100.228921923089331, 20.511036326650022 ], [ -100.229570111164122, 20.508838611451818 ], [ -100.232099441781486, 20.504320954676533 ], [ -100.240495535302699, 20.503506243054449 ], [ -100.246027087652266, 20.49015662943502 ], [ -100.246849891362189, 20.489162335398508 ], [ -100.247907010261571, 20.4886663068527 ], [ -100.249198928833877, 20.488170677399243 ], [ -100.2533760751149, 20.478179100579997 ], [ -100.253303038265898, 20.47789401000739 ], [ -100.253230001715906, 20.477608919381122 ], [ -100.250802943660688, 20.468134454695232 ], [ -100.250569199863563, 20.467055347504605 ], [ -100.250277244288043, 20.465478275495812 ], [ -100.247818417791933, 20.459043264958275 ], [ -100.250812115958183, 20.458550593412863 ], [ -100.252924028323974, 20.459549953036667 ], [ -100.254273293508049, 20.460216077590854 ], [ -100.255564686649279, 20.460010832351557 ], [ -100.255798950680486, 20.460550581655799 ], [ -100.256209902922848, 20.460426812666949 ], [ -100.256502593595513, 20.461257079830244 ], [ -100.259906128287824, 20.461885134307721 ], [ -100.262157605441786, 20.461342649698253 ], [ -100.263839288487532, 20.460937433504604 ], [ -100.263493833480325, 20.460541989918024 ], [ -100.262314860909342, 20.459192394366543 ], [ -100.26049519747076, 20.459479784529016 ], [ -100.259734051987706, 20.457445573326979 ], [ -100.261764127152404, 20.45634261647476 ], [ -100.27282768696297, 20.450331013715843 ], [ -100.283395202173452, 20.446491271732214 ], [ -100.288668318542321, 20.447904871584761 ], [ -100.29208842084573, 20.450360808451041 ], [ -100.292302605290857, 20.450361127783012 ], [ -100.297006570242061, 20.450368074498734 ], [ -100.298737916352692, 20.449741280299815 ], [ -100.299061077954107, 20.44962428461605 ], [ -100.299003228493774, 20.448338072431831 ], [ -100.29700734051859, 20.449206410724383 ], [ -100.296095750244291, 20.447661250962721 ], [ -100.295739311976959, 20.44705707218683 ], [ -100.295704661865159, 20.44699857025579 ], [ -100.29441559134419, 20.444813336638045 ], [ -100.293997726149442, 20.444104954826887 ], [ -100.293724738050329, 20.443642170154515 ], [ -100.293581393999091, 20.443468890882521 ], [ -100.293491867936154, 20.443360668395233 ], [ -100.292569590744208, 20.44224577278003 ], [ -100.292530293049353, 20.442198267236186 ], [ -100.291370748370156, 20.4407965181219 ], [ -100.286337126449979, 20.434711074542836 ], [ -100.278511449153982, 20.417459935769539 ], [ -100.278370462984796, 20.417149100397733 ], [ -100.278898990716257, 20.416569097470404 ], [ -100.280718400011921, 20.415908146579788 ], [ -100.280249336512938, 20.415492525526702 ], [ -100.279897687484848, 20.41499411102491 ], [ -100.279546139054816, 20.414371230452435 ], [ -100.279395293368552, 20.413862985246318 ], [ -100.279312070565268, 20.413582580541856 ], [ -100.278139477117506, 20.412502025638059 ], [ -100.279489696302363, 20.411549925957566 ], [ -100.280311593193204, 20.410928893871695 ], [ -100.280664339138482, 20.410016702401549 ], [ -100.281016367458378, 20.410017255274102 ], [ -100.281251409125815, 20.409561251044344 ], [ -100.28060683982666, 20.408523027319841 ], [ -100.280196732360096, 20.407775589424304 ], [ -100.280138421625139, 20.407319124303651 ], [ -100.28113682405457, 20.406034551924964 ], [ -100.281137603449281, 20.405038829778366 ], [ -100.280785749355005, 20.404830834393632 ], [ -100.280493676413684, 20.403212323686056 ], [ -100.280083158659068, 20.403004234158253 ], [ -100.279731080390732, 20.403086655456953 ], [ -100.278442894727547, 20.399931487733735 ], [ -100.277799526090575, 20.397482640226226 ], [ -100.276345499450983, 20.397409400388291 ], [ -100.272695728371517, 20.397225506213992 ], [ -100.271539586314503, 20.393707310285713 ], [ -100.270864943855287, 20.393943096308295 ], [ -100.270834906840562, 20.393837804722903 ], [ -100.27080705964535, 20.393740189170778 ], [ -100.270738627434838, 20.393500306310351 ], [ -100.270647441373526, 20.393512776270029 ], [ -100.270184342320889, 20.393576105653732 ], [ -100.270097585122954, 20.393587969669277 ], [ -100.270001959350481, 20.393579611772967 ], [ -100.269557277834451, 20.393540744956258 ], [ -100.269004685193892, 20.393576576575839 ], [ -100.269191648576893, 20.39415298872672 ], [ -100.269108469159505, 20.394178245324454 ], [ -100.268920250511982, 20.394235395859056 ], [ -100.26614047928841, 20.395079414855235 ], [ -100.265983659139266, 20.394547432891422 ], [ -100.265963358487824, 20.39447856655708 ], [ -100.253159175123145, 20.397690593627313 ], [ -100.253625452617825, 20.400802636841966 ], [ -100.252373570661163, 20.401444452315754 ], [ -100.252334167696432, 20.401464653220216 ], [ -100.251338218305676, 20.400010807671261 ], [ -100.250693723589535, 20.399138415021973 ], [ -100.247118486830985, 20.395647054419214 ], [ -100.245712805689109, 20.39336266468381 ], [ -100.245714281415729, 20.391910550563079 ], [ -100.238732761858969, 20.39222990759783 ], [ -100.234214432490703, 20.393217374046397 ], [ -100.230169539833881, 20.390471576188638 ], [ -100.2302316370113, 20.387401474636608 ], [ -100.233873015102077, 20.383549751344724 ], [ -100.243434650004502, 20.383857595074016 ], [ -100.243668699027253, 20.384438862543554 ], [ -100.248068793973545, 20.384031804905376 ], [ -100.251822846031359, 20.384370312523757 ], [ -100.251806690511373, 20.384323016802448 ], [ -100.251794826883042, 20.384288285688559 ], [ -100.251354889738323, 20.383000302496711 ], [ -100.251650484377592, 20.380677489462961 ], [ -100.250659657606136, 20.374203462627772 ], [ -100.258171605280936, 20.370316531116675 ], [ -100.252957482696914, 20.363835219157551 ], [ -100.255423010026092, 20.361723566791259 ], [ -100.254603591371762, 20.359938114540508 ], [ -100.253784192549503, 20.358152657097794 ], [ -100.24915797868249, 20.35835076646061 ], [ -100.248907416374266, 20.358361492839101 ], [ -100.248656854010349, 20.358372218859863 ], [ -100.237582476021828, 20.358826029404295 ], [ -100.199697757940598, 20.360373164899404 ], [ -100.196469076220708, 20.366465739518983 ], [ -100.193748175247251, 20.363952569514193 ], [ -100.192389012872852, 20.363384142993606 ], [ -100.19104380758354, 20.36094273829881 ], [ -100.190224825446521, 20.361767410169083 ], [ -100.186773667681805, 20.361635464645207 ], [ -100.183398641732936, 20.35884790611588 ], [ -100.189237524584939, 20.337352390698875 ], [ -100.190121706956148, 20.337801194404172 ], [ -100.190705473332827, 20.337299813357202 ], [ -100.195285418326392, 20.328899761256778 ], [ -100.198566095160928, 20.327756572385191 ], [ -100.198802184273973, 20.327920411648289 ], [ -100.198978955014866, 20.328001881590605 ], [ -100.199275924653392, 20.327999607927651 ], [ -100.199507488957821, 20.327997834671876 ], [ -100.200438766390107, 20.327640559009399 ], [ -100.20103345147696, 20.327412410377992 ], [ -100.206886952443639, 20.325166596121349 ], [ -100.20735645185438, 20.325121568960242 ], [ -100.207476326706072, 20.325532831542542 ], [ -100.207480471282409, 20.32603166579165 ], [ -100.207483159107994, 20.326404348206147 ], [ -100.207718657367082, 20.32648535677512 ], [ -100.208305311913577, 20.326398012750335 ], [ -100.208619712300433, 20.325748714489293 ], [ -100.208768236722364, 20.325441980558445 ], [ -100.208587877321847, 20.3248636108579 ], [ -100.20881859007244, 20.324282071731027 ], [ -100.208814404569651, 20.323702343667136 ], [ -100.208634047385601, 20.323123973808119 ], [ -100.209996944324246, 20.322082685910527 ], [ -100.210386110371857, 20.321785348769502 ], [ -100.217407081707236, 20.318169578525776 ], [ -100.239206947779479, 20.320514759796907 ], [ -100.240286607865656, 20.32063083429194 ], [ -100.247909828771839, 20.321450212555035 ], [ -100.248128940913233, 20.319336512500296 ], [ -100.251768438070073, 20.319141954507767 ], [ -100.25170661370214, 20.318728336543629 ], [ -100.251527657616904, 20.318357061125084 ], [ -100.251172229137765, 20.317945777730891 ], [ -100.250173971238453, 20.317953712167128 ], [ -100.250048473741117, 20.316878023191375 ], [ -100.248925971752485, 20.31597589475755 ], [ -100.248631441740926, 20.315853999331036 ], [ -100.248675457505726, 20.315669853356383 ], [ -100.250396621290804, 20.308468820037344 ], [ -100.255543156256863, 20.297868054936323 ], [ -100.258534851385804, 20.289686215848818 ], [ -100.258763459476484, 20.288856169726085 ], [ -100.267447485506054, 20.28812402720941 ], [ -100.275661732701337, 20.287395254869363 ], [ -100.283762600116262, 20.287205361537591 ], [ -100.284588451969753, 20.28704586420146 ], [ -100.293341549084246, 20.285355115751059 ], [ -100.296073711337485, 20.284827275127647 ], [ -100.297481725796942, 20.284691494607838 ], [ -100.307693225433979, 20.284151884702705 ], [ -100.31020591351438, 20.285169800312215 ], [ -100.32978525133872, 20.29309967550892 ] ] ] ] } },
{ "type": "Feature", "properties": { "CVE_PAIS": "MX", "NOM_PAIS": "MEXICO", "CVE_ENT": "22", "NOM_ENT": "QUERETARO", "CU_MUN": "22009", "NOM_MUN": "JALPAN DE SERRA" }, "geometry": { "type": "MultiPolygon", "coordinates": [ [ [ [ -99.470174143237301, 21.446316629955749 ], [ -99.46586553323796, 21.445707890205647 ], [ -99.46061347773194, 21.445225498584843 ], [ -99.457544468304889, 21.444820024805185 ], [ -99.456127819684852, 21.444575626316304 ], [ -99.453728066112234, 21.444111719889737 ], [ -99.452113871592388, 21.44384175999517 ], [ -99.45016577034302, 21.443433303167129 ], [ -99.4482175459177, 21.442983485096374 ], [ -99.446801861390028, 21.443028375628479 ], [ -99.444389134738969, 21.444894643262671 ], [ -99.435908425192125, 21.449462809403521 ], [ -99.434549980347867, 21.448970054152902 ], [ -99.433366069259776, 21.447691428623411 ], [ -99.431708551123407, 21.445876534837023 ], [ -99.43034706750106, 21.444391621631997 ], [ -99.429045885945428, 21.443319939823652 ], [ -99.427743956441617, 21.442000216564683 ], [ -99.426974251098613, 21.441092601540625 ], [ -99.425494241683637, 21.439401235412419 ], [ -99.424546322717759, 21.438080643889776 ], [ -99.422948897750274, 21.436554887521822 ], [ -99.421705694608363, 21.435110959391697 ], [ -99.420403527147869, 21.433667159785553 ], [ -99.419396828500723, 21.432388013794029 ], [ -99.418391273551009, 21.431480908528705 ], [ -99.417621931410338, 21.430655924700154 ], [ -99.416617022338144, 21.429955501223894 ], [ -99.415492408505244, 21.428676604259003 ], [ -99.414843056140285, 21.428512751482121 ], [ -99.412484075851324, 21.428683545449868 ], [ -99.411422926784653, 21.428892675550735 ], [ -99.409594206330112, 21.428855518118706 ], [ -99.408413854411336, 21.428651511826125 ], [ -99.407409856194278, 21.428240402615888 ], [ -99.406464850139358, 21.427829153841731 ], [ -99.405521671398517, 21.428037979676834 ], [ -99.404933987794394, 21.428783405847277 ], [ -99.404054872764789, 21.430728314578147 ], [ -99.403630085237282, 21.431803466430125 ], [ -99.403158583478827, 21.433171203211295 ], [ -99.40286395337219, 21.434165802591366 ], [ -99.402628242780452, 21.434953199335851 ], [ -99.402392659219217, 21.43603047781966 ], [ -99.402039075173377, 21.437190865809026 ], [ -99.401803483975073, 21.438268143300469 ], [ -99.401862923797012, 21.439220469655634 ], [ -99.402276584743419, 21.440420406583542 ], [ -99.40257202923992, 21.441206512104127 ], [ -99.401746153619683, 21.442078163848812 ], [ -99.400742939153588, 21.442329064509416 ], [ -99.39962159399542, 21.442373185493942 ], [ -99.398618251390104, 21.442334191505484 ], [ -99.39785126165367, 21.442957212040092 ], [ -99.397202407082844, 21.443828416339894 ], [ -99.396908039285179, 21.445609827386605 ], [ -99.397203671202519, 21.446892882574986 ], [ -99.398030293749869, 21.447677720693189 ], [ -99.398502883004923, 21.448670465550947 ], [ -99.397735877371517, 21.44933489729128 ], [ -99.396969035193521, 21.450413442401118 ], [ -99.396674313426274, 21.451366618355905 ], [ -99.396497938797609, 21.453064921181674 ], [ -99.396026120637984, 21.453977108161741 ], [ -99.396144723698015, 21.455343410652869 ], [ -99.396794519351758, 21.456625616948479 ], [ -99.397385335531482, 21.45799078534905 ], [ -99.39844851067906, 21.459686108274617 ], [ -99.398567176936254, 21.461135230941345 ], [ -99.398390534424692, 21.462170947772002 ], [ -99.398568177552448, 21.463495693051907 ], [ -99.396266454780402, 21.464370865286725 ], [ -99.395440229572301, 21.464786958324513 ], [ -99.394023585860211, 21.464873161023277 ], [ -99.393138066347362, 21.464626797326865 ], [ -99.392370400231059, 21.463841797731394 ], [ -99.391071618333797, 21.46338934398926 ], [ -99.389950153576393, 21.463557637518402 ], [ -99.389065035341162, 21.464387954905042 ], [ -99.389538040785951, 21.466540249072938 ], [ -99.388771109110635, 21.467784403220598 ], [ -99.388240797858444, 21.470477406718057 ], [ -99.386175533209524, 21.472842705947443 ], [ -99.384700814327815, 21.476076251543859 ], [ -99.383756827202475, 21.477734910645921 ], [ -99.382635493181638, 21.478689977136792 ], [ -99.382104889792885, 21.480927432401838 ], [ -99.383168260419467, 21.483244021711275 ], [ -99.384054473922433, 21.485312545316837 ], [ -99.383523561217544, 21.486597537481185 ], [ -99.383937348762117, 21.48821162875873 ], [ -99.385237041102613, 21.490776122087375 ], [ -99.38624125371723, 21.492388829092789 ], [ -99.387009169739613, 21.493546556009914 ], [ -99.387246200053966, 21.496030693124577 ], [ -99.387364907834893, 21.497811110618784 ], [ -99.387188465669652, 21.499757865587476 ], [ -99.386421230181554, 21.500670715108217 ], [ -99.385121983862362, 21.499762695406343 ], [ -99.384236129615616, 21.499102173578812 ], [ -99.384058771569087, 21.498398589932005 ], [ -99.382759851801865, 21.498401604288098 ], [ -99.381638199714416, 21.498859726083044 ], [ -99.380870806414123, 21.499358435564663 ], [ -99.379099662199437, 21.499776625082976 ], [ -99.378332303379167, 21.500440969110265 ], [ -99.377092675774719, 21.501396269344728 ], [ -99.376620504430505, 21.502018519835271 ], [ -99.375912279646016, 21.503096833386792 ], [ -99.374908867807662, 21.504341460482685 ], [ -99.373374206305186, 21.506249868209228 ], [ -99.373079234634972, 21.507244411676748 ], [ -99.373315820667827, 21.508817514802562 ], [ -99.37307991135313, 21.509894747502514 ], [ -99.372962282562725, 21.511717119740357 ], [ -99.373198790339018, 21.512958930310187 ], [ -99.373317333819358, 21.514697945033369 ], [ -99.372963381410301, 21.516023912776816 ], [ -99.37249120877604, 21.516894620198816 ], [ -99.372255291699716, 21.518013262423207 ], [ -99.371369970417206, 21.519754538934585 ], [ -99.370661632737466, 21.520874241179026 ], [ -99.370366673876163, 21.522117247457711 ], [ -99.371311842169007, 21.523523112837104 ], [ -99.372375186237917, 21.525135762958993 ], [ -99.37391067553898, 21.525587816339719 ], [ -99.375446174130772, 21.5260398554306 ], [ -99.377395173208356, 21.526905049242863 ], [ -99.378458743151427, 21.528973183738223 ], [ -99.378577279670083, 21.530422310735172 ], [ -99.378577659088592, 21.531706062980355 ], [ -99.377219909138262, 21.533531273953177 ], [ -99.376984322430403, 21.535768026920472 ], [ -99.376748599787277, 21.537549254352623 ], [ -99.376631058897033, 21.53957867945098 ], [ -99.376454502649011, 21.541773884119745 ], [ -99.376514569458138, 21.545335121914814 ], [ -99.37639697404866, 21.547198899929079 ], [ -99.375097981949764, 21.548527022422729 ], [ -99.373585825715608, 21.549064220281636 ], [ -99.371993325925828, 21.549604919253284 ], [ -99.37099061388983, 21.549937696383843 ], [ -99.369575315596364, 21.550519345628782 ], [ -99.367393867010662, 21.551598608828943 ], [ -99.364504823582209, 21.553009983897539 ], [ -99.363383774857695, 21.553260277938673 ], [ -99.362626459210418, 21.553362843745692 ], [ -99.362144427115311, 21.553428125111061 ], [ -99.360549865226943, 21.55322462699484 ], [ -99.359427606932854, 21.553020173546223 ], [ -99.357832183281261, 21.552485943051241 ], [ -99.357064265516755, 21.552322109358133 ], [ -99.355883197910956, 21.552200425186243 ], [ -99.354583734671465, 21.551954949485989 ], [ -99.353461601356543, 21.551791793903803 ], [ -99.352162895172711, 21.5518356674107 ], [ -99.351041299091619, 21.551879187077187 ], [ -99.349682809357532, 21.551633787616801 ], [ -99.348737157369072, 21.551222227667377 ], [ -99.347140945737564, 21.550357187217696 ], [ -99.34560431506128, 21.549698710251196 ], [ -99.343652981416938, 21.548462266117269 ], [ -99.342055995976878, 21.547266468864908 ], [ -99.340636244603658, 21.546111661605071 ], [ -99.338861586917474, 21.544668134891985 ], [ -99.337676785506233, 21.54301679920874 ], [ -99.33684713245232, 21.541736843527865 ], [ -99.335899429080229, 21.54045710175193 ], [ -99.334655459786148, 21.538723175151823 ], [ -99.332939982409442, 21.537279473472893 ], [ -99.331462684490475, 21.536662092884271 ], [ -99.32974897396339, 21.535921111660031 ], [ -99.328921539990077, 21.535509222498717 ], [ -99.327562637251688, 21.535015608884436 ], [ -99.326263272062306, 21.534728570874361 ], [ -99.324845255994319, 21.53419370209139 ], [ -99.323132397446969, 21.533783360114072 ], [ -99.319588844969203, 21.533045506874448 ], [ -99.317937865287405, 21.533833825761178 ], [ -99.316993774795506, 21.534000822072162 ], [ -99.315282291268488, 21.534169139014097 ], [ -99.313452455139981, 21.53421362521733 ], [ -99.312448177448232, 21.533884634260875 ], [ -99.310970330784301, 21.532977700395573 ], [ -99.309315130037902, 21.531947036652817 ], [ -99.308074855196736, 21.531659756362775 ], [ -99.306187803662965, 21.532489695314556 ], [ -99.304833589694212, 21.534021486750881 ], [ -99.303361006430947, 21.535429446792076 ], [ -99.302124891039128, 21.537002359614402 ], [ -99.300240044191256, 21.538865696867219 ], [ -99.299002946478652, 21.540025200721757 ], [ -99.298061360963615, 21.541349571092162 ], [ -99.297650877641928, 21.542590398853175 ], [ -99.297299604562809, 21.543913807129059 ], [ -99.29470718759211, 21.546232951540453 ], [ -99.293533108334884, 21.547574529900931 ], [ -99.292469794343702, 21.548239010661984 ], [ -99.291820045299076, 21.548447223528296 ], [ -99.29170184614668, 21.54869590281049 ], [ -99.290815629007042, 21.549608528076277 ], [ -99.290638414551879, 21.549691664743861 ], [ -99.289811505371034, 21.549775948360207 ], [ -99.289634161034243, 21.550273199913281 ], [ -99.289338493572828, 21.551391833174069 ], [ -99.289751785696808, 21.551888043629877 ], [ -99.290105799423188, 21.553088354154117 ], [ -99.290578075290284, 21.553874339089532 ], [ -99.290814007932809, 21.554950621884036 ], [ -99.291108935003095, 21.556275268877684 ], [ -99.291285896370354, 21.557061774382511 ], [ -99.29087227087031, 21.557600857157954 ], [ -99.289454420867145, 21.558431592193763 ], [ -99.288036887924449, 21.558227026356665 ], [ -99.286678411582983, 21.558063756892732 ], [ -99.286324026326952, 21.558022963534583 ], [ -99.285142583069643, 21.558356311323742 ], [ -99.283429430810045, 21.558980450162593 ], [ -99.282188965874283, 21.559148232789713 ], [ -99.281125622655736, 21.55952276077182 ], [ -99.280475806813755, 21.559730929877375 ], [ -99.278407875791999, 21.561225265560164 ], [ -99.277462512878785, 21.561930862528893 ], [ -99.276576142919055, 21.562802000931534 ], [ -99.275453520791757, 21.5635907082453 ], [ -99.274567128732869, 21.564461836024989 ], [ -99.274034814814499, 21.566119187307844 ], [ -99.273975571985162, 21.566533401557347 ], [ -99.274093021510197, 21.568189666465553 ], [ -99.274328685374627, 21.56968008726114 ], [ -99.274623597117071, 21.570756293175162 ], [ -99.275331950758769, 21.571997451060298 ], [ -99.275804176514654, 21.572866299326282 ], [ -99.276689852320558, 21.573900095300186 ], [ -99.277043765386836, 21.575224665516629 ], [ -99.277574809716242, 21.576797403934808 ], [ -99.277810540284534, 21.578246406247182 ], [ -99.277691937177153, 21.57940612795095 ], [ -99.278104836511346, 21.581020475110307 ], [ -99.278931629195753, 21.581723065848347 ], [ -99.279522265194288, 21.582053351985863 ], [ -99.280408116268248, 21.582838657410164 ], [ -99.28076225417486, 21.583707691719773 ], [ -99.280938859356425, 21.585405257725856 ], [ -99.281233625514204, 21.587102620605073 ], [ -99.281705605712233, 21.588882501077677 ], [ -99.281882393580162, 21.590124539241728 ], [ -99.28194084512559, 21.591863717112428 ], [ -99.281940172554457, 21.59372723037405 ], [ -99.281909300661056, 21.594147169960564 ], [ -99.281851545680851, 21.594932784766065 ], [ -99.281827868765888, 21.595254848757346 ], [ -99.281821426589957, 21.595342477985977 ], [ -99.281939067155946, 21.596791673497865 ], [ -99.281111096952529, 21.599029308354535 ], [ -99.281524002187737, 21.600892110425448 ], [ -99.280814644891208, 21.601845787854685 ], [ -99.280755179338513, 21.602881173100357 ], [ -99.280282024808002, 21.604165734068058 ], [ -99.280576915753826, 21.605614625885192 ], [ -99.281108415681643, 21.606359118912977 ], [ -99.280871812744095, 21.607063516863985 ], [ -99.280694279002503, 21.607809224594636 ], [ -99.279512326457876, 21.608391003011395 ], [ -99.278862464525531, 21.608143642267045 ], [ -99.277444784162242, 21.607110765685587 ], [ -99.275908901946892, 21.606202309771454 ], [ -99.274136353450928, 21.606122462259428 ], [ -99.272304579495412, 21.606373985001444 ], [ -99.2698221160298, 21.608283014261019 ], [ -99.268522034399055, 21.608657852874401 ], [ -99.266630630492685, 21.609986105932691 ], [ -99.265271358829523, 21.610526660975545 ], [ -99.264089321354362, 21.611108330507268 ], [ -99.262730212724534, 21.611276162601381 ], [ -99.261134685273035, 21.611568594959756 ], [ -99.259775717000849, 21.611446523353113 ], [ -99.257530907397225, 21.610414787244991 ], [ -99.256231062650144, 21.61025118214684 ], [ -99.254517447506146, 21.610378090506924 ], [ -99.252094633537894, 21.610754543749557 ], [ -99.250794055169962, 21.611874649599674 ], [ -99.248961801602846, 21.612747087299173 ], [ -99.24748443157722, 21.612997797777318 ], [ -99.246538708388101, 21.613496162659914 ], [ -99.24529735456538, 21.614284845509456 ], [ -99.243937602032162, 21.615404986721199 ], [ -99.242517929364212, 21.617808957731171 ], [ -99.242517511998287, 21.61847153994372 ], [ -99.242397893214303, 21.620749341226382 ], [ -99.241805999372474, 21.622282437424836 ], [ -99.240564225486466, 21.623568021468035 ], [ -99.238849624752476, 21.624937110828387 ], [ -99.237726374851576, 21.625642741808107 ], [ -99.235479701881019, 21.627261037925312 ], [ -99.233848553544647, 21.629210260370559 ], [ -99.233373713637661, 21.62999359335808 ], [ -99.233136494563269, 21.630323329323328 ], [ -99.232662323848345, 21.630900226886354 ], [ -99.232188284837349, 21.631435836421307 ], [ -99.231361116728834, 21.631640311492689 ], [ -99.229885376338927, 21.631595517684541 ], [ -99.228350328598239, 21.631633143034886 ], [ -99.226755422827338, 21.631918332628889 ], [ -99.225690318046901, 21.632658939554918 ], [ -99.22497790458921, 21.633854547138352 ], [ -99.224915155595326, 21.634969144846046 ], [ -99.22497061698607, 21.636042740326815 ], [ -99.225202641444184, 21.637281908920041 ], [ -99.22543466996197, 21.638521076970306 ], [ -99.22519123466266, 21.640708700330627 ], [ -99.224181103177287, 21.642646751894901 ], [ -99.223531254426874, 21.642769042629496 ], [ -99.222642482969178, 21.643716491205851 ], [ -99.222461908042703, 21.644748227427719 ], [ -99.222576811089709, 21.645698105849185 ], [ -99.22233691569555, 21.646812271832879 ], [ -99.222039081500583, 21.647596001244136 ], [ -99.221031494096806, 21.648749587411299 ], [ -99.220734619726144, 21.649244308199606 ], [ -99.219784524850709, 21.65085218302999 ], [ -99.219429294122918, 21.651140324394611 ], [ -99.218184651153749, 21.652541035792805 ], [ -99.217888596307432, 21.652788031898215 ], [ -99.217472638057274, 21.653571463356901 ], [ -99.217175183057762, 21.654231324006663 ], [ -99.217231852992754, 21.654933340819756 ], [ -99.21728600982037, 21.656378515838874 ], [ -99.217282378956767, 21.657451966584141 ], [ -99.217454909011863, 21.658814857802053 ], [ -99.217568814417987, 21.660053744123722 ], [ -99.217802211109912, 21.660880054227455 ], [ -99.21821289182985, 21.661665511220594 ], [ -99.21867928287287, 21.663441988357778 ], [ -99.218617728230981, 21.664185001484235 ], [ -99.218674409488429, 21.664887016872612 ], [ -99.217665978804263, 21.666247014066379 ], [ -99.216483457005296, 21.66669826622147 ], [ -99.215124760883654, 21.666860067432985 ], [ -99.212347181395543, 21.667513782098109 ], [ -99.210751141747707, 21.66800525299934 ], [ -99.209157930007066, 21.667670978140009 ], [ -99.20750567584281, 21.667336539549954 ], [ -99.205677852935679, 21.666547485557924 ], [ -99.20390795125202, 21.666088853218564 ], [ -99.202196102064605, 21.665919357995172 ], [ -99.200307543109005, 21.665625532704528 ], [ -99.198478040456649, 21.665331837469104 ], [ -99.196882994646614, 21.665534169481262 ], [ -99.194991385421744, 21.666107301268511 ], [ -99.193749011782458, 21.666764671962692 ], [ -99.191855758325786, 21.667791920209506 ], [ -99.190553422372332, 21.668696832396094 ], [ -99.188600626857294, 21.669847748850781 ], [ -99.187415169145467, 21.67108323893072 ], [ -99.185874638204282, 21.67252421719526 ], [ -99.185158280945998, 21.674669242393431 ], [ -99.185625202945445, 21.676198093314976 ], [ -99.186741579585672, 21.677769943421623 ], [ -99.188389767247415, 21.679260609694609 ], [ -99.189449060358143, 21.680295561148654 ], [ -99.190746356050965, 21.680835685164947 ], [ -99.192280323058029, 21.681252554668784 ], [ -99.193106511736985, 21.681419851060355 ], [ -99.194522818676177, 21.681712533330931 ], [ -99.197060025311188, 21.682338387936884 ], [ -99.200774044702086, 21.684205815934202 ], [ -99.20236497444121, 21.685242038977041 ], [ -99.203246233407981, 21.686565455059469 ], [ -99.203538363523819, 21.68747450558428 ], [ -99.203888551696565, 21.688672710081285 ], [ -99.203823469466528, 21.690406590305667 ], [ -99.2031124629532, 21.691065376127462 ], [ -99.202578772489431, 21.691683322739998 ], [ -99.202281820259756, 21.692157365978076 ], [ -99.201984866095756, 21.692631408672394 ], [ -99.176359822731655, 21.671633398821076 ], [ -99.169308481251861, 21.676533756587464 ], [ -99.163679500186717, 21.680280135219878 ], [ -99.161911497078762, 21.678744010946339 ], [ -99.168428012206206, 21.674752303327299 ], [ -99.167899335792924, 21.673799248698359 ], [ -99.16742963251528, 21.672887743133547 ], [ -99.167138137464164, 21.671728611123854 ], [ -99.166962836513392, 21.671148951439591 ], [ -99.166435054317446, 21.669947706137748 ], [ -99.166439120445602, 21.668789507291145 ], [ -99.16632424239198, 21.667837755443472 ], [ -99.166386837097988, 21.666845200393706 ], [ -99.166628788064543, 21.665274106526162 ], [ -99.166688766975042, 21.665026107894768 ], [ -99.166987933157685, 21.663992935678067 ], [ -99.16746340176708, 21.663249872877294 ], [ -99.168117344116908, 21.662176453897381 ], [ -99.16853412849143, 21.661309108636143 ], [ -99.169131115226975, 21.659615034878762 ], [ -99.168897293983974, 21.658869733064069 ], [ -99.16872315857168, 21.657959159897914 ], [ -99.168253357438317, 21.657089018930616 ], [ -99.167489344821163, 21.655845664536226 ], [ -99.167079096952861, 21.65485161366637 ], [ -99.166669145085422, 21.653774832984809 ], [ -99.166257891762541, 21.653070330053392 ], [ -99.165963684960786, 21.652697115172693 ], [ -99.16531486331607, 21.652322775288443 ], [ -99.164666190748491, 21.651907068498694 ], [ -99.163957981663032, 21.651615264191289 ], [ -99.163369148954914, 21.650992918509917 ], [ -99.162795534563145, 21.646068677936878 ], [ -99.163390481455934, 21.644953722851515 ], [ -99.164221378726666, 21.643963610364946 ], [ -99.164933775493026, 21.643055847208696 ], [ -99.165645436005121, 21.642354902856422 ], [ -99.166415752268961, 21.641778235706465 ], [ -99.166595951656902, 21.640951509263047 ], [ -99.16624383326949, 21.640247192012325 ], [ -99.165832184521719, 21.639666779802297 ], [ -99.165659401486451, 21.638383921460324 ], [ -99.17160749928864, 21.627358254610783 ], [ -99.151893556288215, 21.612769881335478 ], [ -99.14438024269279, 21.60720861100155 ], [ -99.143142356452373, 21.606418583953804 ], [ -99.142433955861904, 21.606250778546865 ], [ -99.14202402120975, 21.605256658083444 ], [ -99.141078530867972, 21.605294886135177 ], [ -99.140074873042167, 21.605084724764538 ], [ -99.139603733830057, 21.604669505769021 ], [ -99.136847257779763, 21.599158744338318 ], [ -99.128767339952219, 21.592012630751036 ], [ -99.128675067029562, 21.590278176309379 ], [ -99.126279940144585, 21.585566082346237 ], [ -99.130298210526391, 21.58243789119452 ], [ -99.133431885630173, 21.563989773553942 ], [ -99.135580272921587, 21.552750865281343 ], [ -99.137467866506086, 21.543335162273145 ], [ -99.140087188880088, 21.539734934962723 ], [ -99.142706382378208, 21.536134665668992 ], [ -99.143717426780185, 21.530330222750219 ], [ -99.139818968270276, 21.521138911671617 ], [ -99.136028818957456, 21.511408274135061 ], [ -99.130627453518542, 21.500796059913963 ], [ -99.130259332637408, 21.493899488413955 ], [ -99.129977554337287, 21.482247888652626 ], [ -99.116931633358718, 21.482597063305665 ], [ -99.103117311600883, 21.48291705459642 ], [ -99.126104645317255, 21.457053686109823 ], [ -99.125752265175421, 21.456184612299392 ], [ -99.135158436052464, 21.462698568230721 ], [ -99.15739216097306, 21.430053630522192 ], [ -99.156627983898304, 21.429514396923768 ], [ -99.164512483666769, 21.429647760640215 ], [ -99.1693910349736, 21.433628598486557 ], [ -99.169447695468875, 21.435285065772938 ], [ -99.176858882309062, 21.437694876918027 ], [ -99.17885366498858, 21.442417728613535 ], [ -99.1837340896179, 21.445528527477478 ], [ -99.186852989428033, 21.445531677172806 ], [ -99.190971224557245, 21.446446767273272 ], [ -99.192669696573105, 21.45344670396139 ], [ -99.195317016800971, 21.454277437833813 ], [ -99.199204618028844, 21.451175337095528 ], [ -99.202797047029534, 21.448776848895122 ], [ -99.206740286965982, 21.448407681889194 ], [ -99.211800683650296, 21.448950395802758 ], [ -99.216801568084932, 21.450196876226002 ], [ -99.224099032210631, 21.449995661364007 ], [ -99.227928008674908, 21.445857604916494 ], [ -99.226109643469826, 21.439520501450648 ], [ -99.225527172419305, 21.438142662727017 ], [ -99.224113385501624, 21.434798222944661 ], [ -99.222886611547779, 21.425438601313097 ], [ -99.223357677869572, 21.425066280906183 ], [ -99.223534469642715, 21.424776549156153 ], [ -99.223946536807929, 21.424569821039007 ], [ -99.224123365976524, 21.424238678662135 ], [ -99.224653380689134, 21.423742170448868 ], [ -99.223188770084889, 21.417074008329344 ], [ -99.218664083706585, 21.411314390207895 ], [ -99.218107721911196, 21.408725804603524 ], [ -99.217885895722759, 21.407693686707201 ], [ -99.217551380135717, 21.406137216186242 ], [ -99.217497395135211, 21.401250773837454 ], [ -99.219033136957677, 21.394957679680331 ], [ -99.219327514497166, 21.394709457166833 ], [ -99.219739463353207, 21.394544149487672 ], [ -99.22009274614129, 21.394213152799598 ], [ -99.220093069041781, 21.393881871506501 ], [ -99.220034686838176, 21.393426312323488 ], [ -99.219976305009837, 21.392970753092225 ], [ -99.221332985387377, 21.389162102234106 ], [ -99.224274836976676, 21.388501861276243 ], [ -99.225745170904844, 21.388792874166132 ], [ -99.227275523981021, 21.387800203615214 ], [ -99.229746392476599, 21.387512198949821 ], [ -99.230747256932673, 21.386560510161615 ], [ -99.231454067625279, 21.385525778227233 ], [ -99.232630785704387, 21.385236771219667 ], [ -99.232339072534955, 21.382544893966305 ], [ -99.235105433668807, 21.380559208659673 ], [ -99.236461287939463, 21.37712312624426 ], [ -99.235524754955591, 21.371863358205569 ], [ -99.242823879895838, 21.364870082994447 ], [ -99.244885675130547, 21.360813247965119 ], [ -99.244123969214428, 21.357292868146807 ], [ -99.244478418774534, 21.35534681861013 ], [ -99.244537666377838, 21.354808523709149 ], [ -99.244479561498352, 21.353938868444711 ], [ -99.244480200133722, 21.353152072661338 ], [ -99.24471594348833, 21.352531073784103 ], [ -99.24495161791296, 21.351992895171179 ], [ -99.245069839191302, 21.351247587133702 ], [ -99.245777180061253, 21.349218945395041 ], [ -99.241489953765452, 21.34225913863682 ], [ -99.240726243046382, 21.341347587916456 ], [ -99.238669855416106, 21.339234234080191 ], [ -99.237552854599102, 21.338902167077642 ], [ -99.238083476591058, 21.337287533866089 ], [ -99.241379800486797, 21.333314414301149 ], [ -99.24314607757691, 21.330623932173715 ], [ -99.245850126976279, 21.331619578525963 ], [ -99.246672686006576, 21.332448324689281 ], [ -99.248907834207913, 21.331580146337043 ], [ -99.250377933605506, 21.331498256812253 ], [ -99.251789799140496, 21.330670930816662 ], [ -99.252319858467573, 21.329553177718324 ], [ -99.253261073816631, 21.329015421026082 ], [ -99.254319820746389, 21.328560551199157 ], [ -99.257084123044081, 21.327609763812532 ], [ -99.255791473244201, 21.326325273633636 ], [ -99.254033109128414, 21.318828922461087 ], [ -99.255091627252014, 21.318581100224907 ], [ -99.256561866166606, 21.318126463810241 ], [ -99.257385431894733, 21.317547203924221 ], [ -99.258032694202541, 21.316843605648241 ], [ -99.258385825099126, 21.316346886127477 ], [ -99.258797926978289, 21.315601737261176 ], [ -99.260444421308705, 21.315271400772122 ], [ -99.259504854157655, 21.313655853656357 ], [ -99.260126344868681, 21.312935829292986 ], [ -99.260505174766436, 21.312496933608774 ], [ -99.262974142017555, 21.313036659651829 ], [ -99.263209830534223, 21.312291401922185 ], [ -99.262622667132433, 21.311172992547377 ], [ -99.263739313636506, 21.311794768853012 ], [ -99.265209011018342, 21.3120026247529 ], [ -99.264974900312652, 21.310428899595436 ], [ -99.264724475833944, 21.310106839604039 ], [ -99.264268799020726, 21.309520808912247 ], [ -99.263976296844262, 21.30914462850685 ], [ -99.263447818741128, 21.308191895762725 ], [ -99.263095808102506, 21.307115027757209 ], [ -99.262274479811794, 21.304588528638888 ], [ -99.263922966719633, 21.301152371253973 ], [ -99.264099843237759, 21.300407079076489 ], [ -99.263747620131127, 21.299661495456331 ], [ -99.26580558420666, 21.299124281900795 ], [ -99.266922701793746, 21.298917828542418 ], [ -99.267452152231797, 21.298379773117031 ], [ -99.267335287547681, 21.297303037279836 ], [ -99.269571172747717, 21.294281240161691 ], [ -99.269278367491268, 21.292541845262782 ], [ -99.268867945217664, 21.29088520916466 ], [ -99.268927781298601, 21.289270228324185 ], [ -99.27075039161646, 21.28881565357667 ], [ -99.27034099971236, 21.285544008312158 ], [ -99.270694359520959, 21.284508924881408 ], [ -99.269754426003175, 21.283597408122109 ], [ -99.278163772873725, 21.277679836438701 ], [ -99.285213857199039, 21.284143035636287 ], [ -99.286643238252438, 21.283137056168624 ], [ -99.289036099762924, 21.281452934247888 ], [ -99.284983809933252, 21.274784149392158 ], [ -99.283814886189987, 21.262733153884668 ], [ -99.286646159143658, 21.268403191173967 ], [ -99.287455023692459, 21.270022970046949 ], [ -99.2911565675264, 21.2727989691099 ], [ -99.295801557849501, 21.269529287320168 ], [ -99.296389903307258, 21.268287182993756 ], [ -99.295391514733623, 21.266588985780885 ], [ -99.292629601795781, 21.265511274728247 ], [ -99.292865311660307, 21.264269046484237 ], [ -99.294922161154076, 21.264808157163959 ], [ -99.298271451678161, 21.26671424881912 ], [ -99.299682135326506, 21.266549093675252 ], [ -99.300330178559605, 21.263112234733601 ], [ -99.302555710747484, 21.258482614973683 ], [ -99.302651921950911, 21.258282466365969 ], [ -99.302977337866096, 21.257605497763326 ], [ -99.30141885776797, 21.257088158206681 ], [ -99.300884133860237, 21.256910651712811 ], [ -99.299980417564768, 21.256610649968987 ], [ -99.300099721763729, 21.252635269192652 ], [ -99.296515420246166, 21.251226050407865 ], [ -99.296049831264241, 21.241535779433093 ], [ -99.294816373014939, 21.240251592554401 ], [ -99.296991427110214, 21.238637369819795 ], [ -99.297430564482724, 21.23754994541866 ], [ -99.298579852375795, 21.234703913707907 ], [ -99.298815786030517, 21.232757691149189 ], [ -99.296936871509402, 21.229609806675793 ], [ -99.295645179151975, 21.22741456465732 ], [ -99.29846559486748, 21.227539812217064 ], [ -99.299523161118884, 21.22778864537236 ], [ -99.300815643414339, 21.228327426690228 ], [ -99.303577686418848, 21.227582942919021 ], [ -99.304693952439706, 21.2279974054285 ], [ -99.30517281791083, 21.227205023485723 ], [ -99.307045905989, 21.224105518098625 ], [ -99.315097229866012, 21.220008085945402 ], [ -99.319271118458857, 21.213217728871633 ], [ -99.321386166012559, 21.213549487280389 ], [ -99.32185576498587, 21.214998965147139 ], [ -99.322854426692075, 21.215578926528508 ], [ -99.323382922156767, 21.216614304347015 ], [ -99.325497707516831, 21.21810551079848 ], [ -99.325497411293782, 21.219182189613061 ], [ -99.324733357007631, 21.219968844820343 ], [ -99.325731373201194, 21.223074841412188 ], [ -99.322557856282955, 21.225061921318712 ], [ -99.320912420376047, 21.225682729948286 ], [ -99.320676990259955, 21.22696641015758 ], [ -99.319736279912618, 21.228746860710071 ], [ -99.320676152060059, 21.22969951589473 ], [ -99.320264353760123, 21.231231620289343 ], [ -99.320734266307852, 21.2318114735268 ], [ -99.320381378306166, 21.232846662709164 ], [ -99.322966563773264, 21.234006713499021 ], [ -99.323965911496572, 21.232640364499233 ], [ -99.328137287608627, 21.235415660362452 ], [ -99.330017055313533, 21.238066258726086 ], [ -99.330545653140732, 21.239225841492956 ], [ -99.331368073760942, 21.240426878876168 ], [ -99.33336613253158, 21.240178714176448 ], [ -99.334776599122549, 21.239640573282202 ], [ -99.336245587008591, 21.24026192444564 ], [ -99.337362444897053, 21.238564228346849 ], [ -99.336892600808696, 21.237197621802796 ], [ -99.337069077439537, 21.236245199751046 ], [ -99.337656922982944, 21.235127184359762 ], [ -99.338362160451027, 21.234671750006864 ], [ -99.339537492203164, 21.234216363989745 ], [ -99.34018388502983, 21.234175021725861 ], [ -99.340889081953577, 21.233885219299026 ], [ -99.341594276085075, 21.233595413951882 ], [ -99.3420644330279, 21.233222762867783 ], [ -99.342652150430339, 21.232601657469932 ], [ -99.341300583408952, 21.232891405526424 ], [ -99.339185609808396, 21.230406549806059 ], [ -99.339949580899443, 21.229951115386697 ], [ -99.341124646912007, 21.230820858166261 ], [ -99.34212361025827, 21.230655311219831 ], [ -99.343357487449481, 21.231317990579271 ], [ -99.343573206518684, 21.230811446020535 ], [ -99.343848024161659, 21.230166122748418 ], [ -99.344239210566116, 21.229247533502843 ], [ -99.345120756571845, 21.228253747445667 ], [ -99.345649664764395, 21.227756859075935 ], [ -99.345757653300595, 21.227997937942682 ], [ -99.345868954491038, 21.22824641122396 ], [ -99.346002116174887, 21.228543685533364 ], [ -99.345120568579659, 21.229578886701876 ], [ -99.34653060058335, 21.231235410096097 ], [ -99.345942876793771, 21.232063581726777 ], [ -99.34694173028339, 21.232767628381445 ], [ -99.347899202857505, 21.226996898082557 ], [ -99.348705248771708, 21.227094481885963 ], [ -99.349469168403758, 21.22668041542175 ], [ -99.35029186951877, 21.226017884597209 ], [ -99.350585751908312, 21.225189685517545 ], [ -99.350997135047919, 21.224485722510742 ], [ -99.351996099603198, 21.223740369348693 ], [ -99.352247492832731, 21.223411383175673 ], [ -99.352818810674975, 21.222663720340297 ], [ -99.352231280866079, 21.222166774411878 ], [ -99.35134995183968, 21.22183545766514 ], [ -99.35058616306749, 21.221297088294119 ], [ -99.3502337187672, 21.22038603896009 ], [ -99.350233795034526, 21.219682058320846 ], [ -99.350351401660191, 21.2188124404238 ], [ -99.350997886514534, 21.217197453576272 ], [ -99.352349478810069, 21.214919918936683 ], [ -99.352711168652178, 21.214583463302557 ], [ -99.353264816282064, 21.214068437865603 ], [ -99.353818460070471, 21.213553410635818 ], [ -99.354464808197065, 21.212890855230999 ], [ -99.355169922967264, 21.211979834520388 ], [ -99.355430858188754, 21.211749963090483 ], [ -99.355639980622669, 21.211565735442754 ], [ -99.355404992181306, 21.211234446724077 ], [ -99.355111242283883, 21.211027388584871 ], [ -99.354758740218855, 21.210820328775121 ], [ -99.35458249783855, 21.210613271950042 ], [ -99.354406296341807, 21.209909287031746 ], [ -99.367743039938617, 21.197941377506996 ], [ -99.368565486893488, 21.196160670812255 ], [ -99.361692193871178, 21.19259962741015 ], [ -99.360106162988927, 21.190280650439938 ], [ -99.359871305706903, 21.187671776000464 ], [ -99.362221127394747, 21.185435559752424 ], [ -99.361457489259095, 21.184897235129558 ], [ -99.360165132983639, 21.18526994968671 ], [ -99.359401465461318, 21.185477009347792 ], [ -99.358402826023706, 21.185642654879278 ], [ -99.357521683459836, 21.185601241416165 ], [ -99.357051753160292, 21.185394184255571 ], [ -99.356523092862389, 21.185021482002728 ], [ -99.355818213483715, 21.184565953788187 ], [ -99.355348291992883, 21.184317481006183 ], [ -99.354760890626366, 21.184027593542837 ], [ -99.35417345960613, 21.184110401083071 ], [ -99.353644729753611, 21.184648726946058 ], [ -99.35282228569946, 21.18514563080095 ], [ -99.35223482868372, 21.185435485610803 ], [ -99.351059964986163, 21.185476848894965 ], [ -99.349650162076372, 21.18522831632561 ], [ -99.348534113504599, 21.184689913847418 ], [ -99.347946728843695, 21.184358591746079 ], [ -99.347124426641443, 21.183654554564903 ], [ -99.346360902861548, 21.182743463341062 ], [ -99.345949785304342, 21.182205092513218 ], [ -99.345538700545561, 21.181459666450408 ], [ -99.344951408801251, 21.180631403497237 ], [ -99.344716518730664, 21.180134454330204 ], [ -99.344364230695192, 21.179099153938129 ], [ -99.344893079826505, 21.177856872088601 ], [ -99.345774381010926, 21.176448972251787 ], [ -99.344834988995075, 21.173508726651249 ], [ -99.345716075223706, 21.173425974720473 ], [ -99.346068598346605, 21.172763427418953 ], [ -99.344659424122526, 21.169201980068028 ], [ -99.347008921197784, 21.168953694077693 ], [ -99.347067540326194, 21.169823326746123 ], [ -99.34835964066626, 21.170693039356848 ], [ -99.350415455054261, 21.170568920201916 ], [ -99.350591763046012, 21.169699300522559 ], [ -99.351649037546878, 21.16957511553138 ], [ -99.351649158369341, 21.168415611165912 ], [ -99.353822402889733, 21.16837427767318 ], [ -99.353470035149812, 21.167835925744171 ], [ -99.354292410921275, 21.167007732143734 ], [ -99.355114737205085, 21.166676465024771 ], [ -99.355584653814802, 21.1662623658973 ], [ -99.355937116212317, 21.165599798317036 ], [ -99.356465750123704, 21.165351341235823 ], [ -99.356759430979139, 21.165268523309447 ], [ -99.357288048492677, 21.16522711802094 ], [ -99.357875400620728, 21.165185711419454 ], [ -99.358697703904951, 21.16493724879323 ], [ -99.358918511155991, 21.164483235232723 ], [ -99.360107478822243, 21.162038483407279 ], [ -99.349066679956422, 21.152762154594875 ], [ -99.351592731139093, 21.146592050374423 ], [ -99.351123165647564, 21.14427301356389 ], [ -99.350242346601348, 21.143568982546931 ], [ -99.35059478084662, 21.142906424737212 ], [ -99.350183760401904, 21.142368060355821 ], [ -99.350829848710688, 21.141457051318731 ], [ -99.350418960629341, 21.139800589970623 ], [ -99.348950909074162, 21.139220752947175 ], [ -99.347893923976301, 21.138765164137507 ], [ -99.348070201120066, 21.137978366209826 ], [ -99.345545217451203, 21.136901493431317 ], [ -99.344781832815798, 21.136735785636777 ], [ -99.344018476135801, 21.136404430142353 ], [ -99.343372603675007, 21.135866026905834 ], [ -99.342667977840719, 21.135534670695833 ], [ -99.341669710155429, 21.135368925487544 ], [ -99.341082492254742, 21.135286041215675 ], [ -99.339966850883243, 21.134747573520212 ], [ -99.339438500751569, 21.133919290644243 ], [ -99.339321142165815, 21.133463754838022 ], [ -99.338557830326025, 21.133049552022509 ], [ -99.338969094827505, 21.13197291343084 ], [ -99.338928628315301, 21.131763425831316 ], [ -99.338364070728673, 21.131242450015446 ], [ -99.337241842652688, 21.130953954992378 ], [ -99.336119150826534, 21.130085045768155 ], [ -99.337003008088843, 21.127720619086155 ], [ -99.337828601136195, 21.126351260687645 ], [ -99.339186003443842, 21.125437119844101 ], [ -99.340661522749627, 21.124564244186001 ], [ -99.342077765158848, 21.123442701405306 ], [ -99.342371675622417, 21.121866854255824 ], [ -99.342724029283474, 21.119586134846688 ], [ -99.343195066738403, 21.118010010997263 ], [ -99.343783832151871, 21.116019125293349 ], [ -99.343723615385926, 21.114651114257668 ], [ -99.343072949296868, 21.113284020485604 ], [ -99.342600026364551, 21.112621430127064 ], [ -99.341358936937098, 21.111255242895744 ], [ -99.341180622775809, 21.109845954184941 ], [ -99.342065368842995, 21.108766687074045 ], [ -99.343245492948981, 21.107894245762381 ], [ -99.34442535380623, 21.106731592412341 ], [ -99.344778501133774, 21.105445850655894 ], [ -99.345366911400703, 21.103123295738005 ], [ -99.346073780781879, 21.101256588160602 ], [ -99.347136360506894, 21.1010890866268 ], [ -99.348081150401313, 21.101253426892473 ], [ -99.349616864288521, 21.101997232163608 ], [ -99.350325760699363, 21.102452139007788 ], [ -99.352451718851611, 21.102987687499237 ], [ -99.354340683289834, 21.102611522342514 ], [ -99.355166713822101, 21.102029775581133 ], [ -99.356405630714363, 21.101032774943587 ], [ -99.357939611651659, 21.09991090882011 ], [ -99.358943365483128, 21.099992176415842 ], [ -99.359712276247151, 21.101441930817924 ], [ -99.359831473558401, 21.102602550601731 ], [ -99.360068635381893, 21.10363860216388 ], [ -99.360601128699599, 21.104798537890204 ], [ -99.361486833366413, 21.104879985265622 ], [ -99.364909347049277, 21.102967214691333 ], [ -99.365676421428759, 21.102509889417938 ], [ -99.367329098182637, 21.102051062532723 ], [ -99.368863980710913, 21.101882624220885 ], [ -99.370399073632257, 21.101921460161581 ], [ -99.372347059725584, 21.101586451739912 ], [ -99.374647913656986, 21.09996562016002 ], [ -99.376299422336587, 21.09847026635169 ], [ -99.377775217726622, 21.098301851141049 ], [ -99.378662154356817, 21.099544022029015 ], [ -99.378781812921517, 21.100994829711805 ], [ -99.380062721885167, 21.101336374181177 ], [ -99.380789766000632, 21.101530229845348 ], [ -99.382265585833053, 21.10136177524079 ], [ -99.383624112342659, 21.101898297838392 ], [ -99.384923420546002, 21.102269085331915 ], [ -99.388313599721101, 21.103596927803189 ], [ -99.388842539270968, 21.103928790625524 ], [ -99.390429320763303, 21.105090333155651 ], [ -99.39242762603233, 21.10621030911069 ], [ -99.395131337713678, 21.107454620195895 ], [ -99.396189455179439, 21.107454443976945 ], [ -99.397128129039984, 21.11459073494586 ], [ -99.3979608601298, 21.114764115393019 ], [ -99.403300488888561, 21.1158757562477 ], [ -99.407312612891587, 21.112057582794776 ], [ -99.412044284864507, 21.107554274174838 ], [ -99.413766177027583, 21.105915385592354 ], [ -99.414589116760126, 21.106122613558984 ], [ -99.416235087090172, 21.105914693205218 ], [ -99.416881771531564, 21.105416614586886 ], [ -99.417646054581326, 21.104628062173333 ], [ -99.418175193548521, 21.103881067776342 ], [ -99.419233388518833, 21.102967947377543 ], [ -99.419880022441944, 21.102718803207381 ], [ -99.421349646788173, 21.102054487895533 ], [ -99.422760472306535, 21.101431670109669 ], [ -99.424171285882622, 21.10080884073934 ], [ -99.425523241937825, 21.101057329409223 ], [ -99.426111008587668, 21.101762473067719 ], [ -99.426463660639001, 21.102343223696135 ], [ -99.427051436844692, 21.103048363827103 ], [ -99.427580463228921, 21.103297122648875 ], [ -99.428579762749891, 21.10333825651113 ], [ -99.429050024541823, 21.103296595553012 ], [ -99.42963785280719, 21.103213399354257 ], [ -99.430108119183174, 21.103047262786131 ], [ -99.440027164153207, 21.114971383542805 ], [ -99.441680300364411, 21.11488494897235 ], [ -99.446453858155877, 21.108987752196153 ], [ -99.452471413996903, 21.105948252135001 ], [ -99.453239742188373, 21.106444050600608 ], [ -99.454302424521501, 21.10640025056453 ], [ -99.455955721202059, 21.106479507259841 ], [ -99.456960698632599, 21.10726496490717 ], [ -99.458144224685142, 21.108920621633619 ], [ -99.460035685438527, 21.110201568109716 ], [ -99.46039184345851, 21.111361573260037 ], [ -99.461278721422886, 21.112105811679278 ], [ -99.462578094853043, 21.11235162748903 ], [ -99.463110518777896, 21.11297228387668 ], [ -99.464292158922532, 21.113425638703294 ], [ -99.46565128606035, 21.114085867621412 ], [ -99.465534791096687, 21.115039649260307 ], [ -99.465713937285869, 21.116241501528815 ], [ -99.466129895317678, 21.117815928990371 ], [ -99.466604769786471, 21.119307306151509 ], [ -99.467551332184186, 21.120383031250853 ], [ -99.466075921861005, 21.120842428884558 ], [ -99.465345408204684, 21.120770833329974 ], [ -99.464835723546074, 21.120720878684004 ], [ -99.464185377339064, 21.120224867932158 ], [ -99.463595183036432, 21.120392034028907 ], [ -99.462060097085825, 21.120478416925195 ], [ -99.462889500530864, 21.122134833567891 ], [ -99.463717889818781, 21.123169389701147 ], [ -99.463601651916051, 21.124288997549353 ], [ -99.464160827696531, 21.124366230034187 ], [ -99.465078212023258, 21.124492933539678 ], [ -99.466375959360349, 21.12370229189888 ], [ -99.467438344462735, 21.123616933820394 ], [ -99.467144843968697, 21.124446765951198 ], [ -99.467205638481232, 21.125483056640469 ], [ -99.467348404664293, 21.125696972833627 ], [ -99.467620030865419, 21.126103966597103 ], [ -99.468506682220081, 21.126640878560124 ], [ -99.469623889026025, 21.126769013635929 ], [ -99.470632539818951, 21.126884691632522 ], [ -99.470513584894462, 21.126180234772818 ], [ -99.471870152552455, 21.12526504433626 ], [ -99.471751130482545, 21.12472637649201 ], [ -99.471863222062581, 21.124651706896952 ], [ -99.473874444911218, 21.123311909433536 ], [ -99.474328179960636, 21.123772181486441 ], [ -99.478074362512956, 21.127572177523628 ], [ -99.47866710226721, 21.12715412254606 ], [ -99.479017988153529, 21.126906643250166 ], [ -99.48061129361983, 21.126322482772096 ], [ -99.481262826482649, 21.127440282625912 ], [ -99.483393373032314, 21.130088475843653 ], [ -99.487050896659781, 21.12808978499071 ], [ -99.487584158056734, 21.129083472354139 ], [ -99.487466737006656, 21.129456868527143 ], [ -99.487821039443745, 21.129456015751796 ], [ -99.488174282161239, 21.128874765837047 ], [ -99.488705126981657, 21.128541829138882 ], [ -99.489767722993534, 21.128373433427907 ], [ -99.490605896544068, 21.130483555302874 ], [ -99.491725497412659, 21.1333020737436 ], [ -99.48996224954405, 21.137825167910979 ], [ -99.490790836839125, 21.138818127681258 ], [ -99.491793067504787, 21.137903638607252 ], [ -99.492443119976514, 21.138150798216888 ], [ -99.493445876384115, 21.137526497279691 ], [ -99.493623732421426, 21.137899175850652 ], [ -99.494214501666576, 21.138022102452002 ], [ -99.494335010683059, 21.139306974329752 ], [ -99.493981072053458, 21.139515125193963 ], [ -99.493626127818274, 21.139184336890281 ], [ -99.492211133253988, 21.140431498212354 ], [ -99.491382297485245, 21.139314175489297 ], [ -99.491444035351009, 21.140765020435087 ], [ -99.490795808959291, 21.141512820752055 ], [ -99.490027710454939, 21.141307398107976 ], [ -99.489792785967097, 21.142012736004325 ], [ -99.490029694064589, 21.142385275239249 ], [ -99.489499412897032, 21.143049870933535 ], [ -99.492160382662234, 21.144908975997907 ], [ -99.492513797547417, 21.144410631276976 ], [ -99.493748875273383, 21.141671456136454 ], [ -99.49504184193637, 21.142755775181158 ], [ -99.495523332448613, 21.143159560302522 ], [ -99.495524655602225, 21.143864325429377 ], [ -99.496827407604826, 21.145726684819 ], [ -99.495825624584128, 21.146889943803121 ], [ -99.497210601837921, 21.148223601443512 ], [ -99.498412973130883, 21.149381390363242 ], [ -99.498488078532461, 21.14945371005518 ], [ -99.499021889263062, 21.150654639490121 ], [ -99.497014597602146, 21.151032711013496 ], [ -99.496871676837785, 21.150337245337226 ], [ -99.496776171715439, 21.149872504643213 ], [ -99.49476717563293, 21.149338501064054 ], [ -99.494060026274994, 21.150169371786721 ], [ -99.493589181976461, 21.151041119065965 ], [ -99.493177777691685, 21.1521200045546 ], [ -99.492766059079571, 21.153033062056814 ], [ -99.492827356130817, 21.154235163369048 ], [ -99.493830527353055, 21.153776686179054 ], [ -99.495306404184873, 21.153441414088871 ], [ -99.497195770332453, 21.1531465669628 ], [ -99.499438775130841, 21.152477710371304 ], [ -99.49926301770239, 21.153224370217355 ], [ -99.496433074388761, 21.155843144936934 ], [ -99.497441736641889, 21.158286615156605 ], [ -99.499863109468606, 21.158197707927208 ], [ -99.502402442196143, 21.15802555782777 ], [ -99.504943137608322, 21.158558132680088 ], [ -99.507246222076787, 21.158386503282561 ], [ -99.509199131996098, 21.158193421189406 ], [ -99.510970233532348, 21.158156028449131 ], [ -99.512327785281897, 21.158034680207003 ], [ -99.514690343687732, 21.158330551252231 ], [ -99.516403194045807, 21.158541925026299 ], [ -99.518115651954062, 21.158628802165804 ], [ -99.51947399694771, 21.158756354966265 ], [ -99.521482330802769, 21.159051329883212 ], [ -99.523018498874364, 21.159713999628391 ], [ -99.521720581990664, 21.160422159250629 ], [ -99.522075724292904, 21.160794342052306 ], [ -99.52396529523169, 21.160582108513655 ], [ -99.524438998557613, 21.161161258632475 ], [ -99.520549526116966, 21.165400023316113 ], [ -99.521258638983895, 21.165564001148507 ], [ -99.522203669599534, 21.165561532241259 ], [ -99.523089121713511, 21.16531047386788 ], [ -99.524032947599167, 21.16472760387305 ], [ -99.523382042640833, 21.164148917770767 ], [ -99.5229687669962, 21.164232914372388 ], [ -99.522967654020078, 21.163693979814969 ], [ -99.523794287683984, 21.163567442169132 ], [ -99.523854295735148, 21.164023308644659 ], [ -99.524977541603519, 21.164517837135847 ], [ -99.526276343002792, 21.164224217282197 ], [ -99.526809911373732, 21.165176312466208 ], [ -99.526456738425324, 21.165757639205783 ], [ -99.527463353520915, 21.166957222403457 ], [ -99.530353938401348, 21.165249823655284 ], [ -99.53365258610647, 21.161053881214915 ], [ -99.53501609420131, 21.163413248716676 ], [ -99.537681305105949, 21.166805501347156 ], [ -99.538448697166544, 21.166596139127208 ], [ -99.538662192641226, 21.16698591814621 ], [ -99.539219603340058, 21.168003572474834 ], [ -99.539752454747571, 21.168582517005376 ], [ -99.540049499690767, 21.169369384670638 ], [ -99.540465585321414, 21.17057049355514 ], [ -99.541293783153264, 21.171148628021967 ], [ -99.542003763068251, 21.171685624826278 ], [ -99.543305147355071, 21.172552651245734 ], [ -99.544074208336212, 21.173089477055768 ], [ -99.545021303468758, 21.173998918618317 ], [ -99.546146351075549, 21.175239516297779 ], [ -99.546383822033704, 21.175777796342523 ], [ -99.546799238836655, 21.176647236941047 ], [ -99.547331688446803, 21.177018874281462 ], [ -99.547865159843155, 21.177846528920394 ], [ -99.548102085032809, 21.178136068525806 ], [ -99.548695563219269, 21.179378119260548 ], [ -99.549995561468378, 21.179581791060986 ], [ -99.542331441608766, 21.18640180624331 ], [ -99.540088587967659, 21.187278516983039 ], [ -99.539137914991088, 21.184752254858758 ], [ -99.538427881610446, 21.184215247960754 ], [ -99.536772709966129, 21.183680795952984 ], [ -99.535886548558594, 21.183641732968489 ], [ -99.534704941215182, 21.183562004191675 ], [ -99.534113249356253, 21.183107573307304 ], [ -99.533344613750202, 21.182777984897353 ], [ -99.532576954166814, 21.182904412777745 ], [ -99.531690180711422, 21.182575133173511 ], [ -99.530330492270124, 21.182081283592243 ], [ -99.528558801770799, 21.182293279601247 ], [ -99.527554507796737, 21.182254486331406 ], [ -99.52655047443389, 21.182340056260916 ], [ -99.524778343280161, 21.182344730813753 ], [ -99.523538796104518, 21.182804012455836 ], [ -99.522537153870857, 21.184050338180477 ], [ -99.521769562815862, 21.184218173706405 ], [ -99.521236722583325, 21.183639173282138 ], [ -99.52088280404574, 21.183888837126034 ], [ -99.520883740984388, 21.184344857732871 ], [ -99.51970179421248, 21.184099198340341 ], [ -99.515273098118641, 21.186799937992618 ], [ -99.514922823791551, 21.187013535754531 ], [ -99.514692041455319, 21.189750268805273 ], [ -99.513330013210265, 21.188095502685414 ], [ -99.512148296034667, 21.187974160300023 ], [ -99.511734038357801, 21.187602109665455 ], [ -99.509786509114903, 21.188560579975093 ], [ -99.513458304438828, 21.193152884366224 ], [ -99.513104433254156, 21.193443988794378 ], [ -99.513459552017821, 21.193774730652901 ], [ -99.514050642279187, 21.193939038811529 ], [ -99.514877284914036, 21.193729628785594 ], [ -99.514819128352599, 21.194185801407958 ], [ -99.517008048538742, 21.195714045077782 ], [ -99.513062058364554, 21.201776876959734 ], [ -99.512653462852512, 21.202608489445272 ], [ -99.509616578749842, 21.208789128068688 ], [ -99.508864115905354, 21.210320447134364 ], [ -99.507942706487341, 21.212195538571468 ], [ -99.508066271841827, 21.214931358139928 ], [ -99.511000626448066, 21.216578945651911 ], [ -99.520488348519919, 21.22190552386763 ], [ -99.523621500892503, 21.22264352702302 ], [ -99.523799624804482, 21.223057622728199 ], [ -99.523268528522479, 21.22339067110288 ], [ -99.522443881950565, 21.22463652993865 ], [ -99.52227039603585, 21.226461068073402 ], [ -99.522339449064944, 21.231269831143852 ], [ -99.52417825715969, 21.234622963262296 ], [ -99.525091087015937, 21.236035974092896 ], [ -99.526905379339595, 21.238844302353456 ], [ -99.528688013707821, 21.24348267352196 ], [ -99.528629093899141, 21.24356574305116 ], [ -99.528868198310803, 21.244850251721893 ], [ -99.529698975681441, 21.246464831690037 ], [ -99.530118737944505, 21.249324194144108 ], [ -99.530660893980638, 21.250238531143889 ], [ -99.530830474119568, 21.250524522428996 ], [ -99.525754472623547, 21.253605798379102 ], [ -99.523561572783137, 21.250626735483365 ], [ -99.520907634175032, 21.253286908032862 ], [ -99.523763777911768, 21.262565609486657 ], [ -99.525305500436644, 21.264965999334066 ], [ -99.52814538583884, 21.266326516599218 ], [ -99.535878205904524, 21.28673333915971 ], [ -99.530873143836388, 21.286035609804959 ], [ -99.529814199001194, 21.286367371486417 ], [ -99.524221483994793, 21.286248817975483 ], [ -99.516215749062809, 21.286628484809285 ], [ -99.512508221639919, 21.287665544335727 ], [ -99.513279380727994, 21.292543906734895 ], [ -99.509865352693765, 21.293001756358123 ], [ -99.509511354647373, 21.292340519431121 ], [ -99.508569023395822, 21.292010561098571 ], [ -99.507803598668801, 21.291928531555833 ], [ -99.507685183126412, 21.291349763099809 ], [ -99.507860786577069, 21.290481303772641 ], [ -99.508271821763415, 21.289571291422682 ], [ -99.507976170316667, 21.288455153778635 ], [ -99.507503626957813, 21.287091080839691 ], [ -99.507679082946211, 21.286098577552917 ], [ -99.50862007089853, 21.285312147884206 ], [ -99.509561582668709, 21.284980540271597 ], [ -99.509855536833172, 21.284649498244129 ], [ -99.509796133803647, 21.284194722819734 ], [ -99.509501355695576, 21.283822849948109 ], [ -99.508795034398744, 21.283906164079688 ], [ -99.508206207973316, 21.283782633225609 ], [ -99.507793650601513, 21.283369511644434 ], [ -99.507439867513824, 21.28287364218367 ], [ -99.506733644838192, 21.283039643513948 ], [ -99.50543848013227, 21.283040719036666 ], [ -99.504319450119823, 21.282504180190145 ], [ -99.503965445903276, 21.281801563243189 ], [ -99.503611913565734, 21.281512425205513 ], [ -99.503023474094448, 21.281719659759204 ], [ -99.502879693609003, 21.281878677278581 ], [ -99.502611914743156, 21.282174832591078 ], [ -99.502023285544752, 21.282216671785754 ], [ -99.501494680160988, 21.283292159679139 ], [ -99.499082276761158, 21.284369192704016 ], [ -99.497965632953381, 21.286065368776384 ], [ -99.495494243745355, 21.287101051070827 ], [ -99.493139548207481, 21.287185601602843 ], [ -99.49107867709094, 21.286773717093382 ], [ -99.490135687528152, 21.285740737340152 ], [ -99.488427247874512, 21.284542937183073 ], [ -99.487073607567282, 21.284874734722493 ], [ -99.485955772064614, 21.285537132417442 ], [ -99.485014075899258, 21.285744564941872 ], [ -99.483718789881593, 21.285580115887587 ], [ -99.481953330046352, 21.28620160718782 ], [ -99.480246482519007, 21.286574950279157 ], [ -99.479069292765985, 21.286782515411158 ], [ -99.477480130562427, 21.287114400497121 ], [ -99.475714234052205, 21.287322346067914 ], [ -99.474125019226008, 21.287612851605697 ], [ -99.473703994165234, 21.287446854900899 ], [ -99.472240494552722, 21.286869832655068 ], [ -99.471710463469165, 21.286663472789968 ], [ -99.471240542537743, 21.28778014547456 ], [ -99.470594214961409, 21.289145053754417 ], [ -99.469829009670249, 21.289269591496371 ], [ -99.468533892549573, 21.289311766638939 ], [ -99.46717957337556, 21.288981835449242 ], [ -99.465825151041102, 21.288527848783623 ], [ -99.464588390612434, 21.288073784477621 ], [ -99.463234533613317, 21.288157297491622 ], [ -99.463647125422682, 21.288735922773455 ], [ -99.463529955532238, 21.289397564642417 ], [ -99.46353045087001, 21.290017881370513 ], [ -99.464414562245523, 21.291174998626346 ], [ -99.464709856408135, 21.292249870410277 ], [ -99.464828141270999, 21.292870020352169 ], [ -99.464711045888549, 21.2936143589511 ], [ -99.465594712748455, 21.294275385784392 ], [ -99.466478204720786, 21.294729667188378 ], [ -99.466243260650117, 21.29535003555376 ], [ -99.466361700775664, 21.296135576481149 ], [ -99.46695094845721, 21.296714082416017 ], [ -99.467658280530955, 21.297664644866465 ], [ -99.467364425971354, 21.298243703592899 ], [ -99.467895218320166, 21.299277071864502 ], [ -99.468484261819867, 21.299607483370568 ], [ -99.469249783180388, 21.299772387448158 ], [ -99.470133168766964, 21.300061256267107 ], [ -99.470662984889287, 21.300102254041839 ], [ -99.471899263109336, 21.299977418577427 ], [ -99.472488280614783, 21.300183763836287 ], [ -99.472371257129709, 21.300969454571341 ], [ -99.471312640334148, 21.302210591300771 ], [ -99.470960104814296, 21.302996434597446 ], [ -99.470901720630707, 21.303533997599729 ], [ -99.47037183379328, 21.303534341446248 ], [ -99.470784413531163, 21.30403024092934 ], [ -99.472845022574987, 21.303946202963246 ], [ -99.473845690369458, 21.303697449103105 ], [ -99.473609220022283, 21.302663905268247 ], [ -99.473844105286091, 21.302002179471586 ], [ -99.474550108354123, 21.301464181658911 ], [ -99.475962295198357, 21.300594917532457 ], [ -99.474786855614937, 21.302787160481351 ], [ -99.483303110536554, 21.311711681723352 ], [ -99.483890440981611, 21.312327111802706 ], [ -99.491585044518274, 21.320389171071028 ], [ -99.49382045122222, 21.318402840980426 ], [ -99.495203684500837, 21.320405850023835 ], [ -99.498243740853482, 21.324808151673185 ], [ -99.497526104839793, 21.325111223209525 ], [ -99.497360880580857, 21.325180999995698 ], [ -99.497715235198456, 21.326131712555654 ], [ -99.495773225499079, 21.327332696329059 ], [ -99.485670831971277, 21.325585843764422 ], [ -99.479105864571181, 21.324450541144298 ], [ -99.456196848097761, 21.320950473317289 ], [ -99.458378253937838, 21.324215721960098 ], [ -99.46144704116513, 21.332152735253992 ], [ -99.455266661991118, 21.335753567485551 ], [ -99.453970883555627, 21.335382182377646 ], [ -99.452380693209818, 21.335217664343013 ], [ -99.450614104821355, 21.335259963087204 ], [ -99.448847367451023, 21.335178200487825 ], [ -99.448149506140268, 21.335219398585505 ], [ -99.447527718172665, 21.335256103251563 ], [ -99.447434091951592, 21.335261629885416 ], [ -99.446315322818876, 21.335427594144242 ], [ -99.445448169094604, 21.335610718322748 ], [ -99.445137723373946, 21.335676276574386 ], [ -99.444285261442417, 21.33585276973329 ], [ -99.444136757548122, 21.335883515398297 ], [ -99.442959150504308, 21.336132182678785 ], [ -99.442134817123275, 21.336297975294187 ], [ -99.440957499668812, 21.336960109106396 ], [ -99.4399568125705, 21.337580803730546 ], [ -99.438897284781902, 21.338284215941965 ], [ -99.43766113222307, 21.339070398516316 ], [ -99.436542220913012, 21.339153590801882 ], [ -99.434441558546723, 21.338156738723622 ], [ -99.432360910385597, 21.338990040830726 ], [ -99.430535538147353, 21.339362940349076 ], [ -99.428886724339478, 21.339570356384801 ], [ -99.42723795724136, 21.339860452512792 ], [ -99.425836598191097, 21.339803648876103 ], [ -99.411635404008976, 21.346812382998714 ], [ -99.410961564582536, 21.34726432520451 ], [ -99.410340179659457, 21.347681081495111 ], [ -99.409398537794701, 21.349004497646664 ], [ -99.410521888664192, 21.357480532411799 ], [ -99.412056864297128, 21.364385197024742 ], [ -99.418367946624926, 21.379640547261975 ], [ -99.417901144263652, 21.387496816203331 ], [ -99.418668398393038, 21.389977424423066 ], [ -99.436517644482919, 21.388771149510973 ], [ -99.459053446431668, 21.42638570305531 ], [ -99.470034672158633, 21.43494677666224 ], [ -99.471083022776682, 21.435763989960197 ], [ -99.470200288729842, 21.436601987520564 ], [ -99.471796934584987, 21.437755240201298 ], [ -99.472802154475218, 21.438455326251535 ], [ -99.47392480196639, 21.438989738677908 ], [ -99.475106448301972, 21.439523985696042 ], [ -99.472757634231769, 21.442713320770043 ], [ -99.470174143237301, 21.446316629955749 ] ] ] ] } },
{ "type": "Feature", "properties": { "CVE_PAIS": "MX", "NOM_PAIS": "MEXICO", "CVE_ENT": "22", "NOM_ENT": "QUERETARO", "CU_MUN": "22010", "NOM_MUN": "LANDA DE MATAMOROS" }, "geometry": { "type": "MultiPolygon", "coordinates": [ [ [ [ -99.137166869433756, 21.347968928028351 ], [ -99.138582254244596, 21.347887931563761 ], [ -99.139761730971145, 21.347765408245948 ], [ -99.141412906626599, 21.347106960661261 ], [ -99.142592327718248, 21.34673684070269 ], [ -99.143771636921315, 21.345830296046753 ], [ -99.143181664872259, 21.344633057139699 ], [ -99.143181457419047, 21.343560223989101 ], [ -99.143240310663614, 21.342941343572001 ], [ -99.143417100703871, 21.34228132386427 ], [ -99.143475928313052, 21.34153865480317 ], [ -99.143298827138722, 21.340589424388309 ], [ -99.146760859882562, 21.337364269297723 ], [ -99.141709528915328, 21.333506711795938 ], [ -99.141300667176338, 21.331684120021482 ], [ -99.139478255007958, 21.331391906363741 ], [ -99.138068604205245, 21.330354816374342 ], [ -99.138012662876349, 21.328491262337685 ], [ -99.139190253051197, 21.327457518737049 ], [ -99.13789836848953, 21.326337757105893 ], [ -99.135075278416082, 21.326789585678441 ], [ -99.133607421429289, 21.32542109484239 ], [ -99.132493555927397, 21.323307668940686 ], [ -99.132092098361213, 21.323123101864969 ], [ -99.126077058879304, 21.315152531992148 ], [ -99.12481134586082, 21.310749802937355 ], [ -99.120756035456651, 21.30987454281653 ], [ -99.115411876642867, 21.306305637708689 ], [ -99.108651551455281, 21.305881705765049 ], [ -99.10718313573814, 21.305092729570298 ], [ -99.105582365177071, 21.295620372590477 ], [ -99.105321169311836, 21.294074659834319 ], [ -99.10438174838167, 21.293410679330385 ], [ -99.105206871103206, 21.292210997043878 ], [ -99.101804873691393, 21.287940551122549 ], [ -99.100276182828097, 21.288103872784749 ], [ -99.099804272493515, 21.28901419435504 ], [ -99.098687659378527, 21.28884684241039 ], [ -99.097980746057104, 21.289673976509675 ], [ -99.096039406512972, 21.290457789422909 ], [ -99.094040703005831, 21.290454682185864 ], [ -99.090925384074183, 21.290284147838687 ], [ -99.087573765126535, 21.290734342752586 ], [ -99.086396259564609, 21.291684908209 ], [ -99.085456311837902, 21.291352108328077 ], [ -99.082217786933569, 21.294121393264199 ], [ -99.079806966214676, 21.2944073215399 ], [ -99.07910360499541, 21.293329477869342 ], [ -99.077049706014023, 21.291462584033884 ], [ -99.074229290556119, 21.290795298633277 ], [ -99.072413906350533, 21.287272307115572 ], [ -99.063258204875453, 21.280092483507875 ], [ -99.062646666129311, 21.279539933590844 ], [ -99.062587484622554, 21.28020005488526 ], [ -99.061939249467386, 21.279662639553031 ], [ -99.061526809120281, 21.279125584151839 ], [ -99.06123210147814, 21.279042604565412 ], [ -99.060701604327775, 21.278959261164594 ], [ -99.060229978839104, 21.27908232325089 ], [ -99.059640318525979, 21.279576570583806 ], [ -99.059522330304347, 21.279823967393941 ], [ -99.05952212921764, 21.280360389237789 ], [ -99.059404109175105, 21.280690312376148 ], [ -99.059227140327181, 21.281020144050952 ], [ -99.059050201889903, 21.281267449102479 ], [ -99.058932133180775, 21.281721161512976 ], [ -99.058814095079782, 21.282092347399708 ], [ -99.058460276727658, 21.282421903559282 ], [ -99.05822437056969, 21.282710379258965 ], [ -99.057988495280668, 21.282916328209271 ], [ -99.057752635294705, 21.283081013620745 ], [ -99.057162983030807, 21.283492725695488 ], [ -99.056573702118087, 21.282955382000967 ], [ -99.055925328419207, 21.28278931255273 ], [ -99.05607490315127, 21.282294506737394 ], [ -99.052984366192049, 21.278279720305481 ], [ -99.04657474139907, 21.269952312070082 ], [ -99.052307094075189, 21.263444230272047 ], [ -99.052354131663435, 21.262534382277217 ], [ -99.052340835889538, 21.261501162957213 ], [ -99.052326476681074, 21.260385285947589 ], [ -99.052076640434862, 21.25923054018779 ], [ -99.051833719827812, 21.258613068197622 ], [ -99.051531002198629, 21.257913553041558 ], [ -99.051110284824361, 21.257173937853 ], [ -99.050983247977555, 21.256431248684105 ], [ -99.051029228699562, 21.255438742669437 ], [ -99.05090166237008, 21.254654724468516 ], [ -99.050835488521969, 21.254076735626935 ], [ -99.050943391884459, 21.253331587707731 ], [ -99.051052357029619, 21.252669097303212 ], [ -99.051102056257648, 21.251965892622792 ], [ -99.050920010488255, 21.251513119398322 ], [ -99.050560172568453, 21.250938202957627 ], [ -99.073151397860443, 21.241265794223168 ], [ -99.075037025498133, 21.238660055055377 ], [ -99.074100456238995, 21.236794977323218 ], [ -99.075512904277232, 21.235720652582565 ], [ -99.075339779033712, 21.234105323679401 ], [ -99.076222357767733, 21.233527040530362 ], [ -99.07622543305196, 21.231953417270716 ], [ -99.073702985221985, 21.229754392249038 ], [ -99.071480912650173, 21.224284344727828 ], [ -99.071300428691757, 21.224206841830068 ], [ -99.065962328000836, 21.221914445791359 ], [ -99.064784892156226, 21.223030511628824 ], [ -99.063023147551021, 21.222530507484265 ], [ -99.06271484419689, 21.223040402886227 ], [ -99.062197729064906, 21.223895637821382 ], [ -99.060787339634373, 21.223395803687762 ], [ -99.06031880667939, 21.223229754864448 ], [ -99.058963754084445, 21.224966636983517 ], [ -99.054559231912506, 21.223799262837723 ], [ -99.056559197537496, 21.222767561011011 ], [ -99.055094227564084, 21.220860017436976 ], [ -99.053829091930155, 21.221969841872337 ], [ -99.053643077531433, 21.210626810849153 ], [ -99.053636073785398, 21.210199690544872 ], [ -99.053555977546281, 21.205314868276151 ], [ -99.054078559873616, 21.2048547086277 ], [ -99.054252575890501, 21.204687545365882 ], [ -99.054659321379518, 21.204352602444779 ], [ -99.05483280387746, 21.204144109529878 ], [ -99.055240611347969, 21.203891823291297 ], [ -99.055590768060142, 21.203722810353103 ], [ -99.055878481709343, 21.20326510965393 ], [ -99.056221711653862, 21.202558817751463 ], [ -99.056567069340446, 21.20201784130731 ], [ -99.056909760298893, 21.201270218861367 ], [ -99.057613788026089, 21.201221488634928 ], [ -99.057549744447073, 21.200808814984693 ], [ -99.057304232585338, 21.19998470114567 ], [ -99.057233262383505, 21.199034749504907 ], [ -99.056690464892881, 21.19792441460859 ], [ -99.055862105288782, 21.197437095590249 ], [ -99.055334763023211, 21.197525299396066 ], [ -99.054566718334314, 21.197161345129462 ], [ -99.053671147578328, 21.196013365714872 ], [ -99.052542341902836, 21.194991829312055 ], [ -99.051355903732926, 21.194053558150511 ], [ -99.050472589911664, 21.193856130889856 ], [ -99.049640027033519, 21.193038148102481 ], [ -99.048920648391189, 21.191888300404397 ], [ -99.048973521573799, 21.191433066098735 ], [ -99.048783598853873, 21.190360350129584 ], [ -99.048597392253626, 21.189576937805636 ], [ -99.048289527455395, 21.188464119336384 ], [ -99.048105977539109, 21.187887352046609 ], [ -99.047807664451227, 21.187518457271736 ], [ -99.04767805343171, 21.186569113538305 ], [ -99.047848343481235, 21.186112652405821 ], [ -99.047784863853479, 21.185741303411476 ], [ -99.048066203104298, 21.184787665053168 ], [ -99.048763259172247, 21.184201692562507 ], [ -99.048754771131769, 21.183540425850115 ], [ -99.048629931742624, 21.182963044978983 ], [ -99.048917626821776, 21.182505355043521 ], [ -99.049151920327319, 21.182461570298432 ], [ -99.049375069679144, 21.18154987252252 ], [ -99.049012755073093, 21.180768301760256 ], [ -99.049064032377686, 21.180189079276243 ], [ -99.049294607742553, 21.179855990017945 ], [ -99.048821254353584, 21.179571596884866 ], [ -99.048343659829939, 21.178956568859206 ], [ -99.048160651831537, 21.178421130155552 ], [ -99.048154288092306, 21.177925179759768 ], [ -99.048029455793611, 21.177347798048089 ], [ -99.047731164091601, 21.176978902637511 ], [ -99.047490517339526, 21.176526734919602 ], [ -99.047540738884265, 21.175864854171955 ], [ -99.04759255041543, 21.175326961006263 ], [ -99.047352436841251, 21.174916122215532 ], [ -99.047110734578354, 21.174381295396145 ], [ -99.047161487125436, 21.173760743816469 ], [ -99.047386756047388, 21.173014364642672 ], [ -99.047793960748706, 21.172720766357561 ], [ -99.047961053286286, 21.172016329011512 ], [ -99.048183133833902, 21.171021973227528 ], [ -99.048411045257836, 21.170482238653143 ], [ -99.048519431373578, 21.169778414236422 ], [ -99.048687578043754, 21.169156634425455 ], [ -99.049210579225942, 21.168737817326491 ], [ -99.049913924810753, 21.168647790053718 ], [ -99.050440106173014, 21.168476944584334 ], [ -99.050669067460674, 21.168019865310843 ], [ -99.051428453137504, 21.167722571079803 ], [ -99.052074686484318, 21.167757137243122 ], [ -99.052483461954381, 21.167587515244239 ], [ -99.052479741681239, 21.167298210590747 ], [ -99.052415195737296, 21.166844204036718 ], [ -99.052466455120424, 21.166264979603401 ], [ -99.05345903097259, 21.165841228044432 ], [ -99.054276567294963, 21.165501976319465 ], [ -99.054151721785203, 21.164924598304882 ], [ -99.053850780726819, 21.164349066900503 ], [ -99.053789422797294, 21.164143036206003 ], [ -99.053782509207181, 21.163605755971155 ], [ -99.054131509034747, 21.163354086949042 ], [ -99.054066959793616, 21.162900080820368 ], [ -99.053999751610306, 21.162239428364369 ], [ -99.053815148531669, 21.161580006941954 ], [ -99.053926693748878, 21.161124153961484 ], [ -99.054215926213416, 21.160790441742009 ], [ -99.054851488142006, 21.159998412113261 ], [ -99.055202606477579, 21.159912057854363 ], [ -99.056377613114904, 21.159982391974712 ], [ -99.057660956245826, 21.159348886899313 ], [ -99.058822629723139, 21.158385972607068 ], [ -99.06065398193283, 21.155818724091443 ], [ -99.060887916215776, 21.15536254377804 ], [ -99.061063197783895, 21.154947894309725 ], [ -99.061297225633226, 21.15453314996763 ], [ -99.062060747141658, 21.154449044192798 ], [ -99.062706869980516, 21.154406561939204 ], [ -99.064411994518451, 21.155025341917856 ], [ -99.065882142442277, 21.155644489907427 ], [ -99.067175863137692, 21.15618104219806 ], [ -99.068351900626539, 21.156634905736215 ], [ -99.069351602088986, 21.157047617044238 ], [ -99.070349334987938, 21.156631591344471 ], [ -99.072053028872574, 21.156628745733851 ], [ -99.072584741216488, 21.157870955604281 ], [ -99.072528376159198, 21.158865531253063 ], [ -99.072060467453838, 21.159736486641208 ], [ -99.068952850831096, 21.162310739800617 ], [ -99.06742857341824, 21.163680669435116 ], [ -99.066490610201214, 21.164552382980478 ], [ -99.065963701815733, 21.165340544519903 ], [ -99.06537832803825, 21.16625311002759 ], [ -99.064146866504004, 21.167249600234705 ], [ -99.06338395804265, 21.16762377103581 ], [ -99.06244314720584, 21.167293803069047 ], [ -99.061737445485292, 21.167004887129394 ], [ -99.060503457825632, 21.16692400142863 ], [ -99.05985842961141, 21.167463713543572 ], [ -99.059625239139706, 21.168251383938291 ], [ -99.060392669946197, 21.169824745979643 ], [ -99.061512062881562, 21.171148916952177 ], [ -99.061866513032157, 21.171977077800602 ], [ -99.061986238480515, 21.172929927203139 ], [ -99.062576680553335, 21.174172071248012 ], [ -99.063576871417183, 21.174750561465345 ], [ -99.064341077630417, 21.174915064193204 ], [ -99.065222017807187, 21.174747879585095 ], [ -99.065984860579078, 21.174332264252623 ], [ -99.066278147896782, 21.174124599965708 ], [ -99.066747308173944, 21.173750899566549 ], [ -99.067510141561243, 21.173335277329826 ], [ -99.06792063978709, 21.173003106984481 ], [ -99.069975667604368, 21.172419588701622 ], [ -99.070621174454288, 21.172087020761246 ], [ -99.07185481362275, 21.172002086563882 ], [ -99.073029697258946, 21.171917242158578 ], [ -99.073735643421628, 21.172288983644027 ], [ -99.074265928861038, 21.172909638692595 ], [ -99.074972082844909, 21.173364247885726 ], [ -99.075634667377543, 21.17356232658522 ], [ -99.076457500175763, 21.173315232407468 ], [ -99.077339714279006, 21.172736940360906 ], [ -99.077929194518703, 21.171661219169977 ], [ -99.07804755613509, 21.171205888326583 ], [ -99.07816639951325, 21.170502088724653 ], [ -99.077697382336225, 21.170045782757452 ], [ -99.077052155428049, 21.169589182098004 ], [ -99.076230720407523, 21.16913228472508 ], [ -99.074998536669014, 21.168467636838617 ], [ -99.074000577083154, 21.168176078677483 ], [ -99.073413615971788, 21.167968031595748 ], [ -99.07235717212329, 21.167552130232135 ], [ -99.071770708921349, 21.167095608652314 ], [ -99.071654469219908, 21.166474237354876 ], [ -99.071832157351594, 21.16572912994803 ], [ -99.072538219260693, 21.165109152038141 ], [ -99.073126640600364, 21.164571795770339 ], [ -99.074302655621565, 21.163911191805401 ], [ -99.075595886863397, 21.163375010782783 ], [ -99.076301436298223, 21.16300348595761 ], [ -99.07688975494014, 21.16250752801583 ], [ -99.077302269313279, 21.161804217458975 ], [ -99.077596908544862, 21.161307768058172 ], [ -99.077539141384989, 21.160810732538362 ], [ -99.077305011674255, 21.160396226825551 ], [ -99.077188431450196, 21.159940504872527 ], [ -99.077424495112609, 21.159361134886097 ], [ -99.078423928778179, 21.158865854856096 ], [ -99.079540501849607, 21.158536408894005 ], [ -99.080304033104824, 21.158537667735519 ], [ -99.081419883887648, 21.158580912883608 ], [ -99.082300089045773, 21.15899647028693 ], [ -99.083063227354344, 21.159204774152379 ], [ -99.083943756007699, 21.159454676973517 ], [ -99.084649344558173, 21.15904170579763 ], [ -99.08506165566375, 21.158421199183842 ], [ -99.08570897317847, 21.157759659499021 ], [ -99.086003732853314, 21.157180372331805 ], [ -99.086298099450062, 21.156808142153505 ], [ -99.086769285819415, 21.156104902855489 ], [ -99.087768977384499, 21.155443921574154 ], [ -99.088944932548259, 21.154741804066749 ], [ -99.089709293588015, 21.154287493870967 ], [ -99.090415149691353, 21.153708852469641 ], [ -99.09112084666846, 21.153213031147814 ], [ -99.09241239489613, 21.153504951862089 ], [ -99.093644684033222, 21.154086651239119 ], [ -99.094349157248146, 21.154253400764624 ], [ -99.095288558183384, 21.15442051353908 ], [ -99.096051766393913, 21.154587347454687 ], [ -99.097226473586318, 21.154547756702197 ], [ -99.098049015372908, 21.154383380338601 ], [ -99.098930062840594, 21.154343324769428 ], [ -99.099987750399549, 21.154055065127451 ], [ -99.10104535977753, 21.153808210536297 ], [ -99.101750430732849, 21.153643637141034 ], [ -99.102807445661668, 21.153728063646135 ], [ -99.103439382420405, 21.153780748522465 ], [ -99.104099167289263, 21.153937072038488 ], [ -99.10462709177304, 21.154310570840337 ], [ -99.105389654029281, 21.15485006615382 ], [ -99.106152221803072, 21.155389557974111 ], [ -99.106973382397385, 21.156011956755407 ], [ -99.107560270466095, 21.15626129920776 ], [ -99.108734627830856, 21.15642868601412 ], [ -99.110085113398043, 21.156637735345647 ], [ -99.111083279096292, 21.156804846625644 ], [ -99.111906314984552, 21.156350522533529 ], [ -99.11225963089602, 21.155812687180092 ], [ -99.112612590051526, 21.155481908546594 ], [ -99.112672242725807, 21.154943644571329 ], [ -99.112791546810143, 21.153867116460717 ], [ -99.112558534801948, 21.152748663893853 ], [ -99.112207639744398, 21.151878508687055 ], [ -99.111680842700878, 21.150842449188687 ], [ -99.111094753158071, 21.150137594061729 ], [ -99.111214349921795, 21.148895420304047 ], [ -99.111685784926138, 21.148228927897893 ], [ -99.112743962237914, 21.148516961338686 ], [ -99.114388039315955, 21.148223746806401 ], [ -99.11638546900825, 21.148261326101657 ], [ -99.118381442945747, 21.14776020709596 ], [ -99.119790747802341, 21.147550270974989 ], [ -99.121318101526384, 21.147547274741353 ], [ -99.123198148081144, 21.147626441173202 ], [ -99.124254978796699, 21.147417164498862 ], [ -99.124899799898287, 21.146918643402003 ], [ -99.12566290300434, 21.146709941432835 ], [ -99.126543720475368, 21.146583874455292 ], [ -99.127484311549694, 21.146830613822299 ], [ -99.128544346897073, 21.147781532457586 ], [ -99.129251696725831, 21.148650281222675 ], [ -99.12925445853007, 21.149644756981093 ], [ -99.129609924174886, 21.150721395624185 ], [ -99.130258548309953, 21.151590258156304 ], [ -99.13108295650332, 21.152293015575804 ], [ -99.131436937772747, 21.152830975883603 ], [ -99.132436438788503, 21.153119004734251 ], [ -99.133669301841294, 21.152826438147656 ], [ -99.135430993491099, 21.152574216172003 ], [ -99.136486787777429, 21.151991935019716 ], [ -99.137484297415654, 21.151575514261854 ], [ -99.139361219260394, 21.150535716424105 ], [ -99.140299729399942, 21.15003652793807 ], [ -99.141119796017236, 21.14920608735261 ], [ -99.14182260135631, 21.148458760979832 ], [ -99.142349403951059, 21.147794673099131 ], [ -99.14269949418248, 21.146965206531895 ], [ -99.142990955676808, 21.146177298687988 ], [ -99.143516554714594, 21.145098842293869 ], [ -99.144279144953188, 21.14472431064749 ], [ -99.145513828219151, 21.145094641646381 ], [ -99.146514862197193, 21.145921261877834 ], [ -99.147163203289068, 21.146665750314128 ], [ -99.148340730538663, 21.147574858883473 ], [ -99.149751439159971, 21.147861911015564 ], [ -99.150573134898565, 21.14761153512088 ], [ -99.151334629103971, 21.146864043773999 ], [ -99.152977636387604, 21.14623896332543 ], [ -99.153800049030067, 21.146237190506248 ], [ -99.154739704823484, 21.146152286642632 ], [ -99.155795132604268, 21.145487012435339 ], [ -99.156791685022199, 21.144780423023882 ], [ -99.157553871062177, 21.144281522435712 ], [ -99.158492649890874, 21.143906542673768 ], [ -99.159256059774563, 21.143821998922192 ], [ -99.160017367300966, 21.143033032128361 ], [ -99.16048433725372, 21.142037525293151 ], [ -99.161537477553637, 21.140626359105092 ], [ -99.16235811921571, 21.140044434514085 ], [ -99.163590066446019, 21.139503031839205 ], [ -99.165117459237194, 21.139541077445902 ], [ -99.167174276078242, 21.139826546220082 ], [ -99.168348721990995, 21.1396996048856 ], [ -99.169460764137199, 21.138371130718141 ], [ -99.170338332050491, 21.137208925088284 ], [ -99.17163099562751, 21.137330314787238 ], [ -99.17304190500883, 21.13770004644752 ], [ -99.174629042707636, 21.138069364448668 ], [ -99.175862080445242, 21.1379008006992 ], [ -99.177269153601486, 21.137027404060571 ], [ -99.177441777441075, 21.135866779092801 ], [ -99.177379955802309, 21.134872439437167 ], [ -99.177963233288935, 21.133545122936773 ], [ -99.178603822387188, 21.13176186796273 ], [ -99.179187147008435, 21.130801629646658 ], [ -99.179541466218566, 21.129228365648917 ], [ -99.180129566973079, 21.128524991841218 ], [ -99.180306615767265, 21.127821181915106 ], [ -99.180601901147739, 21.126582595651588 ], [ -99.182106956748115, 21.124999567587565 ], [ -99.182869216407141, 21.124583426143712 ], [ -99.183454876706236, 21.124043382930758 ], [ -99.183980495923436, 21.123089110057158 ], [ -99.184624098320185, 21.122300306682199 ], [ -99.185327603080893, 21.121884291586554 ], [ -99.189411436314657, 21.122072546808795 ], [ -99.19099824023337, 21.122199837721976 ], [ -99.19187931794994, 21.122491414158915 ], [ -99.192468025705693, 21.122078415242623 ], [ -99.193585125603335, 21.121956308775442 ], [ -99.194819784531816, 21.121834418015979 ], [ -99.196523973256433, 21.122044704772968 ], [ -99.197464550551999, 21.122005064533436 ], [ -99.198699206463033, 21.121883145531211 ], [ -99.199405541483273, 21.121428930629456 ], [ -99.200288476160907, 21.120850804798103 ], [ -99.200759418649355, 21.120520382580203 ], [ -99.20152434557636, 21.120149092944473 ], [ -99.202700202826179, 21.120027035715086 ], [ -99.203641200215372, 21.119780299750335 ], [ -99.204993478011872, 21.119617139610529 ], [ -99.205582483444189, 21.119038446133693 ], [ -99.206288783858938, 21.118584202668551 ], [ -99.206994219715114, 21.11854407938884 ], [ -99.207466256575628, 21.117675278559648 ], [ -99.207820216288482, 21.117054736283823 ], [ -99.208526928485796, 21.116393421930614 ], [ -99.209233719827708, 21.115690692310494 ], [ -99.209705393605944, 21.114987534429599 ], [ -99.209824654000215, 21.114159500624332 ], [ -99.209591506603672, 21.113206591555802 ], [ -99.209299500189331, 21.112294987863766 ], [ -99.209065675455818, 21.111673376542196 ], [ -99.209478902768623, 21.110804463069918 ], [ -99.211245749381035, 21.109068329228894 ], [ -99.211952578127153, 21.108324175712074 ], [ -99.212835977522019, 21.107456098195783 ], [ -99.215012990414834, 21.106300434763437 ], [ -99.216894100959351, 21.106138120755841 ], [ -99.218950619618056, 21.106431631419934 ], [ -99.220243490200318, 21.106516721402546 ], [ -99.221301757060573, 21.106352918112577 ], [ -99.222360839409333, 21.105774984802544 ], [ -99.223770603007964, 21.106191550631152 ], [ -99.224944466131205, 21.107021823698158 ], [ -99.22582365968448, 21.108265707935679 ], [ -99.227233938820106, 21.108433770627212 ], [ -99.227997374150817, 21.108470935841609 ], [ -99.229878579068966, 21.108562501051832 ], [ -99.230760921256461, 21.108191278872159 ], [ -99.232111559921961, 21.108814737258264 ], [ -99.232988458675408, 21.111300952384124 ], [ -99.233103332134746, 21.112709166885057 ], [ -99.23421922735875, 21.113166565340659 ], [ -99.235690446578531, 21.112216523323486 ], [ -99.236809300954292, 21.111100237920489 ], [ -99.23810376894464, 21.110356945465195 ], [ -99.239810960635651, 21.108910306383674 ], [ -99.240518028759652, 21.107958973589096 ], [ -99.241343019498686, 21.10680076722705 ], [ -99.241932748950603, 21.105725000672166 ], [ -99.242639864761415, 21.104732246640662 ], [ -99.243428941015338, 21.103725097046155 ], [ -99.244603875554759, 21.104016873462406 ], [ -99.245368833482885, 21.103521150093176 ], [ -99.246074186010702, 21.10348086486967 ], [ -99.247134873864383, 21.101950294657179 ], [ -99.248369170625466, 21.101910840091627 ], [ -99.249367559468112, 21.102326541395225 ], [ -99.251368690373283, 21.103004416012972 ], [ -99.252316421279147, 21.103486008208765 ], [ -99.252793342304017, 21.103891989269634 ], [ -99.253386825002238, 21.104254925059866 ], [ -99.254557758781289, 21.104113558965015 ], [ -99.255732510945165, 21.104178668419152 ], [ -99.25672898709324, 21.104122503917196 ], [ -99.257450507423485, 21.105061829763024 ], [ -99.258052418654628, 21.105879012719761 ], [ -99.259666133134161, 21.107465945162673 ], [ -99.260738134053923, 21.108317407906998 ], [ -99.261687460145296, 21.108881540088568 ], [ -99.262279452089359, 21.109161850809347 ], [ -99.262869147765798, 21.109318269498079 ], [ -99.263171658475585, 21.109809444475591 ], [ -99.264001376583337, 21.110251427461385 ], [ -99.265290440151347, 21.110149528977111 ], [ -99.266415018762117, 21.11066970434867 ], [ -99.267415370568543, 21.110819959715471 ], [ -99.2687776883309, 21.111501791566127 ], [ -99.270553741176471, 21.112342642138312 ], [ -99.271978595020229, 21.113230051083061 ], [ -99.272517340514042, 21.11380028144589 ], [ -99.272705637665098, 21.114458385364586 ], [ -99.272660812959288, 21.115202603465431 ], [ -99.272321890651256, 21.11590992615788 ], [ -99.271746764038539, 21.116538175203196 ], [ -99.271288964922462, 21.117164662668284 ], [ -99.270829625118523, 21.117708555804949 ], [ -99.270543976708836, 21.118125919403795 ], [ -99.270619547549899, 21.119033563712922 ], [ -99.271106558713257, 21.119976346409633 ], [ -99.271470091738507, 21.120590515221412 ], [ -99.2722443019846, 21.121198522379242 ], [ -99.272669586578886, 21.121976994292325 ], [ -99.273378218050041, 21.122214207823202 ], [ -99.274387117903103, 21.122818682399611 ], [ -99.275098065002581, 21.123179778105648 ], [ -99.27610389851074, 21.123619056328344 ], [ -99.276808692412203, 21.123649772962459 ], [ -99.277211670530065, 21.123230635366333 ], [ -99.2773722702632, 21.122402060155775 ], [ -99.277184712357979, 21.121785258849219 ], [ -99.277463416264126, 21.120996216076151 ], [ -99.277921200804357, 21.120369712370604 ], [ -99.278742543704794, 21.120357360331241 ], [ -99.279395592661103, 21.120760617014444 ], [ -99.279989977482131, 21.121164753998471 ], [ -99.280698616335116, 21.121401936854298 ], [ -99.282470994869968, 21.122036177324059 ], [ -99.283436700731357, 21.123467409883389 ], [ -99.283863594181668, 21.1243284456027 ], [ -99.284474995152081, 21.125641087318211 ], [ -99.284429454268363, 21.126344010537576 ], [ -99.284219486508718, 21.127669032752628 ], [ -99.283879819583092, 21.128335080836564 ], [ -99.283360277593843, 21.128797298549383 ], [ -99.283019832398466, 21.129422048500835 ], [ -99.282738827320628, 21.130087210301394 ], [ -99.282753492250052, 21.130871841716637 ], [ -99.283294659056537, 21.131565924617352 ], [ -99.284182456976794, 21.131965625240753 ], [ -99.284652604144981, 21.131999846047822 ], [ -99.285053264785816, 21.131456801099358 ], [ -99.285866167888514, 21.130990153834404 ], [ -99.286920707858002, 21.130891628863044 ], [ -99.287586195998372, 21.131955594312029 ], [ -99.287854907082547, 21.133769090909091 ], [ -99.288220089737791, 21.134465814295641 ], [ -99.288945050173552, 21.135570184200894 ], [ -99.289540293751884, 21.136015582323026 ], [ -99.290109815092507, 21.136805106086594 ], [ -99.291166508448299, 21.137468114215977 ], [ -99.292223148277316, 21.138255349273763 ], [ -99.292692757980419, 21.13862823557595 ], [ -99.293455932859445, 21.139125468496925 ], [ -99.294042957728152, 21.139581218954639 ], [ -99.294688610176664, 21.140244045750492 ], [ -99.295334308545705, 21.14082404755624 ], [ -99.295803874234906, 21.141321158535913 ], [ -99.29639101385834, 21.141569844563403 ], [ -99.299268679217221, 21.141363831420044 ], [ -99.300091084856206, 21.140825774944723 ], [ -99.301030953848397, 21.140246343718118 ], [ -99.302381873458998, 21.139708456993546 ], [ -99.302910202174132, 21.140164156610414 ], [ -99.303438302276689, 21.141158199838568 ], [ -99.303731575970531, 21.141986519764835 ], [ -99.304024711675183, 21.143146128395223 ], [ -99.304494138152265, 21.144057326313174 ], [ -99.305022454075541, 21.144595841152629 ], [ -99.305785528515983, 21.145507128792126 ], [ -99.306666084829999, 21.146377038068167 ], [ -99.307957764814745, 21.147205656107925 ], [ -99.308779974527127, 21.147164491368493 ], [ -99.309661024363336, 21.14683346190337 ], [ -99.310718316824506, 21.146336833832198 ], [ -99.31189296446469, 21.146088698779867 ], [ -99.312656454293375, 21.146006087781984 ], [ -99.313420048519191, 21.145633595498218 ], [ -99.314536238471419, 21.144598615030542 ], [ -99.315887405618426, 21.143315220722211 ], [ -99.317355987568362, 21.142073255911413 ], [ -99.31823704265426, 21.141576537730973 ], [ -99.319470458997202, 21.141038486926604 ], [ -99.320292683333747, 21.140831622226784 ], [ -99.321584772842982, 21.140417802995337 ], [ -99.322818217031895, 21.139714083534031 ], [ -99.323758135285871, 21.138637593840151 ], [ -99.324110761486764, 21.137685211487099 ], [ -99.324287259807775, 21.136567147535143 ], [ -99.324640177056963, 21.134579485570356 ], [ -99.325638655850298, 21.133917108774479 ], [ -99.326095595159927, 21.133702405670146 ], [ -99.327191519359133, 21.1329002890335 ], [ -99.327735601594682, 21.132502064599745 ], [ -99.328384775233232, 21.131962163541047 ], [ -99.329221451277164, 21.131184648457403 ], [ -99.329809186085086, 21.130853218311326 ], [ -99.330102402102725, 21.130687869252696 ], [ -99.330393427149204, 21.130516915678449 ], [ -99.330807162614562, 21.1302738781703 ], [ -99.330981336868092, 21.130255010999281 ], [ -99.331631119793386, 21.129967401260764 ], [ -99.332753070197924, 21.129924272643635 ], [ -99.333520840523022, 21.130047497962842 ], [ -99.333993517243016, 21.13037845106798 ], [ -99.33428884249561, 21.130460923184977 ], [ -99.334997531678567, 21.130542772795312 ], [ -99.3354044198379, 21.130470735116731 ], [ -99.335706055027998, 21.130417331318434 ], [ -99.336119150826207, 21.130085045623385 ], [ -99.337241842652688, 21.130953954992378 ], [ -99.338364070728673, 21.131242450015446 ], [ -99.338928628315301, 21.131763425831316 ], [ -99.338969094827505, 21.13197291343084 ], [ -99.338557830326025, 21.133049552022509 ], [ -99.339321142165815, 21.133463754838022 ], [ -99.339438500751569, 21.133919290644243 ], [ -99.339966850883243, 21.134747573520212 ], [ -99.341082492254742, 21.135286041215675 ], [ -99.341669710155429, 21.135368925487544 ], [ -99.342667977840719, 21.135534670695833 ], [ -99.343372603675007, 21.135866026905834 ], [ -99.344018476135801, 21.136404430142353 ], [ -99.344781832815798, 21.136735785636777 ], [ -99.345545217451203, 21.136901493431317 ], [ -99.348070201120066, 21.137978366209826 ], [ -99.347893923976301, 21.138765164137507 ], [ -99.348950909074162, 21.139220752947175 ], [ -99.350418960629341, 21.139800589970623 ], [ -99.350829848710688, 21.141457051318731 ], [ -99.350183760401904, 21.142368060355821 ], [ -99.35059478084662, 21.142906424737212 ], [ -99.350242346601348, 21.143568982546931 ], [ -99.351123165647564, 21.14427301356389 ], [ -99.351592731139093, 21.146592050374423 ], [ -99.349066679956422, 21.152762154594875 ], [ -99.360107478822243, 21.162038483407279 ], [ -99.358918511155991, 21.164483235232723 ], [ -99.358697703904951, 21.16493724879323 ], [ -99.357875400620728, 21.165185711419454 ], [ -99.357288048492677, 21.16522711802094 ], [ -99.356759430979139, 21.165268523309447 ], [ -99.356465750123704, 21.165351341235823 ], [ -99.355937116212317, 21.165599798317036 ], [ -99.355584653814802, 21.1662623658973 ], [ -99.355114737205085, 21.166676465024771 ], [ -99.354292410921275, 21.167007732143734 ], [ -99.353470035149812, 21.167835925744171 ], [ -99.353822402889733, 21.16837427767318 ], [ -99.351649158369341, 21.168415611165912 ], [ -99.351649037546878, 21.16957511553138 ], [ -99.350591763046012, 21.169699300522559 ], [ -99.350415455054261, 21.170568920201916 ], [ -99.34835964066626, 21.170693039356848 ], [ -99.347067540326194, 21.169823326746123 ], [ -99.347008921197784, 21.168953694077693 ], [ -99.344659424122526, 21.169201980068028 ], [ -99.346068598346605, 21.172763427418953 ], [ -99.345716075223706, 21.173425974720473 ], [ -99.344834988995075, 21.173508726651249 ], [ -99.345774381010926, 21.176448972251787 ], [ -99.344893079826505, 21.177856872088601 ], [ -99.344364230695192, 21.179099153938129 ], [ -99.344716518730664, 21.180134454330204 ], [ -99.344951408801251, 21.180631403497237 ], [ -99.345538700545561, 21.181459666450408 ], [ -99.345949785304342, 21.182205092513218 ], [ -99.346360902861548, 21.182743463341062 ], [ -99.347124426641443, 21.183654554564903 ], [ -99.347946728843695, 21.184358591746079 ], [ -99.348534113504599, 21.184689913847418 ], [ -99.349650162076372, 21.18522831632561 ], [ -99.351059964986163, 21.185476848894965 ], [ -99.35223482868372, 21.185435485610803 ], [ -99.35282228569946, 21.18514563080095 ], [ -99.353644729753611, 21.184648726946058 ], [ -99.35417345960613, 21.184110401083071 ], [ -99.354760890626366, 21.184027593542837 ], [ -99.355348291992883, 21.184317481006183 ], [ -99.355818213483715, 21.184565953788187 ], [ -99.356523092862389, 21.185021482002728 ], [ -99.357051753160292, 21.185394184255571 ], [ -99.357521683459836, 21.185601241416165 ], [ -99.358402826023706, 21.185642654879278 ], [ -99.359401465461318, 21.185477009347792 ], [ -99.360165132983639, 21.18526994968671 ], [ -99.361457489259095, 21.184897235129558 ], [ -99.362221127394747, 21.185435559752424 ], [ -99.359871305706903, 21.187671776000464 ], [ -99.360106162988927, 21.190280650439938 ], [ -99.361692193871178, 21.19259962741015 ], [ -99.368565486893488, 21.196160670812255 ], [ -99.367743039938617, 21.197941377506996 ], [ -99.354406296341807, 21.209909287031746 ], [ -99.35458249783855, 21.210613271950042 ], [ -99.354758740218855, 21.210820328775121 ], [ -99.355111242283883, 21.211027388584871 ], [ -99.355404992181306, 21.211234446724077 ], [ -99.355639980622669, 21.211565735442754 ], [ -99.355430858188754, 21.211749963090483 ], [ -99.355169922967264, 21.211979834520388 ], [ -99.354464808197065, 21.212890855230999 ], [ -99.353818460070471, 21.213553410635818 ], [ -99.353264816282064, 21.214068437865603 ], [ -99.352711168652178, 21.214583463302557 ], [ -99.352349478810069, 21.214919918936683 ], [ -99.350997886514534, 21.217197453576272 ], [ -99.350351401660191, 21.2188124404238 ], [ -99.350233795034526, 21.219682058320846 ], [ -99.3502337187672, 21.22038603896009 ], [ -99.35058616306749, 21.221297088294119 ], [ -99.35134995183968, 21.22183545766514 ], [ -99.352231280866079, 21.222166774411878 ], [ -99.352818810674975, 21.222663720340297 ], [ -99.352247492832731, 21.223411383175673 ], [ -99.351996099603198, 21.223740369348693 ], [ -99.350997135047919, 21.224485722510742 ], [ -99.350585751908312, 21.225189685517545 ], [ -99.35029186951877, 21.226017884597209 ], [ -99.349469168403758, 21.22668041542175 ], [ -99.348705248771708, 21.227094481885963 ], [ -99.347899202857505, 21.226996898082557 ], [ -99.34694173028339, 21.232767628381445 ], [ -99.345942876793771, 21.232063581726777 ], [ -99.34653060058335, 21.231235410096097 ], [ -99.345120568579659, 21.229578886701876 ], [ -99.346002116174887, 21.228543685533364 ], [ -99.345868954491038, 21.22824641122396 ], [ -99.345757653300595, 21.227997937942682 ], [ -99.345649664764395, 21.227756859075935 ], [ -99.345120756571845, 21.228253747445667 ], [ -99.344239210566116, 21.229247533502843 ], [ -99.343848024161659, 21.230166122748418 ], [ -99.343573206518684, 21.230811446020535 ], [ -99.343357487449481, 21.231317990579271 ], [ -99.34212361025827, 21.230655311219831 ], [ -99.341124646912007, 21.230820858166261 ], [ -99.339949580899443, 21.229951115386697 ], [ -99.339185609808396, 21.230406549806059 ], [ -99.341300583408952, 21.232891405526424 ], [ -99.342652150430339, 21.232601657469932 ], [ -99.3420644330279, 21.233222762867783 ], [ -99.341594276085075, 21.233595413951882 ], [ -99.340889081953577, 21.233885219299026 ], [ -99.34018388502983, 21.234175021725861 ], [ -99.339537492203164, 21.234216363989745 ], [ -99.338362160451027, 21.234671750006864 ], [ -99.337656922982944, 21.235127184359762 ], [ -99.337069077439537, 21.236245199751046 ], [ -99.336892600808696, 21.237197621802796 ], [ -99.337362444897053, 21.238564228346849 ], [ -99.336245587008591, 21.24026192444564 ], [ -99.334776599122549, 21.239640573282202 ], [ -99.33336613253158, 21.240178714176448 ], [ -99.331368073760942, 21.240426878876168 ], [ -99.330545653140732, 21.239225841492956 ], [ -99.330017055313533, 21.238066258726086 ], [ -99.328137287608627, 21.235415660362452 ], [ -99.323965911496572, 21.232640364499233 ], [ -99.322966563773264, 21.234006713499021 ], [ -99.320381378306166, 21.232846662709164 ], [ -99.320734266307852, 21.2318114735268 ], [ -99.320264353760123, 21.231231620289343 ], [ -99.320676152060059, 21.22969951589473 ], [ -99.319736279912618, 21.228746860710071 ], [ -99.320676990259955, 21.22696641015758 ], [ -99.320912420376047, 21.225682729948286 ], [ -99.322557856282955, 21.225061921318712 ], [ -99.325731373201194, 21.223074841412188 ], [ -99.324733357007631, 21.219968844820343 ], [ -99.325497411293782, 21.219182189613061 ], [ -99.325497707516831, 21.21810551079848 ], [ -99.323382922156767, 21.216614304347015 ], [ -99.322854426692075, 21.215578926528508 ], [ -99.32185576498587, 21.214998965147139 ], [ -99.321386166012559, 21.213549487280389 ], [ -99.319271118458857, 21.213217728871633 ], [ -99.315097229866012, 21.220008085945402 ], [ -99.307045905989, 21.224105518098625 ], [ -99.30517281791083, 21.227205023485723 ], [ -99.304693952439706, 21.2279974054285 ], [ -99.303577686418848, 21.227582942919021 ], [ -99.300815643414339, 21.228327426690228 ], [ -99.299523161118884, 21.22778864537236 ], [ -99.29846559486748, 21.227539812217064 ], [ -99.295645179151975, 21.22741456465732 ], [ -99.296936871509402, 21.229609806675793 ], [ -99.298815786030517, 21.232757691149189 ], [ -99.298579852375795, 21.234703913707907 ], [ -99.297430564482724, 21.23754994541866 ], [ -99.296991427110214, 21.238637369819795 ], [ -99.294816373014939, 21.240251592554401 ], [ -99.296049831264241, 21.241535779433093 ], [ -99.296515420246166, 21.251226050407865 ], [ -99.300099721763729, 21.252635269192652 ], [ -99.299980417564768, 21.256610649968987 ], [ -99.300884133860237, 21.256910651712811 ], [ -99.30141885776797, 21.257088158206681 ], [ -99.302977337866096, 21.257605497763326 ], [ -99.302651921950911, 21.258282466365969 ], [ -99.302555710747484, 21.258482614973683 ], [ -99.300330178559605, 21.263112234733601 ], [ -99.299682135326506, 21.266549093675252 ], [ -99.298271451678161, 21.26671424881912 ], [ -99.294922161154076, 21.264808157163959 ], [ -99.292865311660307, 21.264269046484237 ], [ -99.292629601795781, 21.265511274728247 ], [ -99.295391514733623, 21.266588985780885 ], [ -99.296389903307258, 21.268287182993756 ], [ -99.295801557849501, 21.269529287320168 ], [ -99.2911565675264, 21.2727989691099 ], [ -99.287455023692459, 21.270022970046949 ], [ -99.286646159143658, 21.268403191173967 ], [ -99.283814886189987, 21.262733153884668 ], [ -99.284983809933252, 21.274784149392158 ], [ -99.289036099762924, 21.281452934247888 ], [ -99.286643238252438, 21.283137056168624 ], [ -99.285213857199039, 21.284143035636287 ], [ -99.278163772873725, 21.277679836438701 ], [ -99.269754426003175, 21.283597408122109 ], [ -99.270694359520959, 21.284508924881408 ], [ -99.27034099971236, 21.285544008312158 ], [ -99.27075039161646, 21.28881565357667 ], [ -99.268927781298601, 21.289270228324185 ], [ -99.268867945217664, 21.29088520916466 ], [ -99.269278367491268, 21.292541845262782 ], [ -99.269571172747717, 21.294281240161691 ], [ -99.267335287547681, 21.297303037279836 ], [ -99.267452152231797, 21.298379773117031 ], [ -99.266922701793746, 21.298917828542418 ], [ -99.26580558420666, 21.299124281900795 ], [ -99.263747620131127, 21.299661495456331 ], [ -99.264099843237759, 21.300407079076489 ], [ -99.263922966719633, 21.301152371253973 ], [ -99.262274479811794, 21.304588528638888 ], [ -99.263095808102506, 21.307115027757209 ], [ -99.263447818741128, 21.308191895762725 ], [ -99.263976296844262, 21.30914462850685 ], [ -99.264268799020726, 21.309520808912247 ], [ -99.264724475833944, 21.310106839604039 ], [ -99.264974900312652, 21.310428899595436 ], [ -99.265209011018342, 21.3120026247529 ], [ -99.263739313636506, 21.311794768853012 ], [ -99.262622667132433, 21.311172992547377 ], [ -99.263209830534223, 21.312291401922185 ], [ -99.262974142017555, 21.313036659651829 ], [ -99.260505174766436, 21.312496933608774 ], [ -99.260126344868681, 21.312935829292986 ], [ -99.259504854157655, 21.313655853656357 ], [ -99.260444421308705, 21.315271400772122 ], [ -99.258797926978289, 21.315601737261176 ], [ -99.258385825099126, 21.316346886127477 ], [ -99.258032694202541, 21.316843605648241 ], [ -99.257385431894733, 21.317547203924221 ], [ -99.256561866166606, 21.318126463810241 ], [ -99.255091627252014, 21.318581100224907 ], [ -99.254033109128414, 21.318828922461087 ], [ -99.255791473244201, 21.326325273633636 ], [ -99.257084123044081, 21.327609763812532 ], [ -99.254319820746389, 21.328560551199157 ], [ -99.253261073816631, 21.329015421026082 ], [ -99.252319858467573, 21.329553177718324 ], [ -99.251789799140496, 21.330670930816662 ], [ -99.250377933605506, 21.331498256812253 ], [ -99.248907834207913, 21.331580146337043 ], [ -99.246672686006576, 21.332448324689281 ], [ -99.245850126976279, 21.331619578525963 ], [ -99.24314607757691, 21.330623932173715 ], [ -99.241379800486797, 21.333314414301149 ], [ -99.238083476591058, 21.337287533866089 ], [ -99.237552854599102, 21.338902167077642 ], [ -99.238669855416106, 21.339234234080191 ], [ -99.240726243046382, 21.341347587916456 ], [ -99.241489953765452, 21.34225913863682 ], [ -99.245777180061253, 21.349218945395041 ], [ -99.245069839191302, 21.351247587133702 ], [ -99.24495161791296, 21.351992895171179 ], [ -99.24471594348833, 21.352531073784103 ], [ -99.244480200133722, 21.353152072661338 ], [ -99.244479561498352, 21.353938868444711 ], [ -99.244537666377838, 21.354808523709149 ], [ -99.244478418774534, 21.35534681861013 ], [ -99.244123969214428, 21.357292868146807 ], [ -99.244885675130547, 21.360813247965119 ], [ -99.242823879895838, 21.364870082994447 ], [ -99.235524754955591, 21.371863358205569 ], [ -99.236461287939463, 21.37712312624426 ], [ -99.235105433668807, 21.380559208659673 ], [ -99.232339072534955, 21.382544893966305 ], [ -99.232630785704387, 21.385236771219667 ], [ -99.231454067625279, 21.385525778227233 ], [ -99.230747256932673, 21.386560510161615 ], [ -99.229746392476599, 21.387512198949821 ], [ -99.227275523981021, 21.387800203615214 ], [ -99.225745170904844, 21.388792874166132 ], [ -99.224274836976676, 21.388501861276243 ], [ -99.221332985387377, 21.389162102234106 ], [ -99.219976305009837, 21.392970753092225 ], [ -99.220034686838176, 21.393426312323488 ], [ -99.220093069041781, 21.393881871506501 ], [ -99.22009274614129, 21.394213152799598 ], [ -99.219739463353207, 21.394544149487672 ], [ -99.219327514497166, 21.394709457166833 ], [ -99.219033136957677, 21.394957679680331 ], [ -99.217497395135211, 21.401250773837454 ], [ -99.217551380135717, 21.406137216186242 ], [ -99.217885895722759, 21.407693686707201 ], [ -99.218107721911196, 21.408725804603524 ], [ -99.218664083706585, 21.411314390207895 ], [ -99.223188770084889, 21.417074008329344 ], [ -99.224653380689134, 21.423742170448868 ], [ -99.224123365976524, 21.424238678662135 ], [ -99.223946536807929, 21.424569821039007 ], [ -99.223534469642715, 21.424776549156153 ], [ -99.223357677869572, 21.425066280906183 ], [ -99.222886611547779, 21.425438601313097 ], [ -99.224113385501624, 21.434798222944661 ], [ -99.225527172419305, 21.438142662727017 ], [ -99.226109643469826, 21.439520501450648 ], [ -99.227928008674908, 21.445857604916494 ], [ -99.224099032210631, 21.449995661364007 ], [ -99.216801568084932, 21.450196876226002 ], [ -99.211800683650296, 21.448950395802758 ], [ -99.206740286965982, 21.448407681889194 ], [ -99.202797047029534, 21.448776848895122 ], [ -99.199204618028844, 21.451175337095528 ], [ -99.195317016800971, 21.454277437833813 ], [ -99.192669696573105, 21.45344670396139 ], [ -99.190971224557245, 21.446446767273272 ], [ -99.186852989428033, 21.445531677172806 ], [ -99.1837340896179, 21.445528527477478 ], [ -99.17885366498858, 21.442417728613535 ], [ -99.176858882309062, 21.437694876918027 ], [ -99.169447695468875, 21.435285065772938 ], [ -99.1693910349736, 21.433628598486557 ], [ -99.164512483666769, 21.429647760640215 ], [ -99.156627983898304, 21.429514396923768 ], [ -99.15739216097306, 21.430053630522192 ], [ -99.135158436052464, 21.462698568230721 ], [ -99.125752265175507, 21.456184612395216 ], [ -99.124987597324449, 21.455935106109486 ], [ -99.081887557756772, 21.437398599715781 ], [ -99.098351839556514, 21.435069058188823 ], [ -99.099416809090727, 21.407465841421686 ], [ -99.099652862072347, 21.406888473856068 ], [ -99.099947895396738, 21.406476233127496 ], [ -99.100301878022151, 21.406559219465183 ], [ -99.100655849518688, 21.406765992741693 ], [ -99.101068820625173, 21.406972841807516 ], [ -99.101540787996569, 21.407221028784846 ], [ -99.102071772989703, 21.407262977821127 ], [ -99.102307737521016, 21.407634645398893 ], [ -99.102779696121829, 21.408047879069084 ], [ -99.103723686809346, 21.407966566206404 ], [ -99.104018482149272, 21.410814059614019 ], [ -99.116467389357837, 21.402205653916894 ], [ -99.125315557940809, 21.384225595968502 ], [ -99.113104866871765, 21.370553114677424 ], [ -99.117174698536445, 21.366968200943919 ], [ -99.11906208609409, 21.365196162580268 ], [ -99.120595531297653, 21.363176108223453 ], [ -99.122482893421861, 21.362600650960559 ], [ -99.124547140514707, 21.361406436366025 ], [ -99.126139531507349, 21.360417968414563 ], [ -99.127024160694063, 21.359593727949083 ], [ -99.127436956675595, 21.358892732936258 ], [ -99.128321492589293, 21.357243230178515 ], [ -99.129264994981142, 21.355676314820176 ], [ -99.13003159268041, 21.354563085331133 ], [ -99.13085713777329, 21.353284867278909 ], [ -99.131269856033782, 21.352212497381291 ], [ -99.131505644441845, 21.351181191437774 ], [ -99.131564521124304, 21.35031473859204 ], [ -99.131859294432715, 21.349407286272385 ], [ -99.133097697477879, 21.348748459010203 ], [ -99.134866852911458, 21.348007680734625 ], [ -99.135633556569815, 21.348214834960629 ], [ -99.137166869433756, 21.347968928028351 ] ] ] ] } },
{ "type": "Feature", "properties": { "CVE_PAIS": "MX", "NOM_PAIS": "MEXICO", "CVE_ENT": "22", "NOM_ENT": "QUERETARO", "CU_MUN": "22012", "NOM_MUN": "PEDRO ESCOBEDO" }, "geometry": { "type": "MultiPolygon", "coordinates": [ [ [ [ -100.276345499450983, 20.397409400388291 ], [ -100.277799526090575, 20.397482640226226 ], [ -100.278442894727547, 20.399931487733735 ], [ -100.279731080390732, 20.403086655456953 ], [ -100.280083158659068, 20.403004234158253 ], [ -100.280493676413684, 20.403212323686056 ], [ -100.280785749355005, 20.404830834393632 ], [ -100.281137603449281, 20.405038829778366 ], [ -100.28113682405457, 20.406034551924964 ], [ -100.280138421625139, 20.407319124303651 ], [ -100.280196732360096, 20.407775589424304 ], [ -100.28060683982666, 20.408523027319841 ], [ -100.281251409125815, 20.409561251044344 ], [ -100.281016367458378, 20.410017255274102 ], [ -100.280664339138482, 20.410016702401549 ], [ -100.280311593193204, 20.410928893871695 ], [ -100.279489696302363, 20.411549925957566 ], [ -100.278139477117506, 20.412502025638059 ], [ -100.279312070565268, 20.413582580541856 ], [ -100.279395293368552, 20.413862985246318 ], [ -100.279546139054816, 20.414371230452435 ], [ -100.279897687484848, 20.41499411102491 ], [ -100.280249336512938, 20.415492525526702 ], [ -100.280718400011921, 20.415908146579788 ], [ -100.278898990716257, 20.416569097470404 ], [ -100.278370462984796, 20.417149100397733 ], [ -100.278511449153982, 20.417459935769539 ], [ -100.286337126449979, 20.434711074542836 ], [ -100.291370748370156, 20.4407965181219 ], [ -100.292530293049353, 20.442198267236186 ], [ -100.292569590744208, 20.44224577278003 ], [ -100.293491867936154, 20.443360668395233 ], [ -100.293581393999091, 20.443468890882521 ], [ -100.293724738050329, 20.443642170154515 ], [ -100.293997726149442, 20.444104954826887 ], [ -100.29441559134419, 20.444813336638045 ], [ -100.295704661865159, 20.44699857025579 ], [ -100.295739311976959, 20.44705707218683 ], [ -100.296095750244291, 20.447661250962721 ], [ -100.29700734051859, 20.449206410724383 ], [ -100.299003228493774, 20.448338072431831 ], [ -100.299061077954107, 20.44962428461605 ], [ -100.298737916352692, 20.449741280299815 ], [ -100.297006570242061, 20.450368074498734 ], [ -100.292302605290857, 20.450361127783012 ], [ -100.29208842084573, 20.450360808451041 ], [ -100.288668318542321, 20.447904871584761 ], [ -100.283395202173452, 20.446491271732214 ], [ -100.27282768696297, 20.450331013715843 ], [ -100.261764127152404, 20.45634261647476 ], [ -100.259734051987706, 20.457445573326979 ], [ -100.26049519747076, 20.459479784529016 ], [ -100.262314860909342, 20.459192394366543 ], [ -100.263493833480325, 20.460541989918024 ], [ -100.263839288487532, 20.460937433504604 ], [ -100.262157605441786, 20.461342649698253 ], [ -100.259906128287824, 20.461885134307721 ], [ -100.256502593595513, 20.461257079830244 ], [ -100.256209902922848, 20.460426812666949 ], [ -100.255798950680486, 20.460550581655799 ], [ -100.255564686649279, 20.460010832351557 ], [ -100.254273293508049, 20.460216077590854 ], [ -100.252924028323974, 20.459549953036667 ], [ -100.250812115958183, 20.458550593412863 ], [ -100.247818417791933, 20.459043264958275 ], [ -100.250277244288043, 20.465478275495812 ], [ -100.250569199863563, 20.467055347504605 ], [ -100.250802943660688, 20.468134454695232 ], [ -100.253230001715906, 20.477608919381122 ], [ -100.253303038265898, 20.47789401000739 ], [ -100.2533760751149, 20.478179100579997 ], [ -100.249198928833877, 20.488170677399243 ], [ -100.247907010261571, 20.4886663068527 ], [ -100.246849891362189, 20.489162335398508 ], [ -100.246027087652266, 20.49015662943502 ], [ -100.240495535302699, 20.503506243054449 ], [ -100.232099441781486, 20.504320954676533 ], [ -100.229570111164122, 20.508838611451818 ], [ -100.228921923089331, 20.511036326650022 ], [ -100.220164431183591, 20.519442279157079 ], [ -100.221688245254995, 20.521892978337139 ], [ -100.222096133785058, 20.52467348925083 ], [ -100.224090505180726, 20.526461220145684 ], [ -100.229341754716941, 20.525052587192032 ], [ -100.230081337761561, 20.524854181460881 ], [ -100.230219042372056, 20.525220349704618 ], [ -100.230235291504485, 20.525263557393576 ], [ -100.232612822945924, 20.531585293121317 ], [ -100.224424666042822, 20.534259738554812 ], [ -100.223328549376305, 20.534617720285826 ], [ -100.221665417045315, 20.53516086800423 ], [ -100.220663711291166, 20.535458000246731 ], [ -100.220606997769679, 20.535297079460218 ], [ -100.220055717605263, 20.535470951597421 ], [ -100.220171215563667, 20.535780472402838 ], [ -100.220189323316717, 20.535834392194356 ], [ -100.218146941516935, 20.536463953957163 ], [ -100.218082567431395, 20.536494439192644 ], [ -100.217685221324516, 20.536682607137028 ], [ -100.217612215277995, 20.536717179866841 ], [ -100.217489776400299, 20.536699596400869 ], [ -100.214416911308163, 20.536258271889515 ], [ -100.214164559839972, 20.536222026647884 ], [ -100.201976919397083, 20.534471054319742 ], [ -100.192550265878381, 20.533411463196384 ], [ -100.193905901434348, 20.52951423990546 ], [ -100.195196848818298, 20.53018068110979 ], [ -100.206422041229914, 20.522071173904468 ], [ -100.203393696894281, 20.51748956688801 ], [ -100.178589282043646, 20.524954696025866 ], [ -100.177270086329727, 20.525351602772687 ], [ -100.177225792434896, 20.525411042954065 ], [ -100.176545612578963, 20.526323803226283 ], [ -100.176463597077586, 20.526433898975547 ], [ -100.176434741875084, 20.526472621876021 ], [ -100.176386852089209, 20.526536888620409 ], [ -100.176338962264083, 20.526601155353028 ], [ -100.17536107896062, 20.527913431810177 ], [ -100.175788368385909, 20.528470534071143 ], [ -100.179232989511718, 20.53296145458425 ], [ -100.180555313594738, 20.529842238399588 ], [ -100.184566089833879, 20.532108855800566 ], [ -100.180708190081063, 20.534504070833066 ], [ -100.18226957148724, 20.537220823926436 ], [ -100.182706227024568, 20.538872380947335 ], [ -100.183052424859241, 20.540501078875437 ], [ -100.183582184714723, 20.542121698114713 ], [ -100.183808178325634, 20.542790024481199 ], [ -100.183698548110101, 20.542808825365526 ], [ -100.183807491191729, 20.543151352034094 ], [ -100.18407334746351, 20.543981411232277 ], [ -100.184096235327431, 20.54404711009289 ], [ -100.184221826990012, 20.544001293387787 ], [ -100.184239929967447, 20.544099421946438 ], [ -100.184385386193583, 20.544580710633028 ], [ -100.184452834796787, 20.544832172441204 ], [ -100.184596779794788, 20.545336436160742 ], [ -100.184939966168656, 20.546385870689747 ], [ -100.185712489438941, 20.549185147173429 ], [ -100.185870260676012, 20.549760142367148 ], [ -100.185978225485641, 20.550151730556077 ], [ -100.186202305177133, 20.551081819101302 ], [ -100.186886564937993, 20.553190173391741 ], [ -100.191116422715069, 20.552078639714651 ], [ -100.199958618282707, 20.572550463635846 ], [ -100.196608227378334, 20.57445228167494 ], [ -100.195113971307848, 20.571711019743709 ], [ -100.193619770606674, 20.568969741433044 ], [ -100.191837442166189, 20.564639472150752 ], [ -100.19086812129153, 20.56228443992778 ], [ -100.189459845426299, 20.56232317435396 ], [ -100.181408706342012, 20.562544399810825 ], [ -100.175421176382002, 20.562708679590436 ], [ -100.169250813668455, 20.565143325626902 ], [ -100.166167104099998, 20.56538363936566 ], [ -100.165860687096284, 20.565407515439126 ], [ -100.163553074996059, 20.565587307441696 ], [ -100.16126099956557, 20.566578011992895 ], [ -100.158323769573897, 20.566944913249614 ], [ -100.154974427813059, 20.567933184330933 ], [ -100.150351589212875, 20.567015377502187 ], [ -100.149582274426521, 20.566862626477651 ], [ -100.144405662854325, 20.565834688349575 ], [ -100.1411155166263, 20.566490913572693 ], [ -100.136707672809365, 20.568181700907811 ], [ -100.132361861350958, 20.568247750665542 ], [ -100.115316702912651, 20.568505758449206 ], [ -100.105988525632711, 20.568646246071335 ], [ -100.105925906347466, 20.565910065408556 ], [ -100.095247388302241, 20.56480169178699 ], [ -100.095395739148401, 20.579240684874769 ], [ -100.091989593194128, 20.578858443282797 ], [ -100.087524763623335, 20.579178690364966 ], [ -100.084412243834251, 20.578838560381456 ], [ -100.075311243466345, 20.577071640377618 ], [ -100.076104608602137, 20.562593590445161 ], [ -100.07727927076597, 20.562596756738191 ], [ -100.077751070269343, 20.559187339400562 ], [ -100.078450417453936, 20.554133336985327 ], [ -100.078790471180298, 20.55167575602664 ], [ -100.079127251523346, 20.549241767421176 ], [ -100.084706487380373, 20.549215170313389 ], [ -100.085254575800136, 20.539466351934497 ], [ -100.083710696917137, 20.538353564000676 ], [ -100.08132578801829, 20.536634522885581 ], [ -100.075558576629177, 20.533236629596924 ], [ -100.074463536822392, 20.532591420508648 ], [ -100.073851939641131, 20.532522230597589 ], [ -100.07086976629148, 20.532184825720979 ], [ -100.069886915973456, 20.53083631032947 ], [ -100.068774111581291, 20.52946405641897 ], [ -100.067838103830567, 20.527801846042152 ], [ -100.066551153141347, 20.526131664499939 ], [ -100.066472732507663, 20.525844248548481 ], [ -100.066258505293078, 20.525059087749444 ], [ -100.065616056055092, 20.523439165112123 ], [ -100.065501725479677, 20.521986667699011 ], [ -100.065333210959082, 20.518417984211197 ], [ -100.065573582062555, 20.51584621531601 ], [ -100.065282227368343, 20.514808134123989 ], [ -100.064927495474734, 20.511146852335067 ], [ -100.064880126197295, 20.510657924730378 ], [ -100.064178778138569, 20.509162299720526 ], [ -100.061900484496618, 20.503845094675899 ], [ -100.062197005274584, 20.50247672110466 ], [ -100.062775768846066, 20.501791422221423 ], [ -100.069083469175567, 20.494322133631169 ], [ -100.068321689532951, 20.493656173666643 ], [ -100.067265053295202, 20.493611757988525 ], [ -100.06732792626012, 20.491661855600086 ], [ -100.062748481581863, 20.491815068795926 ], [ -100.059990915069037, 20.491060492879164 ], [ -100.059167576360736, 20.491722031944626 ], [ -100.058227090604206, 20.492258763349856 ], [ -100.053830649469091, 20.489300421500356 ], [ -100.053303964232157, 20.488552078490464 ], [ -100.052716171006978, 20.488882330122344 ], [ -100.051895874281854, 20.488174634768086 ], [ -100.051600769078661, 20.488879140729114 ], [ -100.049371460677762, 20.488208884964134 ], [ -100.048783753330923, 20.48849763263507 ], [ -100.04807562941248, 20.49011375124412 ], [ -100.045960894718533, 20.490688520320319 ], [ -100.044696383812749, 20.490626816428382 ], [ -100.04144099692995, 20.490467921769653 ], [ -100.041117443150711, 20.490757415786849 ], [ -100.040955665804347, 20.49090216258552 ], [ -100.040793888153544, 20.491046909244186 ], [ -100.042514591633818, 20.483127088614513 ], [ -100.044982784286987, 20.481972513022615 ], [ -100.045512208030502, 20.481610814755481 ], [ -100.047099384110723, 20.48052644872234 ], [ -100.047172615494205, 20.480650786697545 ], [ -100.048151985279205, 20.482313613933503 ], [ -100.048409675453442, 20.482480897917821 ], [ -100.048494790123399, 20.482536151393372 ], [ -100.049500187589089, 20.483188814041529 ], [ -100.049607592523941, 20.483206556886703 ], [ -100.050926684882455, 20.483350959016832 ], [ -100.057364493885956, 20.484082571493172 ], [ -100.060538918133574, 20.482058463927228 ], [ -100.062123618494354, 20.482187388142584 ], [ -100.063532033149514, 20.482398787162559 ], [ -100.06505794604368, 20.482569011023919 ], [ -100.066935456353292, 20.483030635079704 ], [ -100.067408807147544, 20.481289324828822 ], [ -100.068469783295313, 20.479259203909201 ], [ -100.069416950936883, 20.475527630154446 ], [ -100.072525689114968, 20.476656452364285 ], [ -100.073469081139237, 20.474667472541054 ], [ -100.075360915176958, 20.468241544478325 ], [ -100.075304041114578, 20.467370077919956 ], [ -100.07579829611548, 20.467122138055295 ], [ -100.076126662449553, 20.466957413984726 ], [ -100.077707507951487, 20.468870304478699 ], [ -100.083977058660821, 20.474322540006085 ], [ -100.083980434947904, 20.472662914260425 ], [ -100.085396264331635, 20.469181472032542 ], [ -100.085222023282597, 20.468268206720047 ], [ -100.087159358217846, 20.468107415661589 ], [ -100.087919498622455, 20.469561618695693 ], [ -100.090852552527735, 20.470482191910481 ], [ -100.093137173827159, 20.472811696205547 ], [ -100.092811511262212, 20.459409314346999 ], [ -100.092461408187376, 20.458371120902509 ], [ -100.092993756068822, 20.456297982284767 ], [ -100.092585379651311, 20.455052180667849 ], [ -100.089712137451556, 20.453716871373398 ], [ -100.092601857436605, 20.446754050971801 ], [ -100.092955636675782, 20.445925166808539 ], [ -100.095596123053355, 20.446181057120448 ], [ -100.102005472301073, 20.439808167941642 ], [ -100.102619711083165, 20.439943432406675 ], [ -100.103530668896667, 20.440144034311334 ], [ -100.105523463185051, 20.441476865968671 ], [ -100.107282878880824, 20.442103734304542 ], [ -100.109922611519693, 20.442732823527354 ], [ -100.11197626567332, 20.442945483704086 ], [ -100.115146505614803, 20.442331114679593 ], [ -100.123888065065842, 20.443887997271048 ], [ -100.12558704597177, 20.44555178822587 ], [ -100.126747998937176, 20.444325792600953 ], [ -100.131466621290457, 20.439342536710097 ], [ -100.133403090605199, 20.439430190251073 ], [ -100.13380335024388, 20.438738629334669 ], [ -100.134050556601579, 20.438311507544132 ], [ -100.131879650168301, 20.438057332494576 ], [ -100.131176082988517, 20.437682217004106 ], [ -100.130647704346032, 20.437805408390862 ], [ -100.130178806752227, 20.437472347753022 ], [ -100.129712525466374, 20.435645635946276 ], [ -100.128424107626159, 20.434148843477349 ], [ -100.12789998109352, 20.431865588129209 ], [ -100.126902158749814, 20.431987620618383 ], [ -100.126075375179582, 20.434931421617414 ], [ -100.126248263221612, 20.436715936656789 ], [ -100.126245910069429, 20.438043626568483 ], [ -100.125479468594733, 20.440033291476126 ], [ -100.125126432481821, 20.440551056331863 ], [ -100.124773394057726, 20.441068820551873 ], [ -100.123834417762879, 20.441066511407559 ], [ -100.121487574107093, 20.440728793563427 ], [ -100.129212793313656, 20.419463127177139 ], [ -100.132668439295813, 20.4231226797286 ], [ -100.129308359982161, 20.431869020970296 ], [ -100.134404377614871, 20.437316588690113 ], [ -100.136645003651054, 20.431098402071662 ], [ -100.137290576533402, 20.431058454384267 ], [ -100.138308651071668, 20.427274699933328 ], [ -100.141567551193205, 20.414566776912618 ], [ -100.157920041058873, 20.415348131365125 ], [ -100.169630694040592, 20.399180550905339 ], [ -100.18789472475197, 20.373957469082903 ], [ -100.194880635514991, 20.369947595240827 ], [ -100.196469076220708, 20.366465739518983 ], [ -100.199697757940598, 20.360373164899404 ], [ -100.237582476021828, 20.358826029404295 ], [ -100.248656854010349, 20.358372218859863 ], [ -100.248907416374266, 20.358361492839101 ], [ -100.24915797868249, 20.35835076646061 ], [ -100.253784192549503, 20.358152657097794 ], [ -100.254603591371762, 20.359938114540508 ], [ -100.255423010026092, 20.361723566791259 ], [ -100.252957482696914, 20.363835219157551 ], [ -100.258171605280936, 20.370316531116675 ], [ -100.250659657606136, 20.374203462627772 ], [ -100.251650484377592, 20.380677489462961 ], [ -100.251354889738323, 20.383000302496711 ], [ -100.251794826883042, 20.384288285688559 ], [ -100.251806690511373, 20.384323016802448 ], [ -100.251822846031359, 20.384370312523757 ], [ -100.248068793973545, 20.384031804905376 ], [ -100.243668699027253, 20.384438862543554 ], [ -100.243434650004502, 20.383857595074016 ], [ -100.233873015102077, 20.383549751344724 ], [ -100.2302316370113, 20.387401474636608 ], [ -100.230169539833881, 20.390471576188638 ], [ -100.234214432490703, 20.393217374046397 ], [ -100.238732761858969, 20.39222990759783 ], [ -100.245714281415729, 20.391910550563079 ], [ -100.245712805689109, 20.39336266468381 ], [ -100.247118486830985, 20.395647054419214 ], [ -100.250693723589535, 20.399138415021973 ], [ -100.251338218305676, 20.400010807671261 ], [ -100.252334167696432, 20.401464653220216 ], [ -100.252373570661163, 20.401444452315754 ], [ -100.253625452617825, 20.400802636841966 ], [ -100.253159175123145, 20.397690593627313 ], [ -100.265963358487824, 20.39447856655708 ], [ -100.265983659139266, 20.394547432891422 ], [ -100.26614047928841, 20.395079414855235 ], [ -100.268920250511982, 20.394235395859056 ], [ -100.269108469159505, 20.394178245324454 ], [ -100.269191648576893, 20.39415298872672 ], [ -100.269004685193892, 20.393576576575839 ], [ -100.269557277834451, 20.393540744956258 ], [ -100.270001959350481, 20.393579611772967 ], [ -100.270097585122954, 20.393587969669277 ], [ -100.270184342320889, 20.393576105653732 ], [ -100.270647441373526, 20.393512776270029 ], [ -100.270738627434838, 20.393500306310351 ], [ -100.27080705964535, 20.393740189170778 ], [ -100.270834906840562, 20.393837804722903 ], [ -100.270864943855287, 20.393943096308295 ], [ -100.271539586314503, 20.393707310285713 ], [ -100.272695728371517, 20.397225506213992 ], [ -100.276345499450983, 20.397409400388291 ] ] ] ] } },
{ "type": "Feature", "properties": { "CVE_PAIS": "MX", "NOM_PAIS": "MEXICO", "CVE_ENT": "22", "NOM_ENT": "QUERETARO", "CU_MUN": "22013", "NOM_MUN": "PENAMILLER" }, "geometry": { "type": "MultiPolygon", "coordinates": [ [ [ [ -99.901280855631441, 21.184620018626163 ], [ -99.899802819505879, 21.181976726516069 ], [ -99.896208248251313, 21.179006952613619 ], [ -99.893195958313214, 21.174381952240786 ], [ -99.877859813476249, 21.16253231330279 ], [ -99.873911293421742, 21.163171362233598 ], [ -99.87084426292239, 21.163667679327755 ], [ -99.870314198421013, 21.16366605429538 ], [ -99.870078863656147, 21.163624020880544 ], [ -99.869549298470176, 21.16353977214537 ], [ -99.86896133740396, 21.163372719305293 ], [ -99.868491669225264, 21.163123405679158 ], [ -99.867961606399305, 21.163121773206857 ], [ -99.867077417299868, 21.163242980741817 ], [ -99.8653105390609, 21.163237517982136 ], [ -99.864959923268941, 21.162782005634064 ], [ -99.863783012560901, 21.16261310817292 ], [ -99.863430837709572, 21.162405460029088 ], [ -99.860779581911331, 21.162562440833092 ], [ -99.859601666985682, 21.162558757000635 ], [ -99.85900563794543, 21.163713612621034 ], [ -99.857531208665961, 21.164039477449961 ], [ -99.85417309931897, 21.164194136639715 ], [ -99.849819350840576, 21.163436702367314 ], [ -99.849293624109237, 21.162732727591198 ], [ -99.848528487677783, 21.162647660428142 ], [ -99.84160785204385, 21.157957173812658 ], [ -99.836668505470826, 21.156701752570829 ], [ -99.818586331384623, 21.166143442983163 ], [ -99.815581227092281, 21.166339841343383 ], [ -99.813708556693328, 21.170368106655626 ], [ -99.813386461756934, 21.170761429575624 ], [ -99.812390728648225, 21.171920765672063 ], [ -99.811394408454788, 21.172873347282348 ], [ -99.810338856780945, 21.173660613994699 ], [ -99.809283521378759, 21.174530574016124 ], [ -99.808110420328646, 21.175318006375491 ], [ -99.80664439376946, 21.176436672757948 ], [ -99.805881482433307, 21.176809971347407 ], [ -99.80506025374622, 21.177348754005372 ], [ -99.80435564799987, 21.177556558516692 ], [ -99.803122386817151, 21.177847847249918 ], [ -99.801536422792907, 21.178098298742203 ], [ -99.800802091521092, 21.178182082514873 ], [ -99.800067759308575, 21.178265863123382 ], [ -99.79620638839728, 21.183913313130802 ], [ -99.796030887951375, 21.183726794416195 ], [ -99.795855387947611, 21.18354027550134 ], [ -99.795268500532146, 21.183207722198794 ], [ -99.794856978355767, 21.183082342545038 ], [ -99.793974490550852, 21.182913995442121 ], [ -99.793387068406929, 21.182664057651362 ], [ -99.792917456964545, 21.182414532527943 ], [ -99.792272759728306, 21.181916516450251 ], [ -99.791626440124602, 21.181666364685608 ], [ -99.790864756504845, 21.181043993754461 ], [ -99.790220886496684, 21.18042203585328 ], [ -99.78975373205553, 21.179800700889125 ], [ -99.789227950209352, 21.179137844597811 ], [ -99.788584911300617, 21.178391946274406 ], [ -99.787645188127073, 21.177975488790402 ], [ -99.786763010148078, 21.177765791527023 ], [ -99.786115899332543, 21.177639551365058 ], [ -99.785645224321485, 21.177555249890112 ], [ -99.785173458060896, 21.177636191970524 ], [ -99.784643607864126, 21.177592988777803 ], [ -99.784055401846956, 21.177466950950201 ], [ -99.783703080041235, 21.177300442545139 ], [ -99.783291856599817, 21.177133722600164 ], [ -99.782820363746865, 21.177173346877311 ], [ -99.782289420672839, 21.177295381205809 ], [ -99.781935458108791, 21.177376736512546 ], [ -99.78179442996101, 21.179242778829352 ], [ -99.781618347102608, 21.179325718832047 ], [ -99.781207521655631, 21.179533028161046 ], [ -99.780679270416442, 21.179781845855022 ], [ -99.780092146286705, 21.179989391323119 ], [ -99.779798953291063, 21.180237888503939 ], [ -99.779330306679952, 21.180817423235194 ], [ -99.778626276793219, 21.181273222434132 ], [ -99.777863371359715, 21.181687747420927 ], [ -99.776454033058883, 21.182103130306864 ], [ -99.776101854131909, 21.182268999346288 ], [ -99.775632664133596, 21.182641773924573 ], [ -99.775399060398101, 21.183220986525782 ], [ -99.775165454910194, 21.183800198820819 ], [ -99.775343739909218, 21.184585616927276 ], [ -99.775345515420341, 21.185288568172243 ], [ -99.775758247275263, 21.185825573692327 ], [ -99.776111586209623, 21.186114555844469 ], [ -99.776583091194624, 21.186651481015243 ], [ -99.776760653554092, 21.187147446686932 ], [ -99.780313736407138, 21.191600140076179 ], [ -99.780946663693911, 21.192393282164275 ], [ -99.780300614546093, 21.19255955944902 ], [ -99.7795370230846, 21.1927259931111 ], [ -99.778715292109524, 21.19314060249874 ], [ -99.778012361249878, 21.19405125039475 ], [ -99.777895713981991, 21.194402883129584 ], [ -99.777779066188373, 21.194754515786496 ], [ -99.777368403394576, 21.195044516900225 ], [ -99.777019030941219, 21.19632683864296 ], [ -99.7767277954365, 21.197360981204387 ], [ -99.776377259093451, 21.198188451632493 ], [ -99.776379461405924, 21.199056801570833 ], [ -99.776205763425082, 21.200090786413568 ], [ -99.776032377678689, 21.201248820989736 ], [ -99.775917554242554, 21.202324077116295 ], [ -99.775743431028232, 21.203192661382754 ], [ -99.775686960541123, 21.204102439099071 ], [ -99.775630699017867, 21.205094916665637 ], [ -99.776103733139152, 21.206210739681762 ], [ -99.775751183265939, 21.20625255939331 ], [ -99.774928112983446, 21.206170952663946 ], [ -99.77416350621877, 21.205965214285655 ], [ -99.773281662458572, 21.205883677117157 ], [ -99.771929925348317, 21.205926801133863 ], [ -99.770872272636254, 21.206052231989986 ], [ -99.770285134363817, 21.206301096361191 ], [ -99.769463714359958, 21.206881063254873 ], [ -99.768817691246028, 21.207088648823159 ], [ -99.768112581965823, 21.207172257340311 ], [ -99.767937074101368, 21.207503284249366 ], [ -99.767790748580381, 21.207751573188744 ], [ -99.767644422580048, 21.207999862009036 ], [ -99.767528509547176, 21.208661613314554 ], [ -99.767176770177286, 21.209034215611336 ], [ -99.766942788071702, 21.209489366908993 ], [ -99.766298180447279, 21.210275843556854 ], [ -99.765359676921477, 21.211062691491406 ], [ -99.76471444359656, 21.211601062175504 ], [ -99.764480043260249, 21.211890810114276 ], [ -99.763893276907041, 21.212305053291928 ], [ -99.763188038134089, 21.212347291979651 ], [ -99.762600861534722, 21.212596130593813 ], [ -99.762190422913562, 21.213010146766567 ], [ -99.762132452723904, 21.213341020791777 ], [ -99.761428317796032, 21.213838102939651 ], [ -99.760664392354556, 21.213921754710434 ], [ -99.759724429933058, 21.21412967159478 ], [ -99.758374210531912, 21.214834290757864 ], [ -99.757080664708695, 21.214670475697798 ], [ -99.756846543278456, 21.215084263809167 ], [ -99.756142282417315, 21.215539974491598 ], [ -99.755848781156558, 21.215705732215213 ], [ -99.75573271112404, 21.216326126489687 ], [ -99.755204880745083, 21.216822969316382 ], [ -99.754500111687562, 21.217071922933176 ], [ -99.753796426746121, 21.217775724866332 ], [ -99.753208719033822, 21.217817781212922 ], [ -99.752915998222903, 21.218314334932508 ], [ -99.752210922965418, 21.21843922892111 ], [ -99.752094442615615, 21.218894220544588 ], [ -99.752035661522157, 21.218894290680598 ], [ -99.75186049730317, 21.219390702382597 ], [ -99.75144961710609, 21.21963929309511 ], [ -99.75097965996143, 21.219763902253582 ], [ -99.750275456365998, 21.220260939533912 ], [ -99.749336608405073, 21.220965001641787 ], [ -99.749220507630483, 21.221585391986448 ], [ -99.748986938571917, 21.222247270610218 ], [ -99.748518139253775, 21.222868074747563 ], [ -99.747873278733238, 21.223613134331305 ], [ -99.747698678289481, 21.224357642795805 ], [ -99.747617727136671, 21.224486339181073 ], [ -99.747464418804185, 21.224730068394571 ], [ -99.746995508516491, 21.225309518411049 ], [ -99.746761827222045, 21.225930044002553 ], [ -99.746351113909896, 21.22626132316454 ], [ -99.746117138327577, 21.226757797524211 ], [ -99.746118395877218, 21.227295349217705 ], [ -99.745825246657006, 21.227626490824861 ], [ -99.745532579044578, 21.228164382600234 ], [ -99.74565140477408, 21.228701798277772 ], [ -99.745887415195327, 21.229073677153995 ], [ -99.745299659672156, 21.229115707295048 ], [ -99.744947044737472, 21.229157464453731 ], [ -99.744535644312876, 21.229199288525784 ], [ -99.744065554518656, 21.22928252921988 ], [ -99.74371341919705, 21.229531034519002 ], [ -99.743361474673378, 21.229862239392116 ], [ -99.742891765483648, 21.230110877465489 ], [ -99.742481031951073, 21.230442147639696 ], [ -99.741894129998727, 21.230856317441759 ], [ -99.74136591541405, 21.231229068583151 ], [ -99.741190415723068, 21.231601419519965 ], [ -99.740956510149971, 21.232139237316932 ], [ -99.740721935936421, 21.23238760375105 ], [ -99.740428669466326, 21.232677386280837 ], [ -99.740018303695251, 21.233174051344449 ], [ -99.739431384024286, 21.233588212964289 ], [ -99.738844271493676, 21.233919672297887 ], [ -99.738492210990557, 21.2342095173045 ], [ -99.738316700707259, 21.234581865435306 ], [ -99.70262093089255, 21.230652595715341 ], [ -99.683714055437392, 21.221572670322654 ], [ -99.685052810981148, 21.211936704251116 ], [ -99.68507674379606, 21.210926492599 ], [ -99.685106352826381, 21.209676679288219 ], [ -99.686058435060559, 21.201540982913482 ], [ -99.686130984305734, 21.200920349365141 ], [ -99.686223382739357, 21.200129906301139 ], [ -99.686248625775747, 21.199914333963218 ], [ -99.686478274326575, 21.197953139064076 ], [ -99.686615603273196, 21.197883854762193 ], [ -99.688088294554689, 21.197123472332219 ], [ -99.68940882079265, 21.19644296785334 ], [ -99.690635400417591, 21.195810862032722 ], [ -99.691647356461999, 21.195289300447762 ], [ -99.692822458390864, 21.194731771558576 ], [ -99.693288677470278, 21.194507940862152 ], [ -99.694283700624453, 21.194030226062619 ], [ -99.696455870927679, 21.192900852512327 ], [ -99.697239773805464, 21.192493267992823 ], [ -99.713692458937686, 21.183937474357123 ], [ -99.714000694226229, 21.183777160130266 ], [ -99.716219978188192, 21.182622876435019 ], [ -99.714863282855049, 21.174561474859168 ], [ -99.712000821651401, 21.16923501841077 ], [ -99.711258902549858, 21.167854385276161 ], [ -99.71545128919594, 21.166383866566616 ], [ -99.715393559945085, 21.166218385072792 ], [ -99.715455674948643, 21.165764190541463 ], [ -99.715634417104269, 21.165475711951899 ], [ -99.715696238809812, 21.165062829060702 ], [ -99.715229146608706, 21.164482588200084 ], [ -99.714878683589845, 21.164068062488749 ], [ -99.714410719678384, 21.163611754384632 ], [ -99.713883861056885, 21.163155209762113 ], [ -99.713592595284609, 21.162699604486807 ], [ -99.713183536867447, 21.162243527911155 ], [ -99.713067500851096, 21.161995186493467 ], [ -99.712835136870126, 21.161539815137655 ], [ -99.712662550701495, 21.160960743656691 ], [ -99.71260599966368, 21.16063001384601 ], [ -99.712489672696549, 21.16042298370278 ], [ -99.712138640353942, 21.160091075200828 ], [ -99.711904815269918, 21.159842261238701 ], [ -99.711788783358912, 21.159593918760802 ], [ -99.711673338805852, 21.159262952603953 ], [ -99.711263708707207, 21.158889494361546 ], [ -99.710144686140595, 21.158885004978256 ], [ -99.709612564385708, 21.159172058475683 ], [ -99.709020661732808, 21.15958280891244 ], [ -99.708429344535674, 21.15991093373594 ], [ -99.707719937144077, 21.16027989379036 ], [ -99.706891553667418, 21.160813623063856 ], [ -99.706242292423482, 21.161017407556294 ], [ -99.705782844725405, 21.159363191375984 ], [ -99.705960565932486, 21.159219313869091 ], [ -99.706138286794527, 21.159075436182793 ], [ -99.694573092219315, 21.137545481759794 ], [ -99.701776865685588, 21.118446933850294 ], [ -99.693981704785955, 21.117339138833184 ], [ -99.688306838157132, 21.116532428552922 ], [ -99.688643984844205, 21.102074077136962 ], [ -99.688734527440985, 21.098191044662865 ], [ -99.689529929504303, 21.094656422112266 ], [ -99.689951262257338, 21.092784030780702 ], [ -99.68932370590089, 21.092481487855363 ], [ -99.690964033659938, 21.085327224875197 ], [ -99.692037445992185, 21.080645198174686 ], [ -99.680699814992181, 21.076598183167388 ], [ -99.680579814992228, 21.076637321167414 ], [ -99.680075676992232, 21.07680172116768 ], [ -99.679946968992184, 21.076845321167767 ], [ -99.67969504599219, 21.076667152167612 ], [ -99.679547861992233, 21.07632679816691 ], [ -99.679622568992187, 21.076213598166692 ], [ -99.679397030992192, 21.076133075166631 ], [ -99.679393230992176, 21.076151290166695 ], [ -99.678856430992198, 21.076382306166977 ], [ -99.678508153992226, 21.076615721167375 ], [ -99.678370122992206, 21.076609506167394 ], [ -99.678329230992205, 21.076606736167374 ], [ -99.678837968992212, 21.075961906166317 ], [ -99.678851691992193, 21.075938398166123 ], [ -99.676437014992203, 21.075076306164728 ], [ -99.679097661992202, 21.073246952161433 ], [ -99.6801106769922, 21.072550413160151 ], [ -99.680851937992202, 21.072040721159315 ], [ -99.68093763099219, 21.071981798159101 ], [ -99.681226537992231, 21.071783152158776 ], [ -99.681426707992173, 21.07165152115854 ], [ -99.684401261992079, 21.0696955981551 ], [ -99.684265230992125, 21.069601798154913 ], [ -99.685041291992007, 21.069211044154212 ], [ -99.685066676992037, 21.069258044154374 ], [ -99.68530423099206, 21.069101829154068 ], [ -99.686966861990072, 21.060018705672267 ], [ -99.687931853072911, 21.054746398777329 ], [ -99.68886104684303, 21.049669343024149 ], [ -99.692776768868072, 21.026972985202118 ], [ -99.693583092144721, 21.022152763227837 ], [ -99.657566878440761, 21.014769790967939 ], [ -99.667229143586383, 21.003879670688626 ], [ -99.673639662296836, 20.994976415480277 ], [ -99.674223756966825, 20.994165131697358 ], [ -99.681029727848028, 20.984711135108796 ], [ -99.686822003992631, 20.989073475265243 ], [ -99.687238631237733, 20.988414195788533 ], [ -99.692286526991623, 20.990005185524179 ], [ -99.692532090326452, 20.988944701971501 ], [ -99.694169247317703, 20.981874149750091 ], [ -99.698986314011279, 20.966525259166211 ], [ -99.704460760622965, 20.965969343421087 ], [ -99.711874741143561, 20.965627683044175 ], [ -99.719692242925532, 20.94983592690792 ], [ -99.720631506192902, 20.950087569088179 ], [ -99.721102015974466, 20.950089450010498 ], [ -99.721807780588804, 20.950092268959633 ], [ -99.723398084430357, 20.949768099178009 ], [ -99.723573066815518, 20.949975365406154 ], [ -99.723925074013394, 20.950100708280509 ], [ -99.724395583577845, 20.950102580114947 ], [ -99.725043699224827, 20.949939900942045 ], [ -99.7253986191199, 20.949652113699681 ], [ -99.725812933153847, 20.949281933767196 ], [ -99.726401357613156, 20.949242954239104 ], [ -99.728871517372966, 20.949252731431883 ], [ -99.728983050192682, 20.950120762463129 ], [ -99.729097195753781, 20.950616979203026 ], [ -99.729211342119399, 20.9511131958158 ], [ -99.729384593581685, 20.951568331800519 ], [ -99.729499321762219, 20.951981922779698 ], [ -99.729614340598417, 20.952354200977009 ], [ -99.729434706620964, 20.9528079439986 ], [ -99.729197417113426, 20.953096203982362 ], [ -99.729194226036839, 20.953550643290761 ], [ -99.729130479156112, 20.954252726331898 ], [ -99.729302864132748, 20.954831800104195 ], [ -99.729889859461679, 20.954999371214068 ], [ -99.730476276571778, 20.955249565556393 ], [ -99.730826274090859, 20.955664082081466 ], [ -99.730763692862681, 20.956200914801194 ], [ -99.730583768492551, 20.956695971503024 ], [ -99.730404132724743, 20.957149715382862 ], [ -99.730223046992634, 20.957810022266578 ], [ -99.730277517156168, 20.958429943577023 ], [ -99.730272591199224, 20.959132258314344 ], [ -99.730676490949179, 20.96024932105658 ], [ -99.732199385519507, 20.96116421361759 ], [ -99.734142686765182, 20.96084132741219 ], [ -99.734848211778939, 20.960885403493634 ], [ -99.735317024039617, 20.961135119725409 ], [ -99.735726155099883, 20.961508542517613 ], [ -99.736135288189686, 20.961881964251635 ], [ -99.736485316953861, 20.962296467925132 ], [ -99.736305981148206, 20.962708904824876 ], [ -99.736010159680262, 20.962955631802821 ], [ -99.735714625474245, 20.963161045713104 ], [ -99.735360848347767, 20.963283604022038 ], [ -99.735182661849635, 20.963530789508443 ], [ -99.735181219954143, 20.96373735239429 ], [ -99.735296551024959, 20.964068312996197 ], [ -99.735590069719606, 20.964152087772153 ], [ -99.73605831724241, 20.964484426666857 ], [ -99.736937150535525, 20.964983620750566 ], [ -99.738932699368561, 20.965611096801055 ], [ -99.739353053374174, 20.964373320918511 ], [ -99.739593498838119, 20.963630609205044 ], [ -99.73995100496694, 20.96297097906773 ], [ -99.740191732454591, 20.962186953992553 ], [ -99.740253707697875, 20.961732744215738 ], [ -99.740201491039798, 20.960782327122079 ], [ -99.740148414117357, 20.959955847576254 ], [ -99.740212110972081, 20.959253762331162 ], [ -99.740040539985841, 20.958550763567853 ], [ -99.739929797104637, 20.957558804965196 ], [ -99.739639735655729, 20.956979286339969 ], [ -99.73935053836243, 20.956275829360855 ], [ -99.73906220598596, 20.955448433981157 ], [ -99.739008850785424, 20.954663265920946 ], [ -99.739129355069139, 20.954250597538007 ], [ -99.739192193121426, 20.953672449934697 ], [ -99.73890128016491, 20.953216867294529 ], [ -99.739080598325032, 20.952804427756302 ], [ -99.739553987728954, 20.952393131511986 ], [ -99.739794702238711, 20.951609106474116 ], [ -99.74003512722696, 20.950866393706232 ], [ -99.740278707838058, 20.949669241900999 ], [ -99.740752945148344, 20.949134004742863 ], [ -99.741111561263892, 20.948309121793795 ], [ -99.741115290501085, 20.947772057825876 ], [ -99.741061356563151, 20.947069536692382 ], [ -99.749696236870122, 20.948631404028646 ], [ -99.768535300459675, 20.951352304320775 ], [ -99.789159477314584, 20.95432851396572 ], [ -99.79392763379991, 20.966050283726311 ], [ -99.808528168292341, 21.001944087961888 ], [ -99.811439243366124, 21.009031302692872 ], [ -99.817552082651986, 21.023132594471981 ], [ -99.817466038375613, 21.027512219735449 ], [ -99.832270358807577, 21.002680624790703 ], [ -99.833219772898985, 21.001363767898471 ], [ -99.83375658707493, 21.000168508847391 ], [ -99.842392548056466, 21.011994462382255 ], [ -99.848845257424856, 21.015254044711895 ], [ -99.852877678160525, 21.019863419351978 ], [ -99.857199643290727, 21.025300733421247 ], [ -99.860217723899808, 21.03429515495484 ], [ -99.860258474761423, 21.034416591541884 ], [ -99.865149566704233, 21.03427036143546 ], [ -99.866329149024779, 21.033822350855807 ], [ -99.867015885803454, 21.033528383545995 ], [ -99.867568054563321, 21.033292017149076 ], [ -99.868747863832539, 21.032802670243999 ], [ -99.869869304777438, 21.032230351309469 ], [ -99.870815655156562, 21.031409134033712 ], [ -99.871641890860062, 21.031000464808866 ], [ -99.872292073187637, 21.030508182011328 ], [ -99.8725354151955, 21.029145915085724 ], [ -99.877097122901276, 21.03052042791969 ], [ -99.877560468136537, 21.030660032619572 ], [ -99.878820862963153, 21.031039778462592 ], [ -99.883152187944305, 21.035071506175665 ], [ -99.882916805809757, 21.03507022823382 ], [ -99.882093206992323, 21.035024432978485 ], [ -99.881677944588063, 21.035600672301403 ], [ -99.881674123288207, 21.036261790547655 ], [ -99.881788949791158, 21.036758269027082 ], [ -99.882081748578898, 21.037007787533668 ], [ -99.882138207971323, 21.037421306116268 ], [ -99.882076258354047, 21.037958144765998 ], [ -99.881661943448819, 21.038369104625861 ], [ -99.881013433165009, 21.038572183748123 ], [ -99.880365399367918, 21.038692620677288 ], [ -99.880362290227495, 21.039229779207041 ], [ -99.880418267693656, 21.039725938157741 ], [ -99.880122056293644, 21.040054885881403 ], [ -99.879298966263221, 21.039926454393129 ], [ -99.878942052244497, 21.040585641372456 ], [ -99.878644458808637, 21.041162515476234 ], [ -99.878817648798517, 21.041741956578324 ], [ -99.879049928135913, 21.042280398310776 ], [ -99.878820351265901, 21.04261114078961 ], [ -99.8782784267474, 21.043391863555598 ], [ -99.879103029128999, 21.043272396167101 ], [ -99.880634293047635, 21.043074129014144 ], [ -99.881811744515474, 21.042997889335521 ], [ -99.883165025252595, 21.043046559157915 ], [ -99.885046755275127, 21.043304686224705 ], [ -99.885634529692709, 21.043431831410871 ], [ -99.886631160780311, 21.044098359419156 ], [ -99.887394141094177, 21.044474554617143 ], [ -99.889510977566545, 21.0447750390822 ], [ -99.890275072537264, 21.044944438855079 ], [ -99.890860967489573, 21.045402123700693 ], [ -99.891210286773088, 21.046065139340261 ], [ -99.891674949591987, 21.047141984342598 ], [ -99.891848905047596, 21.047597450481877 ], [ -99.892259914301562, 21.047764942768612 ], [ -99.893141257109136, 21.048017600591336 ], [ -99.893963752132279, 21.048269938223338 ], [ -99.894727399102649, 21.048521956530152 ], [ -99.895254470628217, 21.048979309799151 ], [ -99.895662434256678, 21.04968394976267 ], [ -99.895834526647931, 21.050469968770344 ], [ -99.895889152287296, 21.051214038196893 ], [ -99.896296890714126, 21.051959995819665 ], [ -99.897060560260144, 21.052212002716757 ], [ -99.897763974666873, 21.052711610007233 ], [ -99.898466691622943, 21.053335173187211 ], [ -99.899110093960843, 21.054041058878372 ], [ -99.899813056411318, 21.054623296319303 ], [ -99.90063396419751, 21.055164837229263 ], [ -99.901632137520153, 21.055583353391448 ], [ -99.902336951108452, 21.055835012275612 ], [ -99.903103006249722, 21.055673805120165 ], [ -99.903047644064984, 21.055053698604681 ], [ -99.902932265604463, 21.054639877811425 ], [ -99.902582175175084, 21.054100848397951 ], [ -99.902291871784826, 21.053396852172224 ], [ -99.902176729867833, 21.052941711028229 ], [ -99.902121372981625, 21.052321603838948 ], [ -99.902183720343274, 21.051702121848976 ], [ -99.908788915359139, 21.049257861466238 ], [ -99.90831286818144, 21.050205698969346 ], [ -99.907897206640058, 21.050864638430614 ], [ -99.90747968904715, 21.051854133730462 ], [ -99.908120580754741, 21.053014499546205 ], [ -99.909235273815568, 21.053640170479039 ], [ -99.90953048964252, 21.053476464792244 ], [ -99.910412819921135, 21.05356374953654 ], [ -99.911116283160013, 21.054063299617816 ], [ -99.911407550635118, 21.054602000962777 ], [ -99.911517192115255, 21.056048803737134 ], [ -99.91162775772014, 21.057330327985994 ], [ -99.911797180111847, 21.058612161101678 ], [ -99.91190845586064, 21.058747578335669 ], [ -99.912206399000169, 21.059110159181092 ], [ -99.912909643477832, 21.059651195926318 ], [ -99.913380455125349, 21.059653489253819 ], [ -99.914086072436234, 21.059781150039083 ], [ -99.914614159727677, 21.060073161086997 ], [ -99.915082705824503, 21.060488820860758 ], [ -99.915667131471054, 21.061235650741796 ], [ -99.916134309730296, 21.061899224155024 ], [ -99.916424695405141, 21.062603193056532 ], [ -99.916832567525432, 21.063349095555353 ], [ -99.916946618800779, 21.064010821581242 ], [ -99.917236326545691, 21.064838746979412 ], [ -99.917527180903548, 21.065460074469812 ], [ -99.918347753504491, 21.066084163445371 ], [ -99.919345818041336, 21.066543889927168 ], [ -99.920520233635671, 21.067045847924078 ], [ -99.921577396187288, 21.067464547383977 ], [ -99.922574797560713, 21.068048212265101 ], [ -99.922514810175372, 21.067939639309103 ], [ -99.922307736437602, 21.067564848938694 ], [ -99.922103276957344, 21.067194788014181 ], [ -99.921933726802408, 21.066887909481281 ], [ -99.922037103955986, 21.065054710442698 ], [ -99.922064176000347, 21.064574634003208 ], [ -99.921191798165637, 21.062669355220983 ], [ -99.921007068168848, 21.061916998121536 ], [ -99.920846406702793, 21.061262658950941 ], [ -99.921686993631525, 21.058250622434045 ], [ -99.921604047559413, 21.05788026394066 ], [ -99.921399780126393, 21.056968190491197 ], [ -99.921813803812711, 21.056598456154056 ], [ -99.922524593312531, 21.055775734759173 ], [ -99.924179289958502, 21.054544698061655 ], [ -99.924535808463432, 21.053926735900415 ], [ -99.925243850798452, 21.05359983707832 ], [ -99.925369260118998, 21.052195585472926 ], [ -99.926141804351587, 21.05083600193888 ], [ -99.936286729136881, 21.046714814840531 ], [ -99.936445517182094, 21.06088852374587 ], [ -99.937811754346541, 21.062536704694029 ], [ -99.938199796270453, 21.063004816005215 ], [ -99.939664960677277, 21.064169248082493 ], [ -99.940058494045545, 21.067600840703388 ], [ -99.940167314826212, 21.069254208296503 ], [ -99.94039674624031, 21.070371023842135 ], [ -99.940804536124759, 21.071158182061403 ], [ -99.941330715096072, 21.071821979014725 ], [ -99.942516102844792, 21.070299139870176 ], [ -99.9435835292619, 21.068817016282992 ], [ -99.943879147559599, 21.068570590966992 ], [ -99.945122457560643, 21.067213309677435 ], [ -99.947073350286033, 21.065611668567453 ], [ -99.947417455258602, 21.067307535361419 ], [ -99.948604946019856, 21.065371464960084 ], [ -99.949549070013447, 21.064921692882297 ], [ -99.949024420972066, 21.063968687154809 ], [ -99.957366227832765, 21.055829065234075 ], [ -99.957135826436826, 21.054877551235705 ], [ -99.957788643863665, 21.053847800501572 ], [ -99.960505161570566, 21.052084549674944 ], [ -99.96162636787453, 21.051511634142305 ], [ -99.963447939696906, 21.052057825304427 ], [ -99.963863786021392, 21.051316120894899 ], [ -99.965277932553221, 21.050992552445901 ], [ -99.96539778987696, 21.05057994314863 ], [ -99.965636209542978, 21.050002638804237 ], [ -99.965756927170631, 21.049424752948518 ], [ -99.965994051182207, 21.049095362639587 ], [ -99.966348873919543, 21.048766552927919 ], [ -99.966880244318546, 21.048438613366919 ], [ -99.967824457720965, 21.047947478897346 ], [ -99.969000336782855, 21.048159815781123 ], [ -99.969592264020548, 21.047501605108454 ], [ -99.970356662584237, 21.047629321759413 ], [ -99.971245609309051, 21.046435403133042 ], [ -99.972540284810577, 21.046441751116063 ], [ -99.974074406913019, 21.04566417918014 ], [ -99.97655922481276, 21.043114470585632 ], [ -99.980628739337163, 21.042813080332355 ], [ -99.991218074664076, 21.042028367985029 ], [ -100.011060550977248, 21.039849695478118 ], [ -100.010998064378384, 21.040563041250596 ], [ -100.010643084369562, 21.040934028845911 ], [ -100.01022925672288, 21.041304881892341 ], [ -100.009697947023952, 21.041634155968449 ], [ -100.008990096454539, 21.041963025682751 ], [ -100.008039419117964, 21.043737203519701 ], [ -100.007271006061828, 21.044396411792594 ], [ -100.016304450322565, 21.050117699618458 ], [ -100.016419837418084, 21.050572371301204 ], [ -100.01730110970972, 21.05086351166867 ], [ -100.017766452612207, 21.05193861708026 ], [ -100.018707213854555, 21.052105951266331 ], [ -100.018935785639272, 21.053387131520772 ], [ -100.020996475295817, 21.053267712403144 ], [ -100.021466484531132, 21.053433988193721 ], [ -100.020808973248833, 21.054947019214289 ], [ -100.020053400294515, 21.0557801654796 ], [ -100.020183051005205, 21.056977145524055 ], [ -100.020309777776305, 21.057884942524854 ], [ -100.020197054858997, 21.058361091389415 ], [ -100.020084331290903, 21.058837240182363 ], [ -100.02038735720916, 21.059743442386811 ], [ -100.021573135681535, 21.060765601450985 ], [ -100.021181434750531, 21.062710978787571 ], [ -100.020724264520553, 21.063995898550147 ], [ -100.022210200344034, 21.065635068379368 ], [ -100.023649974333821, 21.06851410797228 ], [ -100.024329146003623, 21.071730557994528 ], [ -100.023942490874532, 21.074171679153245 ], [ -100.024080582941664, 21.07619488524772 ], [ -100.025166007332032, 21.078476058519239 ], [ -100.024538977784601, 21.080818058327328 ], [ -100.025499096486783, 21.082751168557341 ], [ -100.026216156672533, 21.083901487580018 ], [ -100.026642291335463, 21.085343655091879 ], [ -100.027238037180311, 21.086123232644539 ], [ -100.028012642402985, 21.087149073318766 ], [ -100.028683592915158, 21.089539260785788 ], [ -100.029400711997653, 21.090689563102902 ], [ -100.029792131204204, 21.094487010844208 ], [ -100.026809097992853, 21.095960193081762 ], [ -100.027180703367137, 21.097816005229909 ], [ -100.030653399852994, 21.098238858394566 ], [ -100.028942613852649, 21.103418857232022 ], [ -100.028198642650665, 21.105408764501444 ], [ -100.027508387317752, 21.106902396382981 ], [ -100.02627644001997, 21.107161491539674 ], [ -100.02528340806785, 21.107790245465143 ], [ -100.024352512294371, 21.108748952233082 ], [ -100.023714692291733, 21.10962236387024 ], [ -100.023021855870766, 21.110868110290024 ], [ -100.022206821655033, 21.111660493539961 ], [ -100.021569396326598, 21.112575209353331 ], [ -100.020635095194891, 21.113203405076089 ], [ -100.02081983726211, 21.114028038119077 ], [ -100.020713577305727, 21.115144514580194 ], [ -100.020430532832393, 21.116221276933661 ], [ -100.020138268072586, 21.116389185249854 ], [ -100.020053646516018, 21.116741131816649 ], [ -100.019969024596477, 21.117093078343146 ], [ -100.019685971643412, 21.118169839577206 ], [ -100.018985110114002, 21.118630652156302 ], [ -100.018465215537205, 21.119544293437656 ], [ -100.017882759714524, 21.120086661100032 ], [ -100.017888198436793, 21.120623711129465 ], [ -100.017893637287102, 21.121160761123686 ], [ -100.017020985022256, 21.122077588187654 ], [ -100.016677857651231, 21.123030941795943 ], [ -100.016224249077297, 21.124687653373229 ], [ -100.015643018980242, 21.125353948789698 ], [ -100.015004244643151, 21.126144707799675 ], [ -100.014714877469743, 21.126601788473526 ], [ -100.014425508563846, 21.127058868700395 ], [ -100.014023144087147, 21.127971436541252 ], [ -100.013493591187299, 21.127934898241687 ], [ -100.012546650624842, 21.127323706286131 ], [ -100.01125112958897, 21.1271288018654 ], [ -100.010192446881319, 21.127097017576791 ], [ -100.009434385305397, 21.127723568621668 ], [ -100.00914874238768, 21.128552445089895 ], [ -100.008740517873477, 21.128886638990032 ], [ -100.008391084962952, 21.129220303456865 ], [ -100.008241081348629, 21.130613118919662 ], [ -100.008680821468374, 21.131717277715232 ], [ -100.008970569562408, 21.134214250363648 ], [ -100.010512162399337, 21.135481153353187 ], [ -100.010636836243975, 21.136182391183443 ], [ -100.010298637419936, 21.137631471971606 ], [ -100.009380785607263, 21.139912074534923 ], [ -100.011181259002882, 21.142930114555487 ], [ -100.010128844701086, 21.144119501793696 ], [ -100.009790209882794, 21.145527269623035 ], [ -100.0093831913223, 21.145985400809383 ], [ -100.009451569239275, 21.146935036800869 ], [ -100.008987410622623, 21.147558942431054 ], [ -100.008051592569188, 21.148063142545855 ], [ -100.007819301065751, 21.148354437963366 ], [ -100.007823877195165, 21.14880886489237 ], [ -100.008485673612938, 21.150290263625632 ], [ -100.008428328585182, 21.150435382826927 ], [ -100.008370983451201, 21.15058050201085 ], [ -100.002041982994953, 21.158652473338975 ], [ -100.002401863391469, 21.159351608846144 ], [ -100.003169238311386, 21.159633938086383 ], [ -100.004170177870691, 21.15974890760366 ], [ -100.00517527325232, 21.160276986318763 ], [ -100.006413936127714, 21.160637699592709 ], [ -100.007479931635999, 21.161371793075389 ], [ -100.00574068546409, 21.16386633506098 ], [ -100.004170331800012, 21.165615670885575 ], [ -100.002428493345874, 21.167862312693231 ], [ -100.002272391206091, 21.169888157968696 ], [ -100.002460021222817, 21.171001987384884 ], [ -100.002822840906177, 21.171990300176347 ], [ -100.003542267356167, 21.17334725040585 ], [ -100.000874163776402, 21.177304287434612 ], [ -100.000122961889247, 21.178418343108564 ], [ -100.000807628873758, 21.182171895754475 ], [ -100.002101132499902, 21.182118991607563 ], [ -100.002271766073193, 21.181539049716196 ], [ -100.011363923138489, 21.188040862748633 ], [ -100.014668242496739, 21.189388556577487 ], [ -100.00456160342695, 21.196030224297896 ], [ -99.986470566410105, 21.217272338053089 ], [ -99.978380526972686, 21.218887318195463 ], [ -99.974435930382612, 21.218203499759507 ], [ -99.971568593726815, 21.217706368210756 ], [ -99.957219821876649, 21.215217826657611 ], [ -99.955934669029233, 21.210936195647026 ], [ -99.95630068129114, 21.207009765448646 ], [ -99.954034572949695, 21.204348278254916 ], [ -99.9512518762333, 21.207844475401977 ], [ -99.950011045835069, 21.20736126713944 ], [ -99.950066154056202, 21.212109365570463 ], [ -99.944922482582669, 21.209847887285346 ], [ -99.943408688023283, 21.206105210342411 ], [ -99.943584171708437, 21.206020892667901 ], [ -99.943400096662529, 21.205362027780822 ], [ -99.945733000706412, 21.203645984922503 ], [ -99.943002368786637, 21.201484444797106 ], [ -99.944052466602002, 21.19565181353596 ], [ -99.939611345122316, 21.193052871364952 ], [ -99.934945592872822, 21.191364453983208 ], [ -99.934359419857515, 21.191535379622483 ], [ -99.933417555835021, 21.191462036296457 ], [ -99.932591884640601, 21.191263670117639 ], [ -99.931350776182725, 21.190739028288398 ], [ -99.93081583075427, 21.190248754997892 ], [ -99.929338564035078, 21.189643825107442 ], [ -99.928809305062416, 21.189649003300623 ], [ -99.927922478986105, 21.189244747907939 ], [ -99.926444288471927, 21.188557215399413 ], [ -99.925855282370946, 21.188480382150374 ], [ -99.925031052260437, 21.188405842711049 ], [ -99.924444406155416, 21.188535445754304 ], [ -99.923795651518063, 21.188376602481664 ], [ -99.92279217632472, 21.188056042825416 ], [ -99.921672035365617, 21.187819199171329 ], [ -99.921496559356044, 21.187903493929536 ], [ -99.920154844314339, 21.188866291595392 ], [ -99.918659729784764, 21.188275036033357 ], [ -99.918116622102133, 21.188060255038717 ], [ -99.916078421159568, 21.1872541930198 ], [ -99.915019915750406, 21.187264464107049 ], [ -99.913765772167693, 21.185583614226658 ], [ -99.909119841638983, 21.185344942979278 ], [ -99.908686292669927, 21.184893974854784 ], [ -99.903068312536263, 21.184686173529006 ], [ -99.901280855631441, 21.184620018626163 ] ] ] ] } },
{ "type": "Feature", "properties": { "CVE_PAIS": "MX", "NOM_PAIS": "MEXICO", "CVE_ENT": "22", "NOM_ENT": "QUERETARO", "CU_MUN": "22002", "NOM_MUN": "PINAL DE AMOLES" }, "geometry": { "type": "MultiPolygon", "coordinates": [ [ [ [ -99.68886104684303, 21.049669343024149 ], [ -99.687931853072911, 21.054746398777329 ], [ -99.686966861990072, 21.060018705672267 ], [ -99.68530423099206, 21.069101829154068 ], [ -99.685066676992037, 21.069258044154374 ], [ -99.685041291992007, 21.069211044154212 ], [ -99.684265230992125, 21.069601798154913 ], [ -99.684401261992079, 21.0696955981551 ], [ -99.681426707992173, 21.07165152115854 ], [ -99.681226537992231, 21.071783152158776 ], [ -99.68093763099219, 21.071981798159101 ], [ -99.680851937992202, 21.072040721159315 ], [ -99.6801106769922, 21.072550413160151 ], [ -99.679097661992202, 21.073246952161433 ], [ -99.676437014992203, 21.075076306164728 ], [ -99.678851691992193, 21.075938398166123 ], [ -99.678837968992212, 21.075961906166317 ], [ -99.678329230992205, 21.076606736167374 ], [ -99.678370122992206, 21.076609506167394 ], [ -99.678508153992226, 21.076615721167375 ], [ -99.678856430992198, 21.076382306166977 ], [ -99.679393230992176, 21.076151290166695 ], [ -99.679397030992192, 21.076133075166631 ], [ -99.679622568992187, 21.076213598166692 ], [ -99.679547861992233, 21.07632679816691 ], [ -99.67969504599219, 21.076667152167612 ], [ -99.679946968992184, 21.076845321167767 ], [ -99.680075676992232, 21.07680172116768 ], [ -99.680579814992228, 21.076637321167414 ], [ -99.680699814992181, 21.076598183167388 ], [ -99.692037445992185, 21.080645198174686 ], [ -99.690964033659938, 21.085327224875197 ], [ -99.68932370590089, 21.092481487855363 ], [ -99.689951262257338, 21.092784030780702 ], [ -99.689529929504303, 21.094656422112266 ], [ -99.688734527440985, 21.098191044662865 ], [ -99.688643984844205, 21.102074077136962 ], [ -99.688306838157132, 21.116532428552922 ], [ -99.693981704785955, 21.117339138833184 ], [ -99.701776865685588, 21.118446933850294 ], [ -99.694573092219315, 21.137545481759794 ], [ -99.706138286794527, 21.159075436182793 ], [ -99.705960565932486, 21.159219313869091 ], [ -99.705782844725405, 21.159363191375984 ], [ -99.706242292423482, 21.161017407556294 ], [ -99.706891553667418, 21.160813623063856 ], [ -99.707719937144077, 21.16027989379036 ], [ -99.708429344535674, 21.15991093373594 ], [ -99.709020661732808, 21.15958280891244 ], [ -99.709612564385708, 21.159172058475683 ], [ -99.710144686140595, 21.158885004978256 ], [ -99.711263708707207, 21.158889494361546 ], [ -99.711673338805852, 21.159262952603953 ], [ -99.711788783358912, 21.159593918760802 ], [ -99.711904815269918, 21.159842261238701 ], [ -99.712138640353942, 21.160091075200828 ], [ -99.712489672696549, 21.16042298370278 ], [ -99.71260599966368, 21.16063001384601 ], [ -99.712662550701495, 21.160960743656691 ], [ -99.712835136870126, 21.161539815137655 ], [ -99.713067500851096, 21.161995186493467 ], [ -99.713183536867447, 21.162243527911155 ], [ -99.713592595284609, 21.162699604486807 ], [ -99.713883861056885, 21.163155209762113 ], [ -99.714410719678384, 21.163611754384632 ], [ -99.714878683589845, 21.164068062488749 ], [ -99.715229146608706, 21.164482588200084 ], [ -99.715696238809812, 21.165062829060702 ], [ -99.715634417104269, 21.165475711951899 ], [ -99.715455674948643, 21.165764190541463 ], [ -99.715393559945085, 21.166218385072792 ], [ -99.71545128919594, 21.166383866566616 ], [ -99.711258902549858, 21.167854385276161 ], [ -99.712000821651401, 21.16923501841077 ], [ -99.714863282855049, 21.174561474859168 ], [ -99.716219978188192, 21.182622876435019 ], [ -99.714000694226229, 21.183777160130266 ], [ -99.713692458937686, 21.183937474357123 ], [ -99.697239773805464, 21.192493267992823 ], [ -99.696455870927679, 21.192900852512327 ], [ -99.694283700624453, 21.194030226062619 ], [ -99.693288677470278, 21.194507940862152 ], [ -99.692822458390864, 21.194731771558576 ], [ -99.691647356461999, 21.195289300447762 ], [ -99.690635400417591, 21.195810862032722 ], [ -99.68940882079265, 21.19644296785334 ], [ -99.688088294554689, 21.197123472332219 ], [ -99.686615603273196, 21.197883854762193 ], [ -99.686478274326575, 21.197953139064076 ], [ -99.686248625775747, 21.199914333963218 ], [ -99.686223382739357, 21.200129906301139 ], [ -99.686130984305734, 21.200920349365141 ], [ -99.686058435060559, 21.201540982913482 ], [ -99.685106352826381, 21.209676679288219 ], [ -99.68507674379606, 21.210926492599 ], [ -99.685052810981148, 21.211936704251116 ], [ -99.683714055437392, 21.221572670322654 ], [ -99.69000384227904, 21.235260688600533 ], [ -99.698789332421541, 21.241468119440448 ], [ -99.700429365551287, 21.251635352014056 ], [ -99.700049495813388, 21.259227755338969 ], [ -99.680039866169736, 21.263476687255842 ], [ -99.678348574668945, 21.268619392237596 ], [ -99.678115087873323, 21.26928294600458 ], [ -99.677702034757289, 21.26940688142448 ], [ -99.677289691865695, 21.269696781133103 ], [ -99.677115105279782, 21.27031891941223 ], [ -99.676766105535322, 21.271604686724256 ], [ -99.67606063681383, 21.272433583912861 ], [ -99.676477073013217, 21.273097987245482 ], [ -99.675713396772053, 21.274134262230753 ], [ -99.675477940060702, 21.274341408026316 ], [ -99.674651269192552, 21.274464791701771 ], [ -99.672938307240997, 21.27458699437792 ], [ -99.671993460444241, 21.274710207819503 ], [ -99.671285308496735, 21.274916715651628 ], [ -99.67051894773914, 21.275330597855717 ], [ -99.669930017767001, 21.275786207103884 ], [ -99.669518871033503, 21.276366527928332 ], [ -99.669167861258103, 21.277195875843674 ], [ -99.670117473356541, 21.278192944056396 ], [ -99.670002989845941, 21.279064102982794 ], [ -99.67077429919172, 21.279811979976934 ], [ -99.670777643427712, 21.280600315139441 ], [ -99.67154896482468, 21.281348188135574 ], [ -99.671731167186451, 21.2825101817701 ], [ -99.671386676561212, 21.284874711852023 ], [ -99.671098800731897, 21.28665844196469 ], [ -99.670749281090238, 21.288111010940963 ], [ -99.669513420008286, 21.288278662775394 ], [ -99.668925760507591, 21.288734552877923 ], [ -99.668809326535921, 21.289313622970589 ], [ -99.668811095207175, 21.290099212223602 ], [ -99.668459647537233, 21.290885445474462 ], [ -99.66816650841821, 21.291423490044671 ], [ -99.667520333585131, 21.292044869897598 ], [ -99.666814635293875, 21.292376926471228 ], [ -99.66575525144377, 21.292502884605859 ], [ -99.664578125287122, 21.292629048048966 ], [ -99.663283256444487, 21.292755414338561 ], [ -99.662342428567882, 21.293253261640036 ], [ -99.662165817283508, 21.293253577054497 ], [ -99.660756561772416, 21.294909967486731 ], [ -99.657110326522542, 21.296652983393269 ], [ -99.655874017761406, 21.296655149714102 ], [ -99.654754560253167, 21.296243633097937 ], [ -99.653812168186334, 21.296038536759447 ], [ -99.652930069421203, 21.296494883501971 ], [ -99.651814421935711, 21.297861263748249 ], [ -99.651287130197701, 21.299061236724249 ], [ -99.650759653867269, 21.300178514313203 ], [ -99.649936240988282, 21.300593380518432 ], [ -99.64869926264214, 21.300264737132196 ], [ -99.646461726415922, 21.300103152392683 ], [ -99.645523653453907, 21.3019653564767 ], [ -99.643996291390067, 21.303580463593285 ], [ -99.642586646847846, 21.305195360663269 ], [ -99.641420097633684, 21.306056871703156 ], [ -99.641352145384602, 21.30610705472743 ], [ -99.641303879969556, 21.306268303659866 ], [ -99.640982810977221, 21.307340947527539 ], [ -99.64029962944133, 21.309623304035771 ], [ -99.64118646555238, 21.3113997546726 ], [ -99.64083499281395, 21.312268627142927 ], [ -99.640465584096617, 21.312287772226124 ], [ -99.640010782668867, 21.31231134177737 ], [ -99.640012657829331, 21.31322097384842 ], [ -99.639718860800556, 21.313510889773273 ], [ -99.639721659425348, 21.314869595699669 ], [ -99.6397233747591, 21.315702275764362 ], [ -99.638781640465353, 21.315869220494374 ], [ -99.637957494061922, 21.315953272480868 ], [ -99.63733545882512, 21.316416072745533 ], [ -99.636899262188322, 21.316740604214676 ], [ -99.636016986870743, 21.317196865618865 ], [ -99.635193006940028, 21.317404936284401 ], [ -99.634486351263774, 21.31732340068022 ], [ -99.634074272625824, 21.317365416776418 ], [ -99.633131603672325, 21.317077513908906 ], [ -99.632368238950576, 21.318112423285662 ], [ -99.63295812847764, 21.318648983115313 ], [ -99.633282296734194, 21.318630246035344 ], [ -99.634429982420841, 21.31856390420235 ], [ -99.635255740999128, 21.319265460557471 ], [ -99.633669877008231, 21.32121134923166 ], [ -99.632802812878126, 21.329234077841939 ], [ -99.637406515715412, 21.3344362915266 ], [ -99.637998781358846, 21.336089194586418 ], [ -99.64124146800188, 21.337944429073115 ], [ -99.640769720276509, 21.338143986136231 ], [ -99.634637156735096, 21.340737993278463 ], [ -99.61287965812646, 21.349938654353704 ], [ -99.612112798159217, 21.349278251014599 ], [ -99.611406078467496, 21.349279307209834 ], [ -99.610052535069116, 21.349818833652687 ], [ -99.608816000988924, 21.349944705862079 ], [ -99.607639122996417, 21.350483952107421 ], [ -99.60705247424896, 21.351725225887233 ], [ -99.605640376858574, 21.352471538765787 ], [ -99.604758319541773, 21.353217070490302 ], [ -99.604347339742716, 21.353920567721122 ], [ -99.60334762676024, 21.354748957113848 ], [ -99.60152530463489, 21.356653547077229 ], [ -99.600289374629654, 21.357151480802191 ], [ -99.599408449846351, 21.358558537070458 ], [ -99.589090244195148, 21.352081390936867 ], [ -99.586009501989196, 21.349006396070106 ], [ -99.58230597963977, 21.345309532666743 ], [ -99.584307818510553, 21.345017450405756 ], [ -99.585895085702532, 21.343361441423244 ], [ -99.587483024935338, 21.342118889421862 ], [ -99.587776486600447, 21.341539631913566 ], [ -99.589834581586516, 21.339758908527362 ], [ -99.600830421668135, 21.330564488832128 ], [ -99.581238542701897, 21.305534774591241 ], [ -99.579471916522195, 21.30533033597418 ], [ -99.581821518536756, 21.302060824971321 ], [ -99.589821088653878, 21.297750026953306 ], [ -99.584042924649211, 21.292630675655623 ], [ -99.575203435711714, 21.287184243133289 ], [ -99.574202331094611, 21.286978771536244 ], [ -99.568907064888606, 21.288846013532837 ], [ -99.568661718364496, 21.288872646640389 ], [ -99.567121980318234, 21.289039781504155 ], [ -99.566730014776098, 21.28908232611845 ], [ -99.565520606472475, 21.28921359148562 ], [ -99.560431213488869, 21.289765880655953 ], [ -99.557134859613313, 21.290017826026236 ], [ -99.557488576578976, 21.290348196377149 ], [ -99.55254552668832, 21.291759695195871 ], [ -99.550485463575484, 21.292051452667913 ], [ -99.550368381340704, 21.292506408731423 ], [ -99.550545895802188, 21.293126425139263 ], [ -99.550782644279991, 21.293994460898055 ], [ -99.550253517335037, 21.294491227082776 ], [ -99.549134649985376, 21.294285738849904 ], [ -99.548368422543902, 21.29366637512938 ], [ -99.5470731260165, 21.293585111791483 ], [ -99.54625004013333, 21.294371623311747 ], [ -99.54483828035427, 21.295200120551819 ], [ -99.544368176364927, 21.295820847557202 ], [ -99.544722990116526, 21.296936850234896 ], [ -99.54407573588658, 21.297185639676307 ], [ -99.543545935385112, 21.297227561101703 ], [ -99.54327587429816, 21.297215999331588 ], [ -99.542603906271054, 21.297187229357935 ], [ -99.542249165510512, 21.296112569588644 ], [ -99.542187695058715, 21.294251987356748 ], [ -99.541616289445983, 21.293660839904472 ], [ -99.540645663356827, 21.292656975888374 ], [ -99.540820851539308, 21.292034966578026 ], [ -99.541232693412113, 21.291496440453983 ], [ -99.541704325527562, 21.291165499155124 ], [ -99.542176375621153, 21.29095903332691 ], [ -99.542530517409716, 21.290835302290692 ], [ -99.5432393604856, 21.290753807004652 ], [ -99.541651861093399, 21.289952394737387 ], [ -99.538763074167704, 21.286937069544095 ], [ -99.537703655127459, 21.287103571388094 ], [ -99.535878205904524, 21.28673333915971 ], [ -99.52814538583884, 21.266326516599218 ], [ -99.525305500436644, 21.264965999334066 ], [ -99.523763777911768, 21.262565609486657 ], [ -99.520907634175032, 21.253286908032862 ], [ -99.523561572783137, 21.250626735483365 ], [ -99.525754472623547, 21.253605798379102 ], [ -99.530830474119568, 21.250524522428996 ], [ -99.530660893980638, 21.250238531143889 ], [ -99.530118737944505, 21.249324194144108 ], [ -99.529698975681441, 21.246464831690037 ], [ -99.528868198310803, 21.244850251721893 ], [ -99.528629093899141, 21.24356574305116 ], [ -99.528688013707821, 21.24348267352196 ], [ -99.526905379339595, 21.238844302353456 ], [ -99.525091087015937, 21.236035974092896 ], [ -99.52417825715969, 21.234622963262296 ], [ -99.522339449064944, 21.231269831143852 ], [ -99.52227039603585, 21.226461068073402 ], [ -99.522443881950565, 21.22463652993865 ], [ -99.523268528522479, 21.22339067110288 ], [ -99.523799624804482, 21.223057622728199 ], [ -99.523621500892503, 21.22264352702302 ], [ -99.520488348519919, 21.22190552386763 ], [ -99.511000626448066, 21.216578945651911 ], [ -99.508066271841827, 21.214931358139928 ], [ -99.507942706487341, 21.212195538571468 ], [ -99.508864115905354, 21.210320447134364 ], [ -99.509616578749842, 21.208789128068688 ], [ -99.512653462852512, 21.202608489445272 ], [ -99.513062058364554, 21.201776876959734 ], [ -99.517008048538742, 21.195714045077782 ], [ -99.514819128352599, 21.194185801407958 ], [ -99.514877284914036, 21.193729628785594 ], [ -99.514050642279187, 21.193939038811529 ], [ -99.513459552017821, 21.193774730652901 ], [ -99.513104433254156, 21.193443988794378 ], [ -99.513458304438828, 21.193152884366224 ], [ -99.509786509114903, 21.188560579975093 ], [ -99.511734038357801, 21.187602109665455 ], [ -99.512148296034667, 21.187974160300023 ], [ -99.513330013210265, 21.188095502685414 ], [ -99.514692041455319, 21.189750268805273 ], [ -99.514922823791551, 21.187013535754531 ], [ -99.515273098118641, 21.186799937992618 ], [ -99.51970179421248, 21.184099198340341 ], [ -99.520883740984388, 21.184344857732871 ], [ -99.52088280404574, 21.183888837126034 ], [ -99.521236722583325, 21.183639173282138 ], [ -99.521769562815862, 21.184218173706405 ], [ -99.522537153870857, 21.184050338180477 ], [ -99.523538796104518, 21.182804012455836 ], [ -99.524778343280161, 21.182344730813753 ], [ -99.52655047443389, 21.182340056260916 ], [ -99.527554507796737, 21.182254486331406 ], [ -99.528558801770799, 21.182293279601247 ], [ -99.530330492270124, 21.182081283592243 ], [ -99.531690180711422, 21.182575133173511 ], [ -99.532576954166814, 21.182904412777745 ], [ -99.533344613750202, 21.182777984897353 ], [ -99.534113249356253, 21.183107573307304 ], [ -99.534704941215182, 21.183562004191675 ], [ -99.535886548558594, 21.183641732968489 ], [ -99.536772709966129, 21.183680795952984 ], [ -99.538427881610446, 21.184215247960754 ], [ -99.539137914991088, 21.184752254858758 ], [ -99.540088587967659, 21.187278516983039 ], [ -99.542331441608766, 21.18640180624331 ], [ -99.549995561468378, 21.179581791060986 ], [ -99.548695563219269, 21.179378119260548 ], [ -99.548102085032809, 21.178136068525806 ], [ -99.547865159843155, 21.177846528920394 ], [ -99.547331688446803, 21.177018874281462 ], [ -99.546799238836655, 21.176647236941047 ], [ -99.546383822033704, 21.175777796342523 ], [ -99.546146351075549, 21.175239516297779 ], [ -99.545021303468758, 21.173998918618317 ], [ -99.544074208336212, 21.173089477055768 ], [ -99.543305147355071, 21.172552651245734 ], [ -99.542003763068251, 21.171685624826278 ], [ -99.541293783153264, 21.171148628021967 ], [ -99.540465585321414, 21.17057049355514 ], [ -99.540049499690767, 21.169369384670638 ], [ -99.539752454747571, 21.168582517005376 ], [ -99.539219603340058, 21.168003572474834 ], [ -99.538662192641226, 21.16698591814621 ], [ -99.538448697166544, 21.166596139127208 ], [ -99.537681305105949, 21.166805501347156 ], [ -99.53501609420131, 21.163413248716676 ], [ -99.53365258610647, 21.161053881214915 ], [ -99.530353938401348, 21.165249823655284 ], [ -99.527463353520915, 21.166957222403457 ], [ -99.526456738425324, 21.165757639205783 ], [ -99.526809911373732, 21.165176312466208 ], [ -99.526276343002792, 21.164224217282197 ], [ -99.524977541603519, 21.164517837135847 ], [ -99.523854295735148, 21.164023308644659 ], [ -99.523794287683984, 21.163567442169132 ], [ -99.522967654020078, 21.163693979814969 ], [ -99.5229687669962, 21.164232914372388 ], [ -99.523382042640833, 21.164148917770767 ], [ -99.524032947599167, 21.16472760387305 ], [ -99.523089121713511, 21.16531047386788 ], [ -99.522203669599534, 21.165561532241259 ], [ -99.521258638983895, 21.165564001148507 ], [ -99.520549526116966, 21.165400023316113 ], [ -99.524438998557613, 21.161161258632475 ], [ -99.52396529523169, 21.160582108513655 ], [ -99.522075724292904, 21.160794342052306 ], [ -99.521720581990664, 21.160422159250629 ], [ -99.523018498874364, 21.159713999628391 ], [ -99.521482330802769, 21.159051329883212 ], [ -99.51947399694771, 21.158756354966265 ], [ -99.518115651954062, 21.158628802165804 ], [ -99.516403194045807, 21.158541925026299 ], [ -99.514690343687732, 21.158330551252231 ], [ -99.512327785281897, 21.158034680207003 ], [ -99.510970233532348, 21.158156028449131 ], [ -99.509199131996098, 21.158193421189406 ], [ -99.507246222076787, 21.158386503282561 ], [ -99.504943137608322, 21.158558132680088 ], [ -99.502402442196143, 21.15802555782777 ], [ -99.499863109468606, 21.158197707927208 ], [ -99.497441736641889, 21.158286615156605 ], [ -99.496433074388761, 21.155843144936934 ], [ -99.49926301770239, 21.153224370217355 ], [ -99.499438775130841, 21.152477710371304 ], [ -99.497195770332453, 21.1531465669628 ], [ -99.495306404184873, 21.153441414088871 ], [ -99.493830527353055, 21.153776686179054 ], [ -99.492827356130817, 21.154235163369048 ], [ -99.492766059079571, 21.153033062056814 ], [ -99.493177777691685, 21.1521200045546 ], [ -99.493589181976461, 21.151041119065965 ], [ -99.494060026274994, 21.150169371786721 ], [ -99.49476717563293, 21.149338501064054 ], [ -99.496776171715439, 21.149872504643213 ], [ -99.496871676837785, 21.150337245337226 ], [ -99.497014597602146, 21.151032711013496 ], [ -99.499021889263062, 21.150654639490121 ], [ -99.498488078532461, 21.14945371005518 ], [ -99.498412973130883, 21.149381390363242 ], [ -99.497210601837921, 21.148223601443512 ], [ -99.495825624584128, 21.146889943803121 ], [ -99.496827407604826, 21.145726684819 ], [ -99.495524655602225, 21.143864325429377 ], [ -99.495523332448613, 21.143159560302522 ], [ -99.49504184193637, 21.142755775181158 ], [ -99.493748875273383, 21.141671456136454 ], [ -99.492513797547417, 21.144410631276976 ], [ -99.492160382662234, 21.144908975997907 ], [ -99.489499412897032, 21.143049870933535 ], [ -99.490029694064589, 21.142385275239249 ], [ -99.489792785967097, 21.142012736004325 ], [ -99.490027710454939, 21.141307398107976 ], [ -99.490795808959291, 21.141512820752055 ], [ -99.491444035351009, 21.140765020435087 ], [ -99.491382297485245, 21.139314175489297 ], [ -99.492211133253988, 21.140431498212354 ], [ -99.493626127818274, 21.139184336890281 ], [ -99.493981072053458, 21.139515125193963 ], [ -99.494335010683059, 21.139306974329752 ], [ -99.494214501666576, 21.138022102452002 ], [ -99.493623732421426, 21.137899175850652 ], [ -99.493445876384115, 21.137526497279691 ], [ -99.492443119976514, 21.138150798216888 ], [ -99.491793067504787, 21.137903638607252 ], [ -99.490790836839125, 21.138818127681258 ], [ -99.48996224954405, 21.137825167910979 ], [ -99.491725497412659, 21.1333020737436 ], [ -99.490605896544068, 21.130483555302874 ], [ -99.489767722993534, 21.128373433427907 ], [ -99.488705126981657, 21.128541829138882 ], [ -99.488174282161239, 21.128874765837047 ], [ -99.487821039443745, 21.129456015751796 ], [ -99.487466737006656, 21.129456868527143 ], [ -99.487584158056734, 21.129083472354139 ], [ -99.487050896659781, 21.12808978499071 ], [ -99.483393373032314, 21.130088475843653 ], [ -99.481262826482649, 21.127440282625912 ], [ -99.48061129361983, 21.126322482772096 ], [ -99.479017988153529, 21.126906643250166 ], [ -99.47866710226721, 21.12715412254606 ], [ -99.478074362512956, 21.127572177523628 ], [ -99.474328179960636, 21.123772181486441 ], [ -99.473874444911218, 21.123311909433536 ], [ -99.471863222062581, 21.124651706896952 ], [ -99.471751130482545, 21.12472637649201 ], [ -99.471870152552455, 21.12526504433626 ], [ -99.470513584894462, 21.126180234772818 ], [ -99.470632539818951, 21.126884691632522 ], [ -99.469623889026025, 21.126769013635929 ], [ -99.468506682220081, 21.126640878560124 ], [ -99.467620030865419, 21.126103966597103 ], [ -99.467348404664293, 21.125696972833627 ], [ -99.467205638481232, 21.125483056640469 ], [ -99.467144843968697, 21.124446765951198 ], [ -99.467438344462735, 21.123616933820394 ], [ -99.466375959360349, 21.12370229189888 ], [ -99.465078212023258, 21.124492933539678 ], [ -99.464160827696531, 21.124366230034187 ], [ -99.463601651916051, 21.124288997549353 ], [ -99.463717889818781, 21.123169389701147 ], [ -99.462889500530864, 21.122134833567891 ], [ -99.462060097085825, 21.120478416925195 ], [ -99.463595183036432, 21.120392034028907 ], [ -99.464185377339064, 21.120224867932158 ], [ -99.464835723546074, 21.120720878684004 ], [ -99.465345408204684, 21.120770833329974 ], [ -99.466075921861005, 21.120842428884558 ], [ -99.467551332184186, 21.120383031250853 ], [ -99.466604769786471, 21.119307306151509 ], [ -99.466129895317678, 21.117815928990371 ], [ -99.465713937285869, 21.116241501528815 ], [ -99.465534791096687, 21.115039649260307 ], [ -99.46565128606035, 21.114085867621412 ], [ -99.464292158922532, 21.113425638703294 ], [ -99.463110518777896, 21.11297228387668 ], [ -99.462578094853043, 21.11235162748903 ], [ -99.461278721422886, 21.112105811679278 ], [ -99.46039184345851, 21.111361573260037 ], [ -99.460035685438527, 21.110201568109716 ], [ -99.458144224685142, 21.108920621633619 ], [ -99.456960698632599, 21.10726496490717 ], [ -99.455955721202059, 21.106479507259841 ], [ -99.454302424521501, 21.10640025056453 ], [ -99.453239742188373, 21.106444050600608 ], [ -99.452471413996903, 21.105948252135001 ], [ -99.446453858155877, 21.108987752196153 ], [ -99.441680300364411, 21.11488494897235 ], [ -99.440027164153207, 21.114971383542805 ], [ -99.430108119183174, 21.103047262786131 ], [ -99.43098988494252, 21.102217117063454 ], [ -99.431283805169201, 21.101926570524459 ], [ -99.431695290492002, 21.101552997246973 ], [ -99.432106783613179, 21.100847495819252 ], [ -99.431989237162753, 21.100308158854109 ], [ -99.431225098655716, 21.099810556653313 ], [ -99.430284622594641, 21.099313016203727 ], [ -99.42981439440824, 21.09889828030316 ], [ -99.429344188975506, 21.098068633805461 ], [ -99.429344227312768, 21.09728030621546 ], [ -99.429932046644069, 21.096865181937044 ], [ -99.430637417181174, 21.096574484788622 ], [ -99.431166439835565, 21.096449814604153 ], [ -99.431813030327305, 21.09603466187621 ], [ -99.432106942038828, 21.095578150246148 ], [ -99.432459640515134, 21.094789688264513 ], [ -99.432577220279043, 21.094001315696239 ], [ -99.43298869320644, 21.093129848211372 ], [ -99.433458935871869, 21.092424320669167 ], [ -99.433811618419966, 21.091718837703173 ], [ -99.433929195187218, 21.090598536576884 ], [ -99.433517778461578, 21.089436950271061 ], [ -99.433341468574653, 21.088524217676909 ], [ -99.433341491612254, 21.087528434784915 ], [ -99.433870487322338, 21.087030338029294 ], [ -99.434575801328776, 21.086905588916935 ], [ -99.434987229480257, 21.087195863076122 ], [ -99.43528110431339, 21.087735128701453 ], [ -99.435516201973243, 21.088606344765378 ], [ -99.436162741538809, 21.089394413030981 ], [ -99.436632925754154, 21.089892081323903 ], [ -99.437455835757902, 21.089808795766224 ], [ -99.437749718978139, 21.089476747314357 ], [ -99.437808491628601, 21.088854359143514 ], [ -99.437690933965655, 21.088149061834372 ], [ -99.437514601717183, 21.087526770412968 ], [ -99.437455822336901, 21.086779957678413 ], [ -99.437455819386031, 21.08607461166762 ], [ -99.437808469572076, 21.085535084234287 ], [ -99.438396219676889, 21.085161422206074 ], [ -99.438866412740424, 21.084497370840179 ], [ -99.438513755558361, 21.08383366298257 ], [ -99.437632132779115, 21.083460609382133 ], [ -99.436750514492076, 21.082921587260799 ], [ -99.436397871480139, 21.081967437878589 ], [ -99.436691743286715, 21.080847062735128 ], [ -99.436985610910156, 21.080100105794831 ], [ -99.437338247823249, 21.079021196472322 ], [ -99.437690877876591, 21.077527376538331 ], [ -99.438161049194989, 21.076655871967585 ], [ -99.438748764881538, 21.076365190923585 ], [ -99.439395253198967, 21.076281938059843 ], [ -99.440100511609515, 21.076157166794697 ], [ -99.440629448878241, 21.075825013314621 ], [ -99.440923287324068, 21.075078049633447 ], [ -99.440923265902356, 21.07424809551199 ], [ -99.440923447736793, 21.073957781524609 ], [ -99.440797345175142, 21.07363193021126 ], [ -99.440570256610755, 21.073045125276543 ], [ -99.440341967637295, 21.072239443116697 ], [ -99.440217607766186, 21.071800545740199 ], [ -99.440452658353834, 21.070472733553956 ], [ -99.440805254011337, 21.069601271692317 ], [ -99.441275384373611, 21.068771249459548 ], [ -99.441804292131252, 21.068397601538969 ], [ -99.442568338167519, 21.068314335745203 ], [ -99.443332633147094, 21.068438439347993 ], [ -99.443979097580311, 21.06864560658229 ], [ -99.444566786771787, 21.068686833833461 ], [ -99.445624635525917, 21.068893808905418 ], [ -99.446623681531037, 21.068519930771672 ], [ -99.446917495087888, 21.068063393760045 ], [ -99.446741131489517, 21.067150673786923 ], [ -99.446799857084642, 21.066486790692593 ], [ -99.446799819934029, 21.065905916767136 ], [ -99.447269888619161, 21.06482693237335 ], [ -99.447798769962063, 21.064494757109564 ], [ -99.44862150559139, 21.064452878206804 ], [ -99.449209189181644, 21.064618562654889 ], [ -99.449855651673531, 21.064908689731684 ], [ -99.450678365856788, 21.065115735328995 ], [ -99.451677454857858, 21.065115258157494 ], [ -99.453616711162312, 21.064533419447489 ], [ -99.454674488696753, 21.064283937948833 ], [ -99.456143625074432, 21.063992746309861 ], [ -99.457318883211528, 21.06341125989827 ], [ -99.458082762032362, 21.062788492809634 ], [ -99.458787838643588, 21.061958298945473 ], [ -99.459316647087647, 21.06137714262259 ], [ -99.459904241982045, 21.060961916789186 ], [ -99.461373214872623, 21.059923843486235 ], [ -99.462254685381993, 21.059881866807061 ], [ -99.463077418706419, 21.060005882162308 ], [ -99.464076434171815, 21.06004681222413 ], [ -99.465251706990657, 21.059880181117091 ], [ -99.465956817024079, 21.059506358438409 ], [ -99.466603126266563, 21.058966603210376 ], [ -99.467484438904222, 21.058177762839836 ], [ -99.468071930156469, 21.057430581823361 ], [ -99.46830678118441, 21.056434661221331 ], [ -99.468659268411159, 21.055978052988145 ], [ -99.469481887155538, 21.055645637460731 ], [ -99.470186966528686, 21.055271797607773 ], [ -99.471303388944932, 21.055063675779785 ], [ -99.471773536637002, 21.055104874911862 ], [ -99.472419989897574, 21.055353425468809 ], [ -99.473125129406839, 21.055560425997438 ], [ -99.473830348978723, 21.05551851882484 ], [ -99.474300363757123, 21.055144807963575 ], [ -99.474476519938051, 21.054605316073399 ], [ -99.474241274389712, 21.053817135474294 ], [ -99.473771032221762, 21.053236555062188 ], [ -99.473242021595183, 21.052614518607133 ], [ -99.472889350297351, 21.05219982665054 ], [ -99.47288913465718, 21.051287026161706 ], [ -99.473535463296898, 21.051079172631571 ], [ -99.474181881498566, 21.051244735021999 ], [ -99.474769590967711, 21.051617786346206 ], [ -99.475298499515503, 21.051824908893156 ], [ -99.476062350503938, 21.051616971771931 ], [ -99.476708654177116, 21.051326124410114 ], [ -99.477354955298495, 21.051035274627825 ], [ -99.478471447423033, 21.051117536615333 ], [ -99.479235428790659, 21.051407476169 ], [ -99.480351948196741, 21.05157270750836 ], [ -99.481057076994588, 21.051530750362865 ], [ -99.482291035780264, 21.051405454731388 ], [ -99.482937250445033, 21.05086563863258 ], [ -99.482819476643442, 21.050035900146923 ], [ -99.482172955956955, 21.049538443543852 ], [ -99.481408990951522, 21.049290007958124 ], [ -99.480351212827316, 21.04900027179858 ], [ -99.478882045609197, 21.048461851396372 ], [ -99.478176739269742, 21.047798453615133 ], [ -99.47747135083857, 21.046803125294055 ], [ -99.477177233634208, 21.045600076415656 ], [ -99.477705946340436, 21.045143336977322 ], [ -99.478646082749904, 21.045101239130663 ], [ -99.479644977709498, 21.045059097664058 ], [ -99.480408811620393, 21.044934123463921 ], [ -99.48123136705297, 21.044684634115352 ], [ -99.481877667378868, 21.044518240379332 ], [ -99.482700155571123, 21.044061289422377 ], [ -99.483640181329818, 21.043687236804963 ], [ -99.484815301442396, 21.04352047290995 ], [ -99.485520350969722, 21.043354025249275 ], [ -99.486107815002455, 21.042980201538789 ], [ -99.485990057590897, 21.042233446517699 ], [ -99.485402239490654, 21.041487015197941 ], [ -99.484520782539249, 21.041197182516257 ], [ -99.483521851892334, 21.041031897504926 ], [ -99.482405420647908, 21.040908176275291 ], [ -99.481700123146453, 21.040203301204095 ], [ -99.481347169115452, 21.038792843363726 ], [ -99.481699563479339, 21.038294717733248 ], [ -99.482345774144477, 21.037920867896112 ], [ -99.483050825488348, 21.037837412715593 ], [ -99.483267973926218, 21.037678681129634 ], [ -99.484044230539737, 21.037111246582224 ], [ -99.484499581597348, 21.037564920008315 ], [ -99.484813528253824, 21.037877707646377 ], [ -99.48534244058348, 21.038209272727279 ], [ -99.485753908489727, 21.038748371777967 ], [ -99.486224122834003, 21.039245938161002 ], [ -99.486929368508513, 21.039743339647003 ], [ -99.487752022530614, 21.039908728452239 ], [ -99.488457079698875, 21.039825250745192 ], [ -99.488691924606584, 21.039285703028561 ], [ -99.48998176038755, 21.031194055342084 ], [ -99.492508273633064, 21.031482671058921 ], [ -99.493918580911497, 21.032062511249915 ], [ -99.496873324958415, 21.032582605109223 ], [ -99.498303738247145, 21.033288079381474 ], [ -99.499265870820878, 21.033718124455909 ], [ -99.501087402801019, 21.034048642450642 ], [ -99.502086125996968, 21.033798916341699 ], [ -99.502379648978305, 21.033217813522601 ], [ -99.502790480397593, 21.032180218080146 ], [ -99.503260095985937, 21.031225556878741 ], [ -99.503788294880337, 21.029897429930497 ], [ -99.504229018144855, 21.029206471755888 ], [ -99.505138666854393, 21.027780317085654 ], [ -99.50554993040177, 21.027593240466281 ], [ -99.507353608856604, 21.026772761419057 ], [ -99.507605739220281, 21.026658067087126 ], [ -99.507664182605524, 21.025994165305121 ], [ -99.507243187327902, 21.025902621685432 ], [ -99.504910365178588, 21.025395338473075 ], [ -99.504432379790842, 21.025291654942059 ], [ -99.504358395030067, 21.02531129504807 ], [ -99.503492626207546, 21.025541120581199 ], [ -99.502846361350123, 21.025541631186577 ], [ -99.502258812247604, 21.025459111446224 ], [ -99.501729944548828, 21.025210580143984 ], [ -99.501612037562921, 21.024256381114991 ], [ -99.501905526897517, 21.02363378789353 ], [ -99.502669177597539, 21.023384243174569 ], [ -99.50343280760589, 21.023093204167793 ], [ -99.504255221467105, 21.022885096820058 ], [ -99.504901400805608, 21.022718617507721 ], [ -99.505665153758869, 21.02271800486352 ], [ -99.506605271019907, 21.022966191449907 ], [ -99.507192965347699, 21.023380623397834 ], [ -99.507956876112388, 21.023711927396828 ], [ -99.508053445088677, 21.023489963903501 ], [ -99.508191626285097, 21.02317235363801 ], [ -99.508191393525763, 21.02267446311669 ], [ -99.507956180165266, 21.02221825579166 ], [ -99.507730625083695, 21.021809173812009 ], [ -99.507609720054717, 21.021589891184508 ], [ -99.507544584297065, 21.021471755671161 ], [ -99.507485585105073, 21.020932421999028 ], [ -99.507543489878714, 21.019106774752927 ], [ -99.508776433305286, 21.017446128992773 ], [ -99.50883479071382, 21.016616262656978 ], [ -99.508772052749762, 21.016321573701564 ], [ -99.508658157650018, 21.015786589343378 ], [ -99.508712135099699, 21.015121940666635 ], [ -99.508800588563432, 21.014032762223348 ], [ -99.508833385020836, 21.013628917063379 ], [ -99.509362104739409, 21.013628481720815 ], [ -99.509492477528156, 21.013397985342536 ], [ -99.509714288200996, 21.013005826858659 ], [ -99.509594022927246, 21.012518462023902 ], [ -99.509478849897363, 21.012051729855443 ], [ -99.509864365068097, 21.011779039099984 ], [ -99.510183563537197, 21.011553255477935 ], [ -99.510539541271243, 21.011258729302721 ], [ -99.510656206244249, 21.011162203506071 ], [ -99.510989135469444, 21.010886744748014 ], [ -99.511969985292922, 21.010075200293731 ], [ -99.513295805954868, 21.008978207974284 ], [ -99.51364833706802, 21.009102381647555 ], [ -99.513918272612599, 21.008942368216498 ], [ -99.515821231480047, 21.007814303254797 ], [ -99.515467466256169, 21.005283660993346 ], [ -99.516818042453821, 21.004286712101624 ], [ -99.515523526827465, 21.00005575294804 ], [ -99.516463115606967, 20.99968155513405 ], [ -99.517285699382285, 20.999929756616197 ], [ -99.517696669079754, 20.999514489165456 ], [ -99.517461399664128, 20.99893382077072 ], [ -99.517872453857919, 20.998684516669364 ], [ -99.518342247284352, 20.998435160167375 ], [ -99.518811950450598, 20.998019838651228 ], [ -99.519869031312027, 20.997562506359195 ], [ -99.520397515310464, 20.997603513246865 ], [ -99.520984982266441, 20.997354060846689 ], [ -99.521572223411638, 20.997063099942082 ], [ -99.522041867125992, 20.99656478787691 ], [ -99.522452883896676, 20.996273982019098 ], [ -99.523392391622721, 20.995692261119284 ], [ -99.523744546404885, 20.995194050764386 ], [ -99.524390536496853, 20.994944517989325 ], [ -99.525036357333065, 20.994404546388395 ], [ -99.525682221592518, 20.993947554232697 ], [ -99.52609300670791, 20.993283321561822 ], [ -99.525916526029377, 20.992827083584146 ], [ -99.526680027339722, 20.992660416127556 ], [ -99.527149909133811, 20.992618490418916 ], [ -99.527443379782056, 20.992244799806265 ], [ -99.527736332577248, 20.990999799484335 ], [ -99.528323436544341, 20.990542852217565 ], [ -99.528440366350395, 20.989629942357045 ], [ -99.528616205301446, 20.989007413912113 ], [ -99.529026889508856, 20.988218701572695 ], [ -99.52984862236508, 20.987263637843309 ], [ -99.53049471990866, 20.987263028136393 ], [ -99.531317000229095, 20.987220757687371 ], [ -99.531845265504302, 20.98663938169241 ], [ -99.532197319753593, 20.986058172547082 ], [ -99.532725966527821, 20.9860991575908 ], [ -99.533254274555077, 20.985600759171511 ], [ -99.533841550453715, 20.985475720668198 ], [ -99.534252145030649, 20.984604014378267 ], [ -99.534780628151623, 20.984396047712284 ], [ -99.535250348267198, 20.984146645691538 ], [ -99.536072421766178, 20.983813916356866 ], [ -99.537012204641911, 20.983854485722091 ], [ -99.537599879265585, 20.98435179782177 ], [ -99.538128548502172, 20.984434257090896 ], [ -99.538422302107975, 20.984599912046988 ], [ -99.539420800903144, 20.984557445572413 ], [ -99.540712745794167, 20.984224224630662 ], [ -99.54124073762452, 20.983310893330735 ], [ -99.54188644734063, 20.982770859473185 ], [ -99.542590829208834, 20.982147781838336 ], [ -99.542825220203241, 20.981359216473106 ], [ -99.543823461682067, 20.981026271015896 ], [ -99.544175572593346, 20.980611001493106 ], [ -99.55498110246144, 20.978773986555545 ], [ -99.555156530568169, 20.977778015298497 ], [ -99.55991310346468, 20.976859970804458 ], [ -99.561967121527161, 20.974907596105158 ], [ -99.563437800953523, 20.977810286344969 ], [ -99.56461299864894, 20.978472797986083 ], [ -99.565846448854501, 20.978554363246367 ], [ -99.56631609724225, 20.978304876953697 ], [ -99.567314773454953, 20.978677103555775 ], [ -99.568238013945617, 20.978468522779131 ], [ -99.568606610702432, 20.978385224973817 ], [ -99.569076691333876, 20.978592069281184 ], [ -99.571954176396559, 20.978049329500674 ], [ -99.57213121831056, 20.979003406233044 ], [ -99.574364287727121, 20.980369930758435 ], [ -99.578417251478442, 20.980779917312521 ], [ -99.579710379959266, 20.981857075083742 ], [ -99.582646892147096, 20.981853436668491 ], [ -99.585526399883406, 20.983301967629725 ], [ -99.588110646329781, 20.983215704767286 ], [ -99.593217935705809, 20.980719644402882 ], [ -99.598093079693399, 20.981128061883418 ], [ -99.601734285846376, 20.980915707171537 ], [ -99.602910016232457, 20.981743902144444 ], [ -99.60384911148553, 20.981161745634296 ], [ -99.606698738852359, 20.980402685941595 ], [ -99.609016069370881, 20.979785374428054 ], [ -99.611144772678315, 20.980709772997102 ], [ -99.611777878881398, 20.980984694669381 ], [ -99.612954267007993, 20.982476675057423 ], [ -99.614011856517209, 20.982807084225165 ], [ -99.614540008676769, 20.982474440857803 ], [ -99.616596543756771, 20.983259699851274 ], [ -99.617300815229186, 20.982760893282141 ], [ -99.618006037254943, 20.983133176092608 ], [ -99.619297529876036, 20.982508983127968 ], [ -99.621705549744874, 20.982463945056907 ], [ -99.621645201836344, 20.981136341012164 ], [ -99.62262472983079, 20.980480833889299 ], [ -99.622701486806747, 20.980429467098425 ], [ -99.628811813746665, 20.98207986392422 ], [ -99.629340149350583, 20.981871607153959 ], [ -99.631690323820976, 20.982531852413533 ], [ -99.632705661591402, 20.983548224607983 ], [ -99.632807702447977, 20.983650368301269 ], [ -99.636156123902424, 20.98410155322274 ], [ -99.639857956094787, 20.985340404330792 ], [ -99.649695758753708, 20.984204477511831 ], [ -99.661573611849562, 20.997534063376339 ], [ -99.667229143586383, 21.003879670688626 ], [ -99.657566878440761, 21.014769790967939 ], [ -99.693583092144721, 21.022152763227837 ], [ -99.692776768868072, 21.026972985202118 ], [ -99.68886104684303, 21.049669343024149 ] ] ] ] } },
{ "type": "Feature", "properties": { "CVE_PAIS": "MX", "NOM_PAIS": "MEXICO", "CVE_ENT": "22", "NOM_ENT": "QUERETARO", "CU_MUN": "22014", "NOM_MUN": "QUERETARO" }, "geometry": { "type": "MultiPolygon", "coordinates": [ [ [ [ -100.584691232730009, 20.728254803070037 ], [ -100.584280525875883, 20.728300502501092 ], [ -100.583927985894007, 20.728304354074158 ], [ -100.583517867931732, 20.728391256746708 ], [ -100.583225852261236, 20.728518080291291 ], [ -100.582820446865085, 20.728934621781914 ], [ -100.582593078090028, 20.7294728533826 ], [ -100.579282413721344, 20.730147742261718 ], [ -100.575971715567263, 20.730822569237372 ], [ -100.572749414253366, 20.731516979754229 ], [ -100.569530593559065, 20.732458563594285 ], [ -100.565368074941162, 20.733163030359705 ], [ -100.563271613276484, 20.733446537719747 ], [ -100.559737106376687, 20.733924454173064 ], [ -100.556743861079127, 20.734203982613113 ], [ -100.551421694420114, 20.736033322135217 ], [ -100.54895432814682, 20.736101010430978 ], [ -100.548611808500269, 20.742606306150364 ], [ -100.548422834453845, 20.746195162945423 ], [ -100.54867914443696, 20.749308093653529 ], [ -100.549767116086983, 20.751044805128714 ], [ -100.550668095087474, 20.752158359428094 ], [ -100.551625742566912, 20.753145925394957 ], [ -100.55288160719951, 20.754379527875393 ], [ -100.554021338978984, 20.755698237494226 ], [ -100.556237088652722, 20.758044491997303 ], [ -100.557556808745304, 20.75956919216593 ], [ -100.558638543866465, 20.760930425419634 ], [ -100.559609136175766, 20.76266875656264 ], [ -100.561974070679952, 20.766848554407879 ], [ -100.562394898702863, 20.76738486236318 ], [ -100.563343008932563, 20.774672555100036 ], [ -100.56306689342496, 20.775719604754894 ], [ -100.562797204139954, 20.777142061295493 ], [ -100.562422775308349, 20.779317032669876 ], [ -100.561879086830587, 20.781911672650214 ], [ -100.56184385956449, 20.78328901619728 ], [ -100.561814347076947, 20.785000054894034 ], [ -100.561831491106815, 20.786001140796181 ], [ -100.559619943657069, 20.787368210939565 ], [ -100.559568281077247, 20.78778617977186 ], [ -100.559642071273075, 20.788661281309427 ], [ -100.55971157957444, 20.789286111043229 ], [ -100.560869286745614, 20.791430447914657 ], [ -100.56056269493854, 20.793262370108756 ], [ -100.560328045009726, 20.79466440714215 ], [ -100.55984812520056, 20.797234809550716 ], [ -100.559367537651255, 20.799971152795031 ], [ -100.55876997640749, 20.802582613691385 ], [ -100.558469141831438, 20.804406911905303 ], [ -100.563310455238764, 20.80709117195293 ], [ -100.56393560174277, 20.812672885451345 ], [ -100.564307069135097, 20.813752281251407 ], [ -100.565088785396028, 20.814742289726432 ], [ -100.566218364278484, 20.815435198828077 ], [ -100.567294158181468, 20.816420933934861 ], [ -100.568079492194485, 20.817619484460163 ], [ -100.568744346572885, 20.818652890548865 ], [ -100.569346811695723, 20.819478588931496 ], [ -100.569488824242853, 20.820895075498989 ], [ -100.569620797154258, 20.821727599692643 ], [ -100.568033555738339, 20.821792351207286 ], [ -100.566687297971896, 20.822187370877529 ], [ -100.565638682458868, 20.822786677591413 ], [ -100.564242185587815, 20.823683071213271 ], [ -100.563315472421721, 20.824530931288276 ], [ -100.562563046951226, 20.825251098106644 ], [ -100.562220173870017, 20.825840169217869 ], [ -100.563287433407297, 20.826325385124797 ], [ -100.562785289655992, 20.827918092213483 ], [ -100.561010085996955, 20.827317949642914 ], [ -100.559203950636743, 20.828345396536818 ], [ -100.55844291309954, 20.828565005998438 ], [ -100.55674795137304, 20.829215322765734 ], [ -100.55464410992559, 20.830038412157432 ], [ -100.552889582948993, 20.830647829506159 ], [ -100.549965812274039, 20.831691294986637 ], [ -100.548025304320134, 20.832398525152545 ], [ -100.546866966404735, 20.83282067524971 ], [ -100.543415158283992, 20.833955072028775 ], [ -100.539207863990427, 20.835642627378441 ], [ -100.537512020143708, 20.836251051222984 ], [ -100.535236459526942, 20.837368428524872 ], [ -100.533833973325571, 20.837930894510912 ], [ -100.531442837342041, 20.839175044759447 ], [ -100.525490348086862, 20.842055446459561 ], [ -100.524629881100694, 20.843361113629442 ], [ -100.520546078081097, 20.845421972628458 ], [ -100.511617601209281, 20.849804541905929 ], [ -100.511149801930287, 20.849978066961175 ], [ -100.510095846019482, 20.850285068507002 ], [ -100.509528212504023, 20.850646594848161 ], [ -100.507586966348171, 20.851261345094567 ], [ -100.5052343050437, 20.851915953492814 ], [ -100.502646815090444, 20.852528122793093 ], [ -100.502932174018611, 20.854479123085191 ], [ -100.503976283215437, 20.857594723698046 ], [ -100.50467184954087, 20.859796243390431 ], [ -100.505483519460171, 20.862330105500028 ], [ -100.506003413035018, 20.864406470052817 ], [ -100.506929809716979, 20.867604555110166 ], [ -100.50745115876758, 20.869349023836765 ], [ -100.509325957138515, 20.870600902324782 ], [ -100.502726054343299, 20.875138730065437 ], [ -100.50089377747058, 20.877662241866542 ], [ -100.499592038981987, 20.87977295526138 ], [ -100.498465644070805, 20.882091784584606 ], [ -100.496992162677444, 20.882972322296919 ], [ -100.496761697196675, 20.883267632308051 ], [ -100.491764723644124, 20.890639527076559 ], [ -100.491721227594141, 20.891558038727496 ], [ -100.491667965373566, 20.891892570184368 ], [ -100.491502597275385, 20.892562461533483 ], [ -100.490705989593678, 20.894200860454415 ], [ -100.489505122285536, 20.896303893696775 ], [ -100.488410068062976, 20.897696145592459 ], [ -100.487380512672104, 20.898300187958547 ], [ -100.487244307676775, 20.898380098918395 ], [ -100.485723373355256, 20.898943866175607 ], [ -100.484497352702263, 20.899545202660114 ], [ -100.484443203000339, 20.89982759147254 ], [ -100.484389053130343, 20.900109980271008 ], [ -100.483749047857799, 20.900557053434852 ], [ -100.483796122927203, 20.901618381871625 ], [ -100.484032032065869, 20.906936659333439 ], [ -100.482054228622744, 20.919268402369944 ], [ -100.472439787231096, 20.924089733748435 ], [ -100.459321527403276, 20.924023452694399 ], [ -100.453214673717554, 20.921777172140288 ], [ -100.453166765974004, 20.919412191065287 ], [ -100.453292700521757, 20.917587272975741 ], [ -100.453297093597527, 20.917536042829198 ], [ -100.453549140542407, 20.912941757293883 ], [ -100.453379122283479, 20.911571960914621 ], [ -100.454093510597303, 20.909583554677379 ], [ -100.454306329956125, 20.899799538038682 ], [ -100.452471768781422, 20.899199114811982 ], [ -100.443173946047878, 20.895739461430733 ], [ -100.441936133853147, 20.89563136558424 ], [ -100.438263112207451, 20.894179936979882 ], [ -100.432997258848289, 20.892499973470247 ], [ -100.427387285250617, 20.891366963467444 ], [ -100.427090344091553, 20.891204138407755 ], [ -100.426734559208143, 20.891042118954694 ], [ -100.425846458901205, 20.890720495295596 ], [ -100.425080125275059, 20.890647541052527 ], [ -100.424610729363167, 20.890737413469456 ], [ -100.424196103706421, 20.89057619390762 ], [ -100.422538966257889, 20.890014733619953 ], [ -100.421059727907348, 20.88953427273972 ], [ -100.419815873297821, 20.889050583739838 ], [ -100.418335297256903, 20.888486669458967 ], [ -100.41727475859112, 20.888417695107545 ], [ -100.415318714961259, 20.887568174735449 ], [ -100.41490275416335, 20.887323502618017 ], [ -100.414431332183838, 20.887288203512714 ], [ -100.414192578953902, 20.88708283840581 ], [ -100.414189198656487, 20.886874266109661 ], [ -100.414303504356454, 20.886664090291237 ], [ -100.414299447875379, 20.886413803535792 ], [ -100.414062724296841, 20.886333581530987 ], [ -100.413769861828698, 20.886421018661398 ], [ -100.413535504002184, 20.886486796570363 ], [ -100.413301145952502, 20.886552574169126 ], [ -100.413186838888009, 20.886762749394652 ], [ -100.412716094410641, 20.88676915992075 ], [ -100.412068820552264, 20.886777972280914 ], [ -100.410833790393326, 20.886836503608787 ], [ -100.409719819228144, 20.887101998431888 ], [ -100.407723866570393, 20.887421196032737 ], [ -100.404168527719861, 20.888340770825522 ], [ -100.404148551427284, 20.888345937559585 ], [ -100.39753073749759, 20.890396613278014 ], [ -100.396563089506955, 20.890555190983015 ], [ -100.394478177959613, 20.890896845760452 ], [ -100.391650257770706, 20.890726410529201 ], [ -100.383334374530335, 20.88967015274946 ], [ -100.375505976597751, 20.889650056661967 ], [ -100.362626112951034, 20.890281122419587 ], [ -100.35956348501675, 20.890155005213163 ], [ -100.358505581374231, 20.890252527403259 ], [ -100.353860707016054, 20.890564588200267 ], [ -100.352752517800354, 20.891205158767011 ], [ -100.352218286730448, 20.89092017480791 ], [ -100.351805703540535, 20.890883922254542 ], [ -100.350748445461022, 20.891023112633068 ], [ -100.346392492156809, 20.890997346420381 ], [ -100.340938772516523, 20.890942262093223 ], [ -100.337444527738256, 20.890906866635014 ], [ -100.336856715422314, 20.890956335844262 ], [ -100.333530614664184, 20.890826292563702 ], [ -100.332249326586478, 20.882474850332486 ], [ -100.334389205061171, 20.877600166826593 ], [ -100.335280239823959, 20.875300851417276 ], [ -100.335511795162006, 20.874791300728326 ], [ -100.3359604337479, 20.87380403602651 ], [ -100.337293797610457, 20.870869785647947 ], [ -100.339623627539027, 20.867643698876144 ], [ -100.342933770138728, 20.863095911702459 ], [ -100.343395817077379, 20.862461082188876 ], [ -100.344106953914476, 20.861504677606991 ], [ -100.344200618335023, 20.861601056672665 ], [ -100.346008094943855, 20.859540667143659 ], [ -100.346089266256882, 20.859650694329904 ], [ -100.346380241906587, 20.859711643077553 ], [ -100.346698509694519, 20.859835614024966 ], [ -100.346978369642102, 20.859795017582901 ], [ -100.347264393874482, 20.859704685607593 ], [ -100.347572861469828, 20.859605142544794 ], [ -100.347843116789974, 20.859700129112714 ], [ -100.348244975867487, 20.859430463421454 ], [ -100.348523383748201, 20.859597656022018 ], [ -100.34880108720597, 20.859685806928102 ], [ -100.349106526414062, 20.859516272173323 ], [ -100.349015103687165, 20.859435687541069 ], [ -100.348978482617412, 20.859404357474229 ], [ -100.348536376167715, 20.858798052019054 ], [ -100.345840626403628, 20.855099550889932 ], [ -100.346339630750592, 20.853462744572674 ], [ -100.347034439745642, 20.851151368863611 ], [ -100.348102125040256, 20.847513584808354 ], [ -100.351147114486949, 20.846240645412564 ], [ -100.356195931353867, 20.844183914506029 ], [ -100.360242576081973, 20.842539269934527 ], [ -100.364928879516512, 20.840672623904513 ], [ -100.368409313064319, 20.83923330925251 ], [ -100.370121697260146, 20.838510461398226 ], [ -100.370164666503996, 20.837916140295921 ], [ -100.3701358034386, 20.833067436278657 ], [ -100.37055652330227, 20.832709661088362 ], [ -100.370991049008168, 20.832340142803435 ], [ -100.371308010213212, 20.832025937409888 ], [ -100.372440835692004, 20.82992100746154 ], [ -100.373276938077339, 20.829006404061463 ], [ -100.376647623923873, 20.827820764361736 ], [ -100.37700549614209, 20.827583008497978 ], [ -100.377454277303357, 20.827139000762404 ], [ -100.377617042853856, 20.826909587259262 ], [ -100.377791201861086, 20.826612328019859 ], [ -100.378087994705268, 20.826361510328805 ], [ -100.378125101076648, 20.826083420557737 ], [ -100.378762491587779, 20.825380427764795 ], [ -100.380696952571142, 20.823777153211687 ], [ -100.38253049071696, 20.822865762629093 ], [ -100.383442639606201, 20.821444604361592 ], [ -100.383755170694911, 20.818677721658318 ], [ -100.384313996189661, 20.817433313110559 ], [ -100.385051097449988, 20.816937272891664 ], [ -100.388665560071431, 20.814645317758139 ], [ -100.390094584922124, 20.813739124378902 ], [ -100.391495858418494, 20.812006811239005 ], [ -100.394942627788041, 20.809880698221953 ], [ -100.395575536281086, 20.80948935234446 ], [ -100.397522279249785, 20.808380405500671 ], [ -100.398293436132903, 20.807940495929458 ], [ -100.400426748465875, 20.806719332313765 ], [ -100.401525724472336, 20.806504835793724 ], [ -100.402097245310742, 20.806394017145237 ], [ -100.40315306926432, 20.80618889698853 ], [ -100.403219290319214, 20.806174804488553 ], [ -100.403296919342537, 20.80616061862376 ], [ -100.403394320410797, 20.806141754032787 ], [ -100.403451556018453, 20.806129993422179 ], [ -100.403530868571167, 20.806114229797458 ], [ -100.403581917426493, 20.806104083652553 ], [ -100.403642455310163, 20.806092295954791 ], [ -100.40440367063556, 20.805943781959531 ], [ -100.404447180095389, 20.805941167228568 ], [ -100.40446182022059, 20.805965890323268 ], [ -100.404546270136805, 20.805942614238432 ], [ -100.405373591674902, 20.805897443432556 ], [ -100.406345766836608, 20.805835271802827 ], [ -100.406431605670093, 20.805832309478031 ], [ -100.406248632173174, 20.805526660416678 ], [ -100.406190091883744, 20.80533291355621 ], [ -100.406075496418026, 20.805245773432269 ], [ -100.405946030159441, 20.805206182608394 ], [ -100.406304269213777, 20.804889320939512 ], [ -100.406670947799512, 20.804899864803108 ], [ -100.407010104892194, 20.804856430824607 ], [ -100.407239560504834, 20.804800345568665 ], [ -100.407068368826543, 20.803661232233733 ], [ -100.406684106871268, 20.803664383984444 ], [ -100.406528510189887, 20.803113651007951 ], [ -100.406521137908797, 20.803087556773203 ], [ -100.406458416305853, 20.803090329520209 ], [ -100.40603383947672, 20.802630827599994 ], [ -100.405982624153808, 20.802482189544374 ], [ -100.406174258292808, 20.802394797525299 ], [ -100.406026211259615, 20.802034658712973 ], [ -100.406014007883243, 20.801997494273991 ], [ -100.406001804513352, 20.801960329833701 ], [ -100.405280371660169, 20.800502763863555 ], [ -100.405178631539314, 20.800571350866264 ], [ -100.405096353572461, 20.799564754512264 ], [ -100.405179800073284, 20.799044626683525 ], [ -100.405202063192093, 20.79890001017209 ], [ -100.405226550123473, 20.798743869411126 ], [ -100.403016036980731, 20.79851578959104 ], [ -100.40302367941662, 20.797783987495102 ], [ -100.403028662228678, 20.797316446419224 ], [ -100.403033582450234, 20.796842130464981 ], [ -100.403060241510175, 20.794303407740255 ], [ -100.403073680063244, 20.793029528323178 ], [ -100.403098584919292, 20.790657944785305 ], [ -100.403133250854452, 20.787328694665703 ], [ -100.40285389185307, 20.786757329765596 ], [ -100.402643087894617, 20.786327686970118 ], [ -100.402625043945378, 20.786291699081197 ], [ -100.402050456289572, 20.785119736179873 ], [ -100.401808135108212, 20.784624854151158 ], [ -100.401061316547697, 20.78310197360512 ], [ -100.401536101336731, 20.782081790740655 ], [ -100.40246857736507, 20.780077696663721 ], [ -100.397673869556556, 20.77845682568697 ], [ -100.396458595967673, 20.777624306599424 ], [ -100.393613450552976, 20.77663562915944 ], [ -100.393592377683774, 20.776629024784874 ], [ -100.393542986839407, 20.77661135789166 ], [ -100.391897290413439, 20.776039762513744 ], [ -100.391856945879454, 20.776026538724409 ], [ -100.391483236606788, 20.775896317795603 ], [ -100.390106757474953, 20.775417378450204 ], [ -100.390053765564005, 20.775399739662991 ], [ -100.389160905613451, 20.77508852058596 ], [ -100.388228905736696, 20.77476406226036 ], [ -100.388189462262801, 20.774750830290525 ], [ -100.387010259990134, 20.774342541319889 ], [ -100.3867925304545, 20.774265253204579 ], [ -100.386367639047435, 20.774117366218089 ], [ -100.386281828685782, 20.774088698795939 ], [ -100.384702721643322, 20.773539078803513 ], [ -100.384525958459818, 20.773477266693359 ], [ -100.384462121292643, 20.773455196597151 ], [ -100.382531624602109, 20.772784172149187 ], [ -100.383404513094405, 20.77017989513357 ], [ -100.384055577382554, 20.768236877087801 ], [ -100.384609916077409, 20.766583721651454 ], [ -100.38462189234086, 20.766547489490325 ], [ -100.384711325685373, 20.766282526821733 ], [ -100.385344524976333, 20.76439159363153 ], [ -100.385492376019982, 20.76394999834843 ], [ -100.385506411627787, 20.763909232573837 ], [ -100.385918110955686, 20.762679559033987 ], [ -100.386374528463762, 20.761318532186021 ], [ -100.386387963385232, 20.761277771197726 ], [ -100.386545465734926, 20.760808995553244 ], [ -100.387079002773604, 20.759216980144931 ], [ -100.38724583710669, 20.758718768430274 ], [ -100.387663948357527, 20.757470971789701 ], [ -100.387758029511545, 20.757190160916231 ], [ -100.387779360729297, 20.75712675130006 ], [ -100.388778887887057, 20.754144262915098 ], [ -100.38855448116513, 20.753759876597922 ], [ -100.387868498724359, 20.752588750693494 ], [ -100.387102664150731, 20.751282757108484 ], [ -100.383774510778878, 20.745602400186915 ], [ -100.383972875826061, 20.743852737974969 ], [ -100.384045246379813, 20.743213680968925 ], [ -100.38410010612553, 20.742729247840035 ], [ -100.384305692679519, 20.740916289397628 ], [ -100.384475560718371, 20.739498852770527 ], [ -100.384898409968486, 20.735682310763664 ], [ -100.385367143047432, 20.73145146991838 ], [ -100.385240330757767, 20.731432164820379 ], [ -100.385450599759054, 20.729212639118085 ], [ -100.385473904620298, 20.724056328114301 ], [ -100.385942461222584, 20.721730830543251 ], [ -100.386992303717889, 20.716315554781072 ], [ -100.387255715349482, 20.713576126954859 ], [ -100.387671245020513, 20.709254566580547 ], [ -100.387114646819526, 20.705559646157653 ], [ -100.38708088108929, 20.705212110701346 ], [ -100.387359620027851, 20.697892354738386 ], [ -100.38747059533064, 20.697460088938211 ], [ -100.387678756716554, 20.696893789144589 ], [ -100.387715142643899, 20.696177554551742 ], [ -100.387708834538117, 20.696143727993572 ], [ -100.372579749392273, 20.69329953088079 ], [ -100.368984205377899, 20.692609935436039 ], [ -100.36790743591564, 20.69240618871617 ], [ -100.367855422102537, 20.692627935374048 ], [ -100.360221646637712, 20.690680558592501 ], [ -100.36236205281115, 20.687034218913816 ], [ -100.362759216351535, 20.686358041884404 ], [ -100.362602501375122, 20.686277974701543 ], [ -100.360448618430397, 20.686392108568661 ], [ -100.359408423742465, 20.686280616248617 ], [ -100.357611995934249, 20.686007946835389 ], [ -100.357413948937733, 20.68598579255227 ], [ -100.357215901984688, 20.685963638038263 ], [ -100.35773750162339, 20.684888076139597 ], [ -100.359297176488965, 20.681671864482347 ], [ -100.356196735133608, 20.680756744219899 ], [ -100.356106964214192, 20.680748417312206 ], [ -100.356068228139776, 20.68074420419703 ], [ -100.354152523077261, 20.680510829185447 ], [ -100.353066108031371, 20.679478183108753 ], [ -100.353039170810163, 20.679451292309622 ], [ -100.351025904849848, 20.677547339076671 ], [ -100.350979910776175, 20.677502529933225 ], [ -100.350716145287748, 20.677256159364401 ], [ -100.350977456528312, 20.676648827597926 ], [ -100.350993334713678, 20.676612566799484 ], [ -100.351343872821559, 20.67581707789255 ], [ -100.351357971088873, 20.675783088695312 ], [ -100.351535768600783, 20.675332249740528 ], [ -100.351614038936347, 20.674956721347634 ], [ -100.351619718264942, 20.674920539612685 ], [ -100.351943430918965, 20.673185770664883 ], [ -100.352061617632316, 20.672552401276491 ], [ -100.352075435652779, 20.672385162213327 ], [ -100.352135147066349, 20.671472251461005 ], [ -100.351923190619473, 20.668571709598471 ], [ -100.351185985934293, 20.668448752880359 ], [ -100.346247198703594, 20.667615587735114 ], [ -100.343296915161304, 20.667157526085749 ], [ -100.342840006020268, 20.667082036733266 ], [ -100.342863143304015, 20.664561335823912 ], [ -100.342989443629364, 20.662430461341373 ], [ -100.343034307804984, 20.661673528987642 ], [ -100.343038790752573, 20.661597894096737 ], [ -100.343045708014401, 20.661481188145483 ], [ -100.34310650468359, 20.660455441399524 ], [ -100.343154593408798, 20.659644095295572 ], [ -100.343188914659052, 20.659065029510973 ], [ -100.343208138171562, 20.658745531995891 ], [ -100.343380686597868, 20.655877723149302 ], [ -100.343455366946841, 20.654636495957593 ], [ -100.343521257702264, 20.653541348259083 ], [ -100.343819389505143, 20.648903976956895 ], [ -100.343889380044914, 20.647815268878034 ], [ -100.343963072967867, 20.646715330874287 ], [ -100.344041942225019, 20.645442123923239 ], [ -100.34410596684593, 20.644446193449742 ], [ -100.344125720482637, 20.644441522557283 ], [ -100.344250158905879, 20.64225429092776 ], [ -100.344286401765345, 20.641532426141492 ], [ -100.34431958363011, 20.640871526196495 ], [ -100.339731601582614, 20.641017860597103 ], [ -100.339947332176621, 20.639864331162766 ], [ -100.340233195336694, 20.638911267089849 ], [ -100.340216495371024, 20.638545513299263 ], [ -100.340003343379223, 20.637520602030907 ], [ -100.339980569210681, 20.637427108679436 ], [ -100.339775561959826, 20.636859547415874 ], [ -100.339566374629229, 20.63591710046154 ], [ -100.339158820718126, 20.634068257885335 ], [ -100.339143635875445, 20.633995341317942 ], [ -100.339134402466712, 20.633951003085631 ], [ -100.338943466644182, 20.633105530472324 ], [ -100.33872883392057, 20.632156348223418 ], [ -100.338405941492127, 20.630726934882286 ], [ -100.338234967274374, 20.629996013837939 ], [ -100.337548840097526, 20.627088285058615 ], [ -100.336820730018374, 20.62722717586314 ], [ -100.3368456068022, 20.627328617848026 ], [ -100.33654387391114, 20.62739193359155 ], [ -100.336459597613199, 20.627013150105658 ], [ -100.336428069089706, 20.626871105697802 ], [ -100.336395921187247, 20.626726807525824 ], [ -100.33682243039398, 20.62663734116229 ], [ -100.337100261188013, 20.626579068422618 ], [ -100.337079081389334, 20.626488890575668 ], [ -100.337137300564592, 20.626477003979552 ], [ -100.337195768708014, 20.626465055860503 ], [ -100.33778046030433, 20.626345688785161 ], [ -100.337769850489366, 20.62629834152132 ], [ -100.338117220869051, 20.626225785396745 ], [ -100.338162881214913, 20.626216248148975 ], [ -100.338224604616258, 20.626045734544803 ], [ -100.338326856509966, 20.6257632689451 ], [ -100.338509187415752, 20.625527325023445 ], [ -100.338535783759511, 20.625492913696913 ], [ -100.338553049637255, 20.625470566296666 ], [ -100.338662229918128, 20.625329288341469 ], [ -100.338552302650541, 20.625309813290762 ], [ -100.338697985892793, 20.625028624883512 ], [ -100.338730539870625, 20.624944806467557 ], [ -100.338745117343763, 20.624873835213659 ], [ -100.338857387260958, 20.624327240840316 ], [ -100.338865222526707, 20.62427174469769 ], [ -100.338872071543449, 20.624223233999171 ], [ -100.338879487629768, 20.624170692111161 ], [ -100.338889745482646, 20.624097988972373 ], [ -100.338894014624017, 20.62406777039639 ], [ -100.338899438713241, 20.624029341457554 ], [ -100.338907095520412, 20.623975093598936 ], [ -100.338912880701784, 20.623934082597543 ], [ -100.338918665038193, 20.623893125421443 ], [ -100.338843640958856, 20.623886931249743 ], [ -100.33870636828749, 20.623860892540495 ], [ -100.338047312450385, 20.623732744360659 ], [ -100.337893429361927, 20.623693282375669 ], [ -100.337826063601, 20.623671218629184 ], [ -100.33779116155894, 20.623657937641745 ], [ -100.337757458958549, 20.623644647358748 ], [ -100.337698169696736, 20.623620262472688 ], [ -100.337630105625067, 20.623586911327838 ], [ -100.337581930910432, 20.623564698884874 ], [ -100.337477666827908, 20.623506783960405 ], [ -100.337409484492255, 20.623459882366728 ], [ -100.337336165151001, 20.623408503419757 ], [ -100.33727004246181, 20.623357068731138 ], [ -100.337196604876311, 20.623292139361553 ], [ -100.337138838870757, 20.623236122842076 ], [ -100.337072838688911, 20.623164360210684 ], [ -100.337031324272417, 20.623114993505563 ], [ -100.337007377514908, 20.623084327357688 ], [ -100.336981275822481, 20.623049883013945 ], [ -100.336928430101551, 20.622973501423417 ], [ -100.336869409821148, 20.622876840681354 ], [ -100.33682670022101, 20.622793604977826 ], [ -100.33677376020276, 20.62267205313886 ], [ -100.336718326969333, 20.622505349646801 ], [ -100.336683844397413, 20.622333966939109 ], [ -100.336668552712567, 20.622162435739213 ], [ -100.336669433577825, 20.621988520861606 ], [ -100.336688822496399, 20.621839306794499 ], [ -100.336723706272295, 20.62150703058526 ], [ -100.336725873678077, 20.621274383537173 ], [ -100.336687877283595, 20.62090653443412 ], [ -100.336661944648625, 20.620787032096999 ], [ -100.336639669435826, 20.620674277097368 ], [ -100.336564956438082, 20.620428673495972 ], [ -100.336454683742204, 20.620163017985117 ], [ -100.336331513575232, 20.619931340337406 ], [ -100.336250590338693, 20.619798711927761 ], [ -100.336176220282411, 20.619695393907197 ], [ -100.336089457912422, 20.619580878940464 ], [ -100.336004273736194, 20.619475385908988 ], [ -100.335896821916933, 20.61936103080609 ], [ -100.335837140634723, 20.619291477257597 ], [ -100.335788293424358, 20.61922635702286 ], [ -100.335732392118075, 20.619143222923569 ], [ -100.335720220827838, 20.619122990086048 ], [ -100.335663842483498, 20.619019532718514 ], [ -100.335632067196272, 20.618952021912371 ], [ -100.335606083139183, 20.618929637289273 ], [ -100.335562825957268, 20.618920937463599 ], [ -100.335438325513479, 20.618397511390427 ], [ -100.335425550898975, 20.618343810205317 ], [ -100.335387584704534, 20.618082112046309 ], [ -100.335839199838929, 20.618010866575229 ], [ -100.335892666669793, 20.618052499758416 ], [ -100.336050333336473, 20.618745499758486 ], [ -100.336087833336506, 20.618766333091767 ], [ -100.33613783333648, 20.618760333091817 ], [ -100.33618166666983, 20.618719999758486 ], [ -100.33618566666982, 20.618664833091788 ], [ -100.33615016666981, 20.618618499758423 ], [ -100.336105500003129, 20.618575333091794 ], [ -100.335973666669787, 20.618028333091729 ], [ -100.336011519482824, 20.617983681610898 ], [ -100.33673927228017, 20.617868858501712 ], [ -100.336938168612278, 20.617837491341852 ], [ -100.336920252877434, 20.617799295918619 ], [ -100.33690656438867, 20.617770112751003 ], [ -100.33688857205712, 20.617731753987456 ], [ -100.336856891266251, 20.617664212048421 ], [ -100.336587403051823, 20.617709209185819 ], [ -100.33591270368764, 20.614649576795063 ], [ -100.336905892108646, 20.613246113568671 ], [ -100.337573929818276, 20.614099192724549 ], [ -100.338435067631664, 20.614298053367559 ], [ -100.33862940380962, 20.614301065258935 ], [ -100.33877730795102, 20.614275075528631 ], [ -100.338986386966866, 20.614180855306213 ], [ -100.339325736791878, 20.613895907409294 ], [ -100.339372165917041, 20.613581609630678 ], [ -100.339677369883304, 20.613129793314393 ], [ -100.339699439411675, 20.613116070960167 ], [ -100.339799836662735, 20.613006882454357 ], [ -100.339878887661243, 20.612685556034389 ], [ -100.3402108366558, 20.612206428988475 ], [ -100.340588558876178, 20.611921181306759 ], [ -100.340815125728781, 20.612009765621984 ], [ -100.340822696171188, 20.611992001167518 ], [ -100.340896480069816, 20.612020427196086 ], [ -100.34095912932932, 20.611983804398612 ], [ -100.341171805113902, 20.611855675627467 ], [ -100.341335492014323, 20.611680497351802 ], [ -100.341330585791965, 20.611565349602508 ], [ -100.34125729095237, 20.611516230402277 ], [ -100.341269020647388, 20.611349006995709 ], [ -100.341391240705534, 20.611061223191943 ], [ -100.341432742600148, 20.610801168340149 ], [ -100.341306548878975, 20.61063501529992 ], [ -100.34121226619979, 20.610586058924067 ], [ -100.341151169504485, 20.610491674075192 ], [ -100.341146382121167, 20.610390076651431 ], [ -100.341450883392454, 20.610270269289693 ], [ -100.34176253739497, 20.610179766980703 ], [ -100.341824756934059, 20.610025702870505 ], [ -100.341796476323125, 20.609775223841336 ], [ -100.341889130526667, 20.609706748185666 ], [ -100.342067302081531, 20.609576627785238 ], [ -100.34213822353874, 20.609560267292327 ], [ -100.342281096902497, 20.609405576764331 ], [ -100.342586916312754, 20.609265430378052 ], [ -100.342975700075385, 20.60921723925199 ], [ -100.343281130806645, 20.609169695040052 ], [ -100.34359041670713, 20.609151481410674 ], [ -100.344012370075873, 20.60898784438578 ], [ -100.344393706853893, 20.608808712464924 ], [ -100.344867810927312, 20.608881814919382 ], [ -100.34509794098625, 20.608864214468035 ], [ -100.345312055735235, 20.608627659637779 ], [ -100.345529676587262, 20.608551433859422 ], [ -100.345627363527569, 20.608510019648651 ], [ -100.345819180356585, 20.608705019576799 ], [ -100.346032063280589, 20.608635605690385 ], [ -100.34647894243821, 20.608715691339373 ], [ -100.346560976424612, 20.608701501050135 ], [ -100.346874478077595, 20.608685507303733 ], [ -100.347131335923166, 20.608604456722045 ], [ -100.347249249894489, 20.608578693771022 ], [ -100.347416651438238, 20.608622559797119 ], [ -100.347518855130389, 20.608583367872811 ], [ -100.347721676214078, 20.608631474562497 ], [ -100.347799907821795, 20.608696362301288 ], [ -100.347847320453482, 20.608700509689534 ], [ -100.347419736045623, 20.607131897866626 ], [ -100.346062674451218, 20.607307343927921 ], [ -100.345881198069421, 20.607333600927237 ], [ -100.345608113625374, 20.607376380660831 ], [ -100.345549032055672, 20.607033541904801 ], [ -100.345462069496349, 20.606657041947397 ], [ -100.345357049076213, 20.606682703284097 ], [ -100.345252028617196, 20.606708364558806 ], [ -100.345214285242506, 20.606234363999441 ], [ -100.345262306758045, 20.606224488760297 ], [ -100.345545315541216, 20.606166289982557 ], [ -100.345518695893816, 20.606123998178795 ], [ -100.345497216867059, 20.606089873483675 ], [ -100.345364676856363, 20.60587930079139 ], [ -100.345350092753307, 20.605856130280895 ], [ -100.345991159035208, 20.605787900957377 ], [ -100.345968926715145, 20.605727031604452 ], [ -100.345805330913393, 20.605181799366491 ], [ -100.345731792862196, 20.605207215802537 ], [ -100.345493391179218, 20.604418580882378 ], [ -100.345732273486533, 20.60433993108818 ], [ -100.345683469434121, 20.604192467857082 ], [ -100.345653823744101, 20.604102892158512 ], [ -100.345638149701628, 20.604082863796002 ], [ -100.345554085560622, 20.603988985063669 ], [ -100.345549574365435, 20.603967019850415 ], [ -100.345545063171713, 20.603945054636952 ], [ -100.345482782306803, 20.603641805425767 ], [ -100.3454785975985, 20.60362142978283 ], [ -100.345106358747813, 20.603674014228933 ], [ -100.345071406454778, 20.603586202905515 ], [ -100.3450129270703, 20.603516642963648 ], [ -100.344931500423328, 20.60346307132366 ], [ -100.344887997658049, 20.603363426531516 ], [ -100.344880400304447, 20.60334602447908 ], [ -100.344336201929366, 20.603449632787392 ], [ -100.344270881073228, 20.60345465777462 ], [ -100.344227636374114, 20.603390948784448 ], [ -100.344121370040341, 20.603227707076851 ], [ -100.344080667336172, 20.603191816281598 ], [ -100.34390048021082, 20.60303293070325 ], [ -100.343173764399353, 20.601640537556079 ], [ -100.342976835870175, 20.601305543750797 ], [ -100.342776803109885, 20.60017104802775 ], [ -100.342796262115115, 20.600134107443537 ], [ -100.342806475481538, 20.600114718586504 ], [ -100.342836147737714, 20.600058389320672 ], [ -100.342872757093289, 20.59998889073248 ], [ -100.342895069396917, 20.599946533395755 ], [ -100.342927888562201, 20.599877255483225 ], [ -100.342971316055369, 20.5997855843727 ], [ -100.342983317884332, 20.59923892268263 ], [ -100.342981044224175, 20.599184735200922 ], [ -100.342964734387195, 20.598965782757553 ], [ -100.342957304626822, 20.598904859674192 ], [ -100.342954269945153, 20.59887650941344 ], [ -100.342949245670795, 20.598829572173816 ], [ -100.342939670790443, 20.598740122644742 ], [ -100.342898017033562, 20.598742704672848 ], [ -100.342885352085531, 20.598666012404546 ], [ -100.342874259803878, 20.598597936272945 ], [ -100.34275227214539, 20.597849451476939 ], [ -100.342601974307556, 20.597360513478129 ], [ -100.342585668377211, 20.597307926438599 ], [ -100.342451470801706, 20.596875134258759 ], [ -100.342428771474502, 20.596801927802488 ], [ -100.342411668207092, 20.596746768863159 ], [ -100.342382603098429, 20.596653032249339 ], [ -100.342282545006412, 20.596365729585788 ], [ -100.342271245944815, 20.59633328584944 ], [ -100.3422571772835, 20.596292889557546 ], [ -100.34222486193319, 20.596200100228714 ], [ -100.341978148813084, 20.595491691265824 ], [ -100.341950116537973, 20.595411199260994 ], [ -100.341749875841032, 20.594836224339737 ], [ -100.341677384132169, 20.594628069041963 ], [ -100.341645114602045, 20.594537977386388 ], [ -100.341394356065635, 20.593805893704534 ], [ -100.341034035328661, 20.593058849135787 ], [ -100.340563368150299, 20.592172628688147 ], [ -100.340469491024578, 20.591997189258016 ], [ -100.339694286805411, 20.591565036095393 ], [ -100.338972990236798, 20.591297336266148 ], [ -100.338965148583981, 20.591188986457681 ], [ -100.339232830381491, 20.59114851881008 ], [ -100.339159302050462, 20.590968403896373 ], [ -100.33919296670679, 20.590566120971197 ], [ -100.33934542008285, 20.590411359081646 ], [ -100.339168318076503, 20.589940692788051 ], [ -100.339997624195959, 20.589774889741769 ], [ -100.34212715271795, 20.589349113790973 ], [ -100.342306067675494, 20.589313340413675 ], [ -100.342176880768591, 20.589282723081627 ], [ -100.342030487257205, 20.589238687834094 ], [ -100.341860232520403, 20.589174510591519 ], [ -100.341705468277951, 20.589098920276928 ], [ -100.34158093747935, 20.589022130068614 ], [ -100.341513754436306, 20.588980703887028 ], [ -100.341378259698942, 20.588880119765914 ], [ -100.341217728162249, 20.588727782961548 ], [ -100.341090012262825, 20.588591001459569 ], [ -100.340979987842033, 20.588420204441626 ], [ -100.340843581112992, 20.588157612932243 ], [ -100.340833921054184, 20.588139017659699 ], [ -100.340726258662414, 20.587758156811514 ], [ -100.340709126401322, 20.587616000811732 ], [ -100.340697788836295, 20.587485092659904 ], [ -100.34070931783593, 20.587329163226254 ], [ -100.340721024457835, 20.587193559382193 ], [ -100.34075489557145, 20.587055525214968 ], [ -100.340783808421918, 20.586933339332646 ], [ -100.340827233127726, 20.586790714009037 ], [ -100.340885607594274, 20.586643455705321 ], [ -100.341177364325915, 20.58648108223889 ], [ -100.341305392772128, 20.586409829391901 ], [ -100.342177552479413, 20.586172693289395 ], [ -100.343421260963765, 20.585946219577728 ], [ -100.343577936850537, 20.585994050703043 ], [ -100.3439262837976, 20.586100395901347 ], [ -100.344151912514093, 20.586322293730095 ], [ -100.344259255734769, 20.586429815923104 ], [ -100.344592229106482, 20.586759235212529 ], [ -100.344968559754349, 20.587007008950589 ], [ -100.345454554166452, 20.587247153332896 ], [ -100.345813908919922, 20.58737083695393 ], [ -100.346199328397901, 20.587458180209502 ], [ -100.346513641648386, 20.58750542217491 ], [ -100.346903583122398, 20.587527230746907 ], [ -100.347458908004342, 20.587536457649993 ], [ -100.348197942794457, 20.587537475571384 ], [ -100.349018573369634, 20.58764626430289 ], [ -100.350498967625384, 20.587946393395612 ], [ -100.350777167504802, 20.588011977766918 ], [ -100.351225567477513, 20.588067198206737 ], [ -100.351655163266244, 20.588063842241155 ], [ -100.352228278777773, 20.588016451119636 ], [ -100.35262176253292, 20.587929808914645 ], [ -100.353056864316784, 20.587775074337682 ], [ -100.353121772742341, 20.587751990935875 ], [ -100.353447505226939, 20.587598120519601 ], [ -100.353843729124847, 20.58734658055436 ], [ -100.354364745773438, 20.586933706320949 ], [ -100.354996668026587, 20.586043409644649 ], [ -100.355361841352959, 20.585350653688863 ], [ -100.355392373184685, 20.58529273265184 ], [ -100.355401329809666, 20.585084876602174 ], [ -100.355369651097462, 20.585083069337262 ], [ -100.355195690558048, 20.585073144814437 ], [ -100.355171498164395, 20.585071764614145 ], [ -100.355080394961419, 20.585066567054252 ], [ -100.355011139104448, 20.585062615882212 ], [ -100.349657830019325, 20.584757115071039 ], [ -100.348818969655071, 20.583937028407583 ], [ -100.348676808349083, 20.584032995548654 ], [ -100.348634537321416, 20.584067203241762 ], [ -100.348116099451232, 20.584672017051631 ], [ -100.347877923152154, 20.584827453910041 ], [ -100.346794990060658, 20.585129498188191 ], [ -100.345738220945734, 20.58431335056607 ], [ -100.345559658535095, 20.58422439731773 ], [ -100.345301925626387, 20.583996029383364 ], [ -100.34547229510666, 20.583112807225721 ], [ -100.345484124410362, 20.583097968469161 ], [ -100.345376604171562, 20.582358000144023 ], [ -100.345485363326318, 20.582110972556158 ], [ -100.346882047168464, 20.581488040022464 ], [ -100.346797203317095, 20.581183905295934 ], [ -100.34674059036044, 20.580980967404727 ], [ -100.345475816318881, 20.579346581214249 ], [ -100.345735047553788, 20.579233896595678 ], [ -100.344494034590326, 20.578118783846932 ], [ -100.343836836203295, 20.577529888933533 ], [ -100.343570684535436, 20.577297065857312 ], [ -100.342921184941474, 20.576730692840947 ], [ -100.342812344919707, 20.576636319872964 ], [ -100.342420340090285, 20.57629641886836 ], [ -100.341487487356034, 20.57558543140842 ], [ -100.339775391559058, 20.574277437449776 ], [ -100.339182875882344, 20.573848379809405 ], [ -100.338622383145434, 20.573687840590324 ], [ -100.338419006777855, 20.573679441324511 ], [ -100.338301542908354, 20.57367459006003 ], [ -100.338161753019037, 20.573668816625037 ], [ -100.33810319730236, 20.57356075347397 ], [ -100.338042501812481, 20.573448741229015 ], [ -100.338017943082193, 20.573403418554548 ], [ -100.337940009456261, 20.573381186862196 ], [ -100.337863772204244, 20.573359439044037 ], [ -100.337010267180176, 20.572839789535067 ], [ -100.336587742900434, 20.572583318277982 ], [ -100.336262872581557, 20.572387073209402 ], [ -100.336176969555623, 20.572333530888539 ], [ -100.333588170710684, 20.570756691445016 ], [ -100.333324616853858, 20.570591239430435 ], [ -100.333179446341191, 20.570500104956981 ], [ -100.33312496079472, 20.57056037641598 ], [ -100.333070475205858, 20.570620647859698 ], [ -100.331920298306414, 20.56990224370788 ], [ -100.331752004777769, 20.569853850010411 ], [ -100.331686636988053, 20.569748200394955 ], [ -100.330615657275445, 20.568758150063228 ], [ -100.330679424092125, 20.568754321872273 ], [ -100.330831381252494, 20.568745199148086 ], [ -100.330792585454276, 20.568706734577042 ], [ -100.329960332046383, 20.567881579658359 ], [ -100.329578210463623, 20.567502712771681 ], [ -100.329425370674116, 20.567351173990478 ], [ -100.32930635042581, 20.56703814729477 ], [ -100.329138875837216, 20.566599012796829 ], [ -100.329086515842633, 20.566618583335007 ], [ -100.328824237192634, 20.566716614632718 ], [ -100.328833088072315, 20.566582556067793 ], [ -100.328838504289934, 20.566500520050937 ], [ -100.328846765122478, 20.566375398362737 ], [ -100.329132281015632, 20.566188482337498 ], [ -100.329185383030662, 20.566153718437448 ], [ -100.329082497987827, 20.566111595464069 ], [ -100.329309049114869, 20.565271928606844 ], [ -100.329329967474337, 20.565116786843081 ], [ -100.329348279403717, 20.564980975559799 ], [ -100.32942397587702, 20.564419567116961 ], [ -100.329445154393468, 20.564263548990528 ], [ -100.329465817744733, 20.56411132574868 ], [ -100.32948201964021, 20.563991969094147 ], [ -100.329547965607816, 20.563506154675199 ], [ -100.329601599849923, 20.56256843809053 ], [ -100.329671363041825, 20.561349478887823 ], [ -100.329698200672297, 20.560880547577746 ], [ -100.32989258042484, 20.561110479519503 ], [ -100.330870575077427, 20.562267335588036 ], [ -100.330915561858205, 20.56223536994575 ], [ -100.331088194386737, 20.562439572529588 ], [ -100.332144366166489, 20.561934567060376 ], [ -100.332281660306919, 20.561969647922389 ], [ -100.332304855417561, 20.562224687221057 ], [ -100.33318643657276, 20.563121328017676 ], [ -100.333587640585634, 20.563529647735066 ], [ -100.333607121707729, 20.563549474289307 ], [ -100.333642773696084, 20.563552482741613 ], [ -100.335250423348938, 20.563688134627846 ], [ -100.335314058941677, 20.564008359678109 ], [ -100.335377994583197, 20.564328582367295 ], [ -100.335609032605205, 20.564353903244804 ], [ -100.3372864260336, 20.564551003344917 ], [ -100.338826222213143, 20.564128047183306 ], [ -100.342081639542627, 20.563235561184477 ], [ -100.343564894422926, 20.562828812125677 ], [ -100.346293341602205, 20.56208036733598 ], [ -100.347532241958675, 20.561738724213228 ], [ -100.34893623358667, 20.561355132682273 ], [ -100.350452340208861, 20.560939036145225 ], [ -100.349881763667767, 20.560308831269619 ], [ -100.349863001585177, 20.560288650535046 ], [ -100.349273368267447, 20.55963826492864 ], [ -100.348752821652766, 20.55893539231268 ], [ -100.348727725885155, 20.55891074365244 ], [ -100.348735043082115, 20.558856481390571 ], [ -100.348678123460431, 20.558723669971471 ], [ -100.348611503934109, 20.558715154499282 ], [ -100.348584200714299, 20.558541458467545 ], [ -100.348438335932883, 20.558486130300103 ], [ -100.345856123114785, 20.556414791885718 ], [ -100.345327821423979, 20.552729377784733 ], [ -100.34571839613622, 20.552952503442423 ], [ -100.347029720819762, 20.552713391526797 ], [ -100.348175126788504, 20.552503281730935 ], [ -100.348307532108436, 20.552479069906234 ], [ -100.355794433873655, 20.551109829180525 ], [ -100.359670331787299, 20.550398575328064 ], [ -100.358447901583219, 20.530366322291776 ], [ -100.362017840923642, 20.528906250984729 ], [ -100.36208264558222, 20.528246662489536 ], [ -100.362319850272868, 20.52783579631312 ], [ -100.362966249297202, 20.527304034625704 ], [ -100.363845363159669, 20.526815150629034 ], [ -100.364663747970567, 20.526573353419302 ], [ -100.365537970988598, 20.526579457760864 ], [ -100.368279231761122, 20.526392307592403 ], [ -100.381708269769561, 20.523446327547745 ], [ -100.38235622510966, 20.523809837673646 ], [ -100.384180103140707, 20.529524329055256 ], [ -100.384347936426749, 20.530119437345284 ], [ -100.384395300495299, 20.530291220430087 ], [ -100.384416141842152, 20.530366809040636 ], [ -100.384578627976751, 20.530956120243513 ], [ -100.384769191026265, 20.531640739456698 ], [ -100.384809132921447, 20.531784234311189 ], [ -100.384857897647564, 20.531959425556689 ], [ -100.385942820560103, 20.535856978941993 ], [ -100.386053370732853, 20.535883889506849 ], [ -100.386100539961205, 20.536060033602716 ], [ -100.386112265866387, 20.536095223108656 ], [ -100.386141151351225, 20.536198872741387 ], [ -100.3862605007117, 20.536627131692796 ], [ -100.386430475461168, 20.537237043922243 ], [ -100.386556417612482, 20.537688952453074 ], [ -100.387022521510616, 20.539361410242492 ], [ -100.387156692684172, 20.539842830709066 ], [ -100.387185800982479, 20.539947526693833 ], [ -100.387253322440358, 20.540189740615769 ], [ -100.388157600079737, 20.543425355903693 ], [ -100.388256569858356, 20.543760433591856 ], [ -100.388379344227829, 20.544127895098729 ], [ -100.388503575034193, 20.544497249074528 ], [ -100.388629071099672, 20.544870363531828 ], [ -100.388756429024582, 20.545249010951974 ], [ -100.388780557959876, 20.545320748363949 ], [ -100.388878679795752, 20.545612472266914 ], [ -100.388985659818616, 20.545930530783941 ], [ -100.389000928010375, 20.545979660687095 ], [ -100.389163314211388, 20.546458705380573 ], [ -100.389400222000617, 20.547194299147758 ], [ -100.389638859290258, 20.54793525468963 ], [ -100.389840564907345, 20.548602408886122 ], [ -100.390128936736886, 20.549556205390608 ], [ -100.390346654034644, 20.550276301257956 ], [ -100.390410986177329, 20.550489077105251 ], [ -100.390519978570751, 20.550849563280718 ], [ -100.390751769696791, 20.551618791641847 ], [ -100.390991407626984, 20.552414051188549 ], [ -100.391026662493132, 20.552531387151788 ], [ -100.391056950767009, 20.552644326733375 ], [ -100.391315799801617, 20.553615746803118 ], [ -100.391477888491323, 20.554179171347087 ], [ -100.391613136747907, 20.554649293650314 ], [ -100.391812360112155, 20.555341788256566 ], [ -100.392192672486189, 20.555299905695595 ], [ -100.392562262626399, 20.555279402166835 ], [ -100.392932669442175, 20.555255190998516 ], [ -100.393307052157397, 20.555256763618676 ], [ -100.393796502241045, 20.555220899710566 ], [ -100.39422102870725, 20.555191034185043 ], [ -100.394996594798542, 20.555153554943036 ], [ -100.39558454634637, 20.555114182916391 ], [ -100.395647660533612, 20.555248463070882 ], [ -100.395813360235991, 20.555257177885949 ], [ -100.396825992407599, 20.555310432813933 ], [ -100.397860543453561, 20.555326089236104 ], [ -100.398064879408793, 20.555328933611435 ], [ -100.398761581121249, 20.555337879589629 ], [ -100.400101056443631, 20.555405189236335 ], [ -100.400251729668327, 20.555408835380938 ], [ -100.401357477158243, 20.555435589364553 ], [ -100.403061102433242, 20.55548413039752 ], [ -100.403520466870148, 20.555496534253976 ], [ -100.404383745871215, 20.555519770732023 ], [ -100.404620764112465, 20.555526113231174 ], [ -100.405672278756782, 20.555536544300992 ], [ -100.406468303301395, 20.555566389408639 ], [ -100.40704005449588, 20.555084794938931 ], [ -100.407641383630391, 20.554584356126909 ], [ -100.407718983159725, 20.55455875555003 ], [ -100.407831338464518, 20.55451190997934 ], [ -100.407971879208219, 20.554453312675665 ], [ -100.408096299390337, 20.554401436448572 ], [ -100.408679984268915, 20.554158072028486 ], [ -100.409849411519872, 20.553951552106092 ], [ -100.409852974760341, 20.553975163892961 ], [ -100.410551705754656, 20.553856044686501 ], [ -100.410837038771817, 20.553807386474432 ], [ -100.410896526693435, 20.553804598988869 ], [ -100.410946334082155, 20.553801099544433 ], [ -100.410994389177503, 20.553798468310088 ], [ -100.411111254681401, 20.553793005439129 ], [ -100.41124423064295, 20.553893882929259 ], [ -100.411349881580293, 20.554030154478262 ], [ -100.411512729253133, 20.554535252505687 ], [ -100.411580683536428, 20.554746023412051 ], [ -100.411666334938076, 20.555124180918035 ], [ -100.411716826829462, 20.55544151917066 ], [ -100.411869342630851, 20.556022487725645 ], [ -100.411985748930491, 20.556465903231043 ], [ -100.412179017996635, 20.557258701755575 ], [ -100.412287157440574, 20.557730367155902 ], [ -100.412238063870944, 20.557833100350063 ], [ -100.412169875449237, 20.557933464177168 ], [ -100.41199596401654, 20.558060726715084 ], [ -100.411898863855583, 20.558137847221889 ], [ -100.411835873460191, 20.558187876434381 ], [ -100.411726758484861, 20.558313209843778 ], [ -100.41172309018971, 20.558449122619809 ], [ -100.411994444667158, 20.560678059294595 ], [ -100.411935698017942, 20.560731085342898 ], [ -100.411937559841149, 20.561249471293671 ], [ -100.411951387880578, 20.561782896235485 ], [ -100.411692518985646, 20.562064294770547 ], [ -100.41097793260613, 20.562838246063276 ], [ -100.409768141471119, 20.562079970961712 ], [ -100.409520561006133, 20.561954885894082 ], [ -100.409618391735492, 20.563549031801493 ], [ -100.410391289226382, 20.563921930500491 ], [ -100.410413756269904, 20.563932488539336 ], [ -100.410435955740653, 20.563942973089318 ], [ -100.410543048021836, 20.563808798887511 ], [ -100.410811966286573, 20.563451980886885 ], [ -100.411534609422148, 20.562684875640937 ], [ -100.411951086396869, 20.562263842073257 ], [ -100.412014761427088, 20.562187580016086 ], [ -100.412050033666659, 20.56222260077179 ], [ -100.412118458287509, 20.562290537469718 ], [ -100.412743219104158, 20.563225332784359 ], [ -100.412961998806011, 20.563370750851437 ], [ -100.413201112454814, 20.563519782272699 ], [ -100.413240890668419, 20.563552934424166 ], [ -100.413267811980404, 20.563570267228727 ], [ -100.413321609975796, 20.563602280600229 ], [ -100.413868937605329, 20.562935855874354 ], [ -100.413903105407073, 20.562894253007457 ], [ -100.413985964534277, 20.562793363250513 ], [ -100.414015536949094, 20.562757355665571 ], [ -100.414065866819612, 20.562696073757451 ], [ -100.41409312812759, 20.562662880418799 ], [ -100.414165527101986, 20.562574727522509 ], [ -100.414274273135646, 20.562442318502196 ], [ -100.414335663907167, 20.562367568963431 ], [ -100.414360234765269, 20.562337651407052 ], [ -100.414378791154746, 20.562315057077498 ], [ -100.414448489243469, 20.562230192349141 ], [ -100.414476568374141, 20.562196003031428 ], [ -100.415885850835267, 20.560480027942926 ], [ -100.416164219111366, 20.560141074560171 ], [ -100.416575315600411, 20.559640502215487 ], [ -100.416919359609423, 20.559221573318954 ], [ -100.416930971694185, 20.55923784398999 ], [ -100.416944008205917, 20.559256110540424 ], [ -100.416958854662553, 20.559276913149645 ], [ -100.416974833858561, 20.559299302926409 ], [ -100.417058874145013, 20.559417059310231 ], [ -100.417081511084007, 20.560575214709367 ], [ -100.417087920819256, 20.560903142255533 ], [ -100.417089374612274, 20.560977519100209 ], [ -100.417096534623724, 20.561343826894774 ], [ -100.417100621582335, 20.561552914505953 ], [ -100.417103522279945, 20.561701312418162 ], [ -100.417110564558953, 20.562061587880741 ], [ -100.418094527364033, 20.561701032625201 ], [ -100.418257900151517, 20.561654112432613 ], [ -100.418828291811678, 20.561467032341376 ], [ -100.419109916049663, 20.561373919482246 ], [ -100.419664286452473, 20.56119548584407 ], [ -100.420323477319371, 20.560966786868477 ], [ -100.421355941598691, 20.560598187047994 ], [ -100.421554867492162, 20.560632995369005 ], [ -100.421638366373884, 20.560647605753882 ], [ -100.423632753731596, 20.559979519635352 ], [ -100.423767616778804, 20.561259047159488 ], [ -100.423862968019662, 20.562385201973868 ], [ -100.423867050481505, 20.56243341775599 ], [ -100.423870100134764, 20.562469435558182 ], [ -100.423872045319058, 20.562492409063566 ], [ -100.42354475341125, 20.562623806346405 ], [ -100.423553962729159, 20.562706177385422 ], [ -100.423688316385395, 20.563907865591137 ], [ -100.423696244460174, 20.563978775237409 ], [ -100.423704729139232, 20.564054663141473 ], [ -100.423720766584964, 20.564198103518667 ], [ -100.424092563677917, 20.56752339194253 ], [ -100.424355237017153, 20.567912186859147 ], [ -100.424919824695735, 20.570760333032151 ], [ -100.425071766664658, 20.571120341895401 ], [ -100.425223292266963, 20.571249278121407 ], [ -100.425374818122179, 20.57137821419791 ], [ -100.425728767302374, 20.57153477425636 ], [ -100.426202241868268, 20.571537383194823 ], [ -100.42742867725697, 20.571198159945308 ], [ -100.428012317150419, 20.571184183409795 ], [ -100.428459040161457, 20.571443168019123 ], [ -100.428672302409382, 20.571707133091671 ], [ -100.430186480957772, 20.574648892915071 ], [ -100.430989420360476, 20.576287430286058 ], [ -100.431048017140611, 20.576407004789008 ], [ -100.431069363959992, 20.576520728803285 ], [ -100.431525899492968, 20.577655532310267 ], [ -100.431676548885662, 20.578400895209015 ], [ -100.431784348719731, 20.579333264604916 ], [ -100.431962648814789, 20.580386374331841 ], [ -100.431968616852515, 20.580448122771372 ], [ -100.431970836965604, 20.580471093205251 ], [ -100.432645787971936, 20.583783155614856 ], [ -100.433588679657632, 20.588568230417042 ], [ -100.433612938822463, 20.588824865163339 ], [ -100.433619236805626, 20.589057699466728 ], [ -100.433595280936274, 20.589140702079931 ], [ -100.433504452606982, 20.589272129964304 ], [ -100.433423470951794, 20.589428058679257 ], [ -100.433412617277824, 20.589589875349304 ], [ -100.43342889710317, 20.589935188743237 ], [ -100.433426649334464, 20.589957369688644 ], [ -100.433513862596399, 20.589952178975334 ], [ -100.437482894514801, 20.589715905469735 ], [ -100.439278735687452, 20.5896484663844 ], [ -100.439940039970836, 20.589683206500595 ], [ -100.440810155300937, 20.589728969370249 ], [ -100.441711853729046, 20.589760463171817 ], [ -100.442420584174641, 20.589866806382833 ], [ -100.443374115301893, 20.589972478497916 ], [ -100.443940719319272, 20.590035268043241 ], [ -100.44965183809542, 20.590687239095583 ], [ -100.449909610637292, 20.590717016236574 ], [ -100.450327516940106, 20.590759095183291 ], [ -100.450396751242209, 20.590766066278345 ], [ -100.450466422226157, 20.590773081313113 ], [ -100.450496136394108, 20.590776073165809 ], [ -100.45367679580572, 20.591133808494266 ], [ -100.453779597837752, 20.591145837287513 ], [ -100.456161391284269, 20.59142275781922 ], [ -100.456253070598081, 20.591433416284136 ], [ -100.45759497614462, 20.591589377364627 ], [ -100.46358095396748, 20.592277598611481 ], [ -100.468359120574206, 20.592581489812176 ], [ -100.475382334362465, 20.593259471748972 ], [ -100.482768394994039, 20.594113865427445 ], [ -100.484352215272139, 20.594382384029085 ], [ -100.484937982040336, 20.594416114464202 ], [ -100.485580700734531, 20.594325296514899 ], [ -100.486165942952368, 20.59431775856449 ], [ -100.486298146761115, 20.594357326812474 ], [ -100.486331197727466, 20.594367218744086 ], [ -100.486364248697697, 20.59437711066909 ], [ -100.486430350649783, 20.594396894499383 ], [ -100.486694758595107, 20.59447603001249 ], [ -100.488629358422202, 20.593697023969654 ], [ -100.488774923018028, 20.594049091553892 ], [ -100.488815431018082, 20.594261630554037 ], [ -100.488841262018028, 20.594397214554004 ], [ -100.488890415018062, 20.594655168554063 ], [ -100.489140908018129, 20.595969691554465 ], [ -100.48916335402717, 20.596087414331727 ], [ -100.489308352297343, 20.596245476246985 ], [ -100.48938790345467, 20.596241001739781 ], [ -100.489437361241713, 20.596275874840746 ], [ -100.490369551156832, 20.595655814564456 ], [ -100.490721418494459, 20.59545018769299 ], [ -100.491307224397616, 20.595327783494252 ], [ -100.491311285228548, 20.595390659772221 ], [ -100.491363259469907, 20.596195400874855 ], [ -100.49106802345915, 20.597062107132938 ], [ -100.492407296292498, 20.599585374481432 ], [ -100.492462030462534, 20.60090737688796 ], [ -100.493454829948249, 20.601777410893337 ], [ -100.493744478016751, 20.602852168692284 ], [ -100.494326633017977, 20.604010294594246 ], [ -100.494382810227592, 20.604836601115146 ], [ -100.494439580854106, 20.605456368557558 ], [ -100.495023645493106, 20.605953566421157 ], [ -100.495724102745399, 20.606698908857989 ], [ -100.495897978298316, 20.607318975418806 ], [ -100.496072681561898, 20.607649887402882 ], [ -100.496130522813289, 20.607897883852154 ], [ -100.496363894739659, 20.608187637604505 ], [ -100.496597031834, 20.608560006460912 ], [ -100.49677173816022, 20.608890917512277 ], [ -100.497238488504522, 20.609470422506085 ], [ -100.496005163410999, 20.610789126268941 ], [ -100.496412895157121, 20.611533713783707 ], [ -100.49658748712892, 20.611905932453354 ], [ -100.496996637201008, 20.612154825975985 ], [ -100.497230252980373, 20.612361962493235 ], [ -100.497463281603075, 20.612775637194471 ], [ -100.497549461440101, 20.612897947281066 ], [ -100.497696546512216, 20.613106696079022 ], [ -100.497870908708563, 20.613561528480247 ], [ -100.497927581650018, 20.614222600798893 ], [ -100.497983551028469, 20.615131519158613 ], [ -100.498022710485372, 20.61539916656151 ], [ -100.498098425868321, 20.615916663387555 ], [ -100.498566962193991, 20.61587654758727 ], [ -100.498801054524108, 20.615918450725388 ], [ -100.498859255540424, 20.616042522555301 ], [ -100.49897565787289, 20.616290666133576 ], [ -100.499092060605236, 20.616538809603377 ], [ -100.499267601432294, 20.61658056331342 ], [ -100.499443142343367, 20.616622316839049 ], [ -100.499618332629964, 20.616787993147661 ], [ -100.499735087408993, 20.616912213124419 ], [ -100.500027267153598, 20.617119493544198 ], [ -100.500319447674457, 20.617326773416185 ], [ -100.500554009125679, 20.617203443452663 ], [ -100.500788570183772, 20.617080113192216 ], [ -100.501081683575364, 20.616956930672821 ], [ -100.501256643021563, 20.617205220435782 ], [ -100.50143171945183, 20.61741220235599 ], [ -100.501724018613999, 20.617578172075397 ], [ -100.502192209781896, 20.617661969025509 ], [ -100.502602080544861, 20.617663001982674 ], [ -100.50283617636407, 20.617704899407141 ], [ -100.503362921316224, 20.617788840524682 ], [ -100.503186219075161, 20.618160167068947 ], [ -100.503126970368101, 20.618407865329143 ], [ -100.503009052211652, 20.618696723842294 ], [ -100.502949919030925, 20.618903114464771 ], [ -100.502949339216542, 20.619109652425845 ], [ -100.502985344826797, 20.619135194390982 ], [ -100.503066214370875, 20.619192562253232 ], [ -100.503300312641358, 20.619234458889075 ], [ -100.503651749670141, 20.619194034283069 ], [ -100.504295953948898, 20.619154343652415 ], [ -100.505582401847079, 20.619777183562306 ], [ -100.505933839185175, 20.619736754275365 ], [ -100.50950070217192, 20.621521864294063 ], [ -100.511606270440623, 20.622394530005469 ], [ -100.514120390816643, 20.623763861855128 ], [ -100.519091431649287, 20.626047884733651 ], [ -100.527805976329475, 20.629951650269597 ], [ -100.526455552611239, 20.631311592216264 ], [ -100.526513453999698, 20.631559574216784 ], [ -100.527265209632532, 20.635155100897872 ], [ -100.529248403167756, 20.63813391589558 ], [ -100.529598896943554, 20.638465199937045 ], [ -100.53703710929814, 20.638069476040499 ], [ -100.537974599627987, 20.637865104041548 ], [ -100.541959716294002, 20.636676339648407 ], [ -100.548230522090364, 20.634707805346252 ], [ -100.551394932781037, 20.63380613519664 ], [ -100.551801251774279, 20.635252783986175 ], [ -100.553396726330391, 20.637170913611268 ], [ -100.553998981843407, 20.64093142659997 ], [ -100.555153718636319, 20.648141013342038 ], [ -100.556284588850104, 20.652487636407752 ], [ -100.557415531771753, 20.656834245843015 ], [ -100.55825214443712, 20.658271681607744 ], [ -100.558270208222581, 20.660006355177902 ], [ -100.558512257852513, 20.660706162036494 ], [ -100.559120620530919, 20.662765439722595 ], [ -100.561787281602818, 20.670834978988701 ], [ -100.565236050234546, 20.669478950045718 ], [ -100.565943111521236, 20.669740409722355 ], [ -100.566298809291169, 20.670395072387439 ], [ -100.57069448658973, 20.669206480219614 ], [ -100.575558938732172, 20.667894834407772 ], [ -100.577779212736132, 20.670253887072516 ], [ -100.579474008959735, 20.671909622781364 ], [ -100.581753350057326, 20.674103511363302 ], [ -100.583505781245663, 20.676213686374595 ], [ -100.58362171811504, 20.676750901525789 ], [ -100.583679454253399, 20.677122774026625 ], [ -100.583736911630098, 20.677618564448611 ], [ -100.583911146045125, 20.678279815624819 ], [ -100.583968326033599, 20.678899523773282 ], [ -100.584084638870877, 20.679271514305199 ], [ -100.584142191758588, 20.679725998360812 ], [ -100.584258134380335, 20.680263212976016 ], [ -100.584257113154763, 20.680717578636141 ], [ -100.584256092022159, 20.681171944273679 ], [ -100.584196402583032, 20.681667497626073 ], [ -100.584136805712149, 20.682121744991921 ], [ -100.584135784517983, 20.682576110581302 ], [ -100.584135041889695, 20.682906558268485 ], [ -100.584016868383713, 20.683360687348319 ], [ -100.583840024964246, 20.683856004036471 ], [ -100.583662901727791, 20.684475238474075 ], [ -100.583485405393048, 20.685259696623117 ], [ -100.583366949675337, 20.685837743261658 ], [ -100.58319056690101, 20.686126529663401 ], [ -100.583013532072982, 20.686704457656035 ], [ -100.582778104496924, 20.687199655020475 ], [ -100.582542023351536, 20.687983993887514 ], [ -100.582129831958355, 20.688933200190334 ], [ -100.581718849360684, 20.689345428120902 ], [ -100.581073455977986, 20.689798484947001 ], [ -100.581129416875925, 20.690955171390467 ], [ -100.581087942210956, 20.692121361488901 ], [ -100.581093186341221, 20.692616975142847 ], [ -100.581214074780249, 20.692946205737666 ], [ -100.581454979088321, 20.693522064285659 ], [ -100.581695885350257, 20.694097922341943 ], [ -100.582891694078413, 20.696151183616273 ], [ -100.583548089852556, 20.697156569492154 ], [ -100.584204494586515, 20.698161952192056 ], [ -100.585701757727946, 20.700955654352498 ], [ -100.586901628398522, 20.703380587971242 ], [ -100.587803204617074, 20.705354159168813 ], [ -100.58918540607209, 20.708355508171501 ], [ -100.590445859892853, 20.710945018717808 ], [ -100.591278703853149, 20.711969237760375 ], [ -100.591958414339558, 20.712396073648272 ], [ -100.592298270970232, 20.712609490484795 ], [ -100.592638128525934, 20.712822906583039 ], [ -100.5933535899932, 20.71384830105978 ], [ -100.593418465629597, 20.714425918119783 ], [ -100.593423755918721, 20.71492152751027 ], [ -100.594077000231152, 20.715617105616179 ], [ -100.596636477166385, 20.717099817517258 ], [ -100.596622159586659, 20.717125732011212 ], [ -100.596579206819655, 20.717203475487459 ], [ -100.596348346890764, 20.717494492743572 ], [ -100.596061103957453, 20.717950974810272 ], [ -100.59542134429492, 20.718411330115867 ], [ -100.593785743966919, 20.719088675479085 ], [ -100.59203676231671, 20.720055729396805 ], [ -100.59058329932175, 20.721143162114945 ], [ -100.58877669948447, 20.722193239403914 ], [ -100.587965949938891, 20.72302634416646 ], [ -100.587391981988915, 20.72398048895095 ], [ -100.586757924430103, 20.724796102780289 ], [ -100.586584166255619, 20.725019613096705 ], [ -100.585142411759662, 20.726931105057073 ], [ -100.584691232730009, 20.728254803070037 ] ] ] ] } },
{ "type": "Feature", "properties": { "CVE_PAIS": "MX", "NOM_PAIS": "MEXICO", "CVE_ENT": "22", "NOM_ENT": "QUERETARO", "CU_MUN": "22015", "NOM_MUN": "SAN JOAQUIN" }, "geometry": { "type": "MultiPolygon", "coordinates": [ [ [ [ -99.372455388514624, 21.073019104668649 ], [ -99.37128022609464, 21.072438253095886 ], [ -99.370516447415596, 21.071898879116301 ], [ -99.369929003647968, 21.071318008385365 ], [ -99.369400240519056, 21.070944591642608 ], [ -99.368092033556266, 21.070246140054849 ], [ -99.367607760105116, 21.069468820109968 ], [ -99.366576610507195, 21.067708608126896 ], [ -99.366032913615001, 21.066890899723578 ], [ -99.365880677057078, 21.065075699159401 ], [ -99.366093016384738, 21.063915760955219 ], [ -99.366431377822536, 21.063208253923332 ], [ -99.366768941677336, 21.062459450168117 ], [ -99.367462335346161, 21.061911649431607 ], [ -99.368322910239499, 21.06090685034863 ], [ -99.369017086042476, 21.060400339385343 ], [ -99.370068679944652, 21.060177415968148 ], [ -99.371135387180274, 21.060739110262489 ], [ -99.372261541405422, 21.06134117924654 ], [ -99.37314676168323, 21.06161653195932 ], [ -99.373558060639638, 21.061651424068607 ], [ -99.374539064522764, 21.060809948166359 ], [ -99.37575701826681, 21.060088692118249 ], [ -99.376104889024376, 21.059876717954548 ], [ -99.376789467317508, 21.058874624002058 ], [ -99.377294922198089, 21.057710092068472 ], [ -99.37727738211214, 21.056801580716662 ], [ -99.377022886953227, 21.055772845779931 ], [ -99.376602038650049, 21.055242409982696 ], [ -99.375424443913076, 21.055012948430324 ], [ -99.374486990216212, 21.05506889010665 ], [ -99.373783302209617, 21.055079870966768 ], [ -99.372963128738562, 21.05513397430747 ], [ -99.372499574620619, 21.055430363158322 ], [ -99.371375055580287, 21.054910886756744 ], [ -99.370593637493357, 21.053931663544475 ], [ -99.370156911583692, 21.052575290203642 ], [ -99.369495972827039, 21.051759418228951 ], [ -99.368412646008167, 21.050330494321074 ], [ -99.3678135436719, 21.049678886579144 ], [ -99.36739433403973, 21.049231019047134 ], [ -99.366571807018417, 21.049161202832813 ], [ -99.365687466286801, 21.048927110307602 ], [ -99.364509936838715, 21.048697571958829 ], [ -99.364026546920769, 21.047961534674759 ], [ -99.363778506115381, 21.0472631463685 ], [ -99.363643775550642, 21.046356454122435 ], [ -99.363800644938038, 21.045362612346509 ], [ -99.364257043776973, 21.044694581769171 ], [ -99.364418669095656, 21.043948516215504 ], [ -99.364575531071964, 21.042954673554785 ], [ -99.363560471293638, 21.042020357857233 ], [ -99.362722123256077, 21.04112459891477 ], [ -99.363117499666387, 21.040333593684199 ], [ -99.36357467995245, 21.039706860902225 ], [ -99.364324235534411, 21.039034272994289 ], [ -99.365312290247829, 21.03856451510158 ], [ -99.366532492781175, 21.037967213799796 ], [ -99.367278849021844, 21.037129428405134 ], [ -99.368133866453576, 21.035766285537079 ], [ -99.368780532214714, 21.03614090104837 ], [ -99.369191819431535, 21.036432212762577 ], [ -99.370132631239983, 21.036848783047862 ], [ -99.371367863350898, 21.037224116769817 ], [ -99.372427957772814, 21.037142274270703 ], [ -99.373311575953508, 21.036977102883011 ], [ -99.375136732198214, 21.036979188172115 ], [ -99.376136439597957, 21.037395791847199 ], [ -99.376253244499622, 21.037728299752768 ], [ -99.376251112833287, 21.038476142872845 ], [ -99.376367326917745, 21.03901638481922 ], [ -99.376837749988084, 21.039224650436505 ], [ -99.377132961611778, 21.038934154101003 ], [ -99.37719372898195, 21.038269470990436 ], [ -99.37725390511504, 21.037812522006494 ], [ -99.377491181663999, 21.037189584116902 ], [ -99.37784632592242, 21.03652523110992 ], [ -99.378201584963946, 21.03581933051257 ], [ -99.378556016115013, 21.035404257085716 ], [ -99.379381329335928, 21.035031254371649 ], [ -99.380205464970658, 21.035073716116511 ], [ -99.381031357715983, 21.034492971269771 ], [ -99.380615364251966, 21.035863561981568 ], [ -99.3820870188962, 21.035948275787266 ], [ -99.38456513431862, 21.034039814939646 ], [ -99.384687876537214, 21.032253428429289 ], [ -99.385159101238798, 21.032170843480323 ], [ -99.386391967991969, 21.033418558000449 ], [ -99.387687342466137, 21.033378413480257 ], [ -99.387858204921457, 21.035455942105457 ], [ -99.388033218562157, 21.036037785013484 ], [ -99.388502152401998, 21.03678612677189 ], [ -99.38891118057029, 21.037908326102801 ], [ -99.389200164941883, 21.039861335859705 ], [ -99.389839350594613, 21.042895339711855 ], [ -99.390900738445765, 21.042355933503643 ], [ -99.39190269150302, 21.04198305447974 ], [ -99.392669356305404, 21.04152683284218 ], [ -99.393553771417629, 21.041070728932088 ], [ -99.394675843240734, 21.039825472788536 ], [ -99.39503023743292, 21.0394103657719 ], [ -99.395738341828803, 21.038829430155989 ], [ -99.396446666372611, 21.038165398104471 ], [ -99.398215877492405, 21.037086960010683 ], [ -99.399512267361601, 21.036672784534467 ], [ -99.400454726121609, 21.036507531071873 ], [ -99.400688888951535, 21.037006324747363 ], [ -99.400737230603298, 21.037195972392773 ], [ -99.400805412857252, 21.037463455216127 ], [ -99.401039355291459, 21.038045341810786 ], [ -99.401509919793838, 21.038211991942926 ], [ -99.402159228137279, 21.037589425419768 ], [ -99.402926171733839, 21.0370085179018 ], [ -99.403575136400875, 21.036510586305372 ], [ -99.404165331977296, 21.035971048629705 ], [ -99.404933143347534, 21.035057758218187 ], [ -99.405759048289397, 21.034435348020363 ], [ -99.406820224722111, 21.033896251532582 ], [ -99.408293295047756, 21.033440630944021 ], [ -99.409000006826162, 21.033358201888078 ], [ -99.409354345825093, 21.032943065583531 ], [ -99.40906161500493, 21.032319588506891 ], [ -99.40890570746987, 21.031539134357011 ], [ -99.408829182881945, 21.031156058386024 ], [ -99.409008319094326, 21.030200648880594 ], [ -99.409187562465149, 21.029203692354887 ], [ -99.409660619342517, 21.028414744896665 ], [ -99.4103085432412, 21.028290708931753 ], [ -99.410956248330308, 21.028249764034033 ], [ -99.411780678679023, 21.02816743296318 ], [ -99.412252199750696, 21.027960133077368 ], [ -99.412959533024377, 21.027628407451044 ], [ -99.413784823213163, 21.027213692715552 ], [ -99.41460989310194, 21.02688206753497 ], [ -99.416023783439087, 21.026509421267477 ], [ -99.416966265789071, 21.026302530693787 ], [ -99.417849660074296, 21.026178676200569 ], [ -99.418733693024748, 21.025805536701348 ], [ -99.419441533912973, 21.025266050743575 ], [ -99.420328851704255, 21.023604954090398 ], [ -99.420566245358998, 21.022857318058438 ], [ -99.420805122763795, 21.02152802714555 ], [ -99.420218233379543, 21.020821218875692 ], [ -99.419335618670146, 21.020654257847973 ], [ -99.418805999634912, 21.020591908449695 ], [ -99.418858219775501, 21.020363132804768 ], [ -99.41934179935248, 21.018244545237341 ], [ -99.419755794255693, 21.017497065147033 ], [ -99.42040366207722, 21.017372991494295 ], [ -99.421110290685178, 21.017290513334153 ], [ -99.420700126229193, 21.016542312745543 ], [ -99.420524691838366, 21.016085144156619 ], [ -99.420878321640529, 21.015919264896528 ], [ -99.420704173442587, 21.014963598204766 ], [ -99.422115913893109, 21.015380228554744 ], [ -99.44154088044948, 21.015894452160506 ], [ -99.44483585765704, 21.016561636717341 ], [ -99.448543823488777, 21.016985534974356 ], [ -99.46019627759712, 21.018317111864029 ], [ -99.460728373444837, 21.017320331307708 ], [ -99.460964604798122, 21.016988108138214 ], [ -99.461260082460882, 21.016489735517336 ], [ -99.461437444062071, 21.016157474418399 ], [ -99.461379810935526, 21.015617331315429 ], [ -99.461026988599755, 21.015450921078905 ], [ -99.460497470993261, 21.015325944158349 ], [ -99.460085878680502, 21.015117947760626 ], [ -99.459675718708809, 21.014286751041176 ], [ -99.45932190754344, 21.013491684940732 ], [ -99.458972953231338, 21.012707523634255 ], [ -99.458974387529139, 21.01208432412599 ], [ -99.458739307438719, 21.011917985029559 ], [ -99.458445936905164, 21.011502327483644 ], [ -99.458388412455562, 21.010920636197941 ], [ -99.45850729206326, 21.010422153039855 ], [ -99.458449193212701, 21.010089741586349 ], [ -99.457567947637258, 21.009341325148135 ], [ -99.457156375828077, 21.009133321142684 ], [ -99.456862341670018, 21.009008487176168 ], [ -99.455979952677666, 21.008758622160375 ], [ -99.45503879893397, 21.008467166364671 ], [ -99.454509116942489, 21.008425263512407 ], [ -99.453450142427357, 21.008175266130245 ], [ -99.453510075351019, 21.00771829267476 ], [ -99.453628968917812, 21.007219812487687 ], [ -99.453925229028997, 21.006389078459794 ], [ -99.454162622762922, 21.005558304097519 ], [ -99.454046448731972, 21.004893477387331 ], [ -99.453813618470292, 21.003771557014872 ], [ -99.453992632066459, 21.002733009228734 ], [ -99.454171934342511, 21.001569821049728 ], [ -99.454173001402467, 21.001112807248663 ], [ -99.453882092393854, 20.999658472785452 ], [ -99.453531162630497, 20.998702658119683 ], [ -99.453357693073144, 20.997373042479271 ], [ -99.453242988995569, 20.996085013341798 ], [ -99.453304961298542, 20.99475555778659 ], [ -99.453131693686942, 20.993342847676686 ], [ -99.453311965849949, 20.991764191622011 ], [ -99.453668125635915, 20.990476482863738 ], [ -99.454317690120618, 20.989562893785187 ], [ -99.454671510072671, 20.989272305275243 ], [ -99.455612155393013, 20.989729953004847 ], [ -99.456493370710305, 20.990436836822301 ], [ -99.457375171327627, 20.990894435400104 ], [ -99.4581988872132, 20.991019616861749 ], [ -99.459316604973836, 20.991269625418774 ], [ -99.460434230987772, 20.991561173292936 ], [ -99.460667661218181, 20.992433805321067 ], [ -99.460900999076031, 20.993347983607539 ], [ -99.461075956839494, 20.994054390370728 ], [ -99.461544450821094, 20.99509335744057 ], [ -99.462190193402378, 20.995841607474826 ], [ -99.463130902328402, 20.996299212141416 ], [ -99.464013511698823, 20.996424401523374 ], [ -99.46518967495949, 20.996634817971962 ], [ -99.466367424383719, 20.996633577336382 ], [ -99.467016936446569, 20.995719941413853 ], [ -99.467548162903526, 20.995055512666156 ], [ -99.467902342358755, 20.994598710374124 ], [ -99.46837479556784, 20.993892697276241 ], [ -99.468670483617984, 20.993269671704301 ], [ -99.469142464582532, 20.992771389926759 ], [ -99.470795852736785, 20.990362646682563 ], [ -99.470443728259326, 20.989905427727521 ], [ -99.470445209288897, 20.989240680657005 ], [ -99.47074050998053, 20.988783838264396 ], [ -99.470976767738819, 20.988410054649531 ], [ -99.470919575340702, 20.987662179970879 ], [ -99.470449189802906, 20.987454172649969 ], [ -99.469743103660022, 20.987370666062706 ], [ -99.469332505327003, 20.986747223047644 ], [ -99.468804571659916, 20.98595752233193 ], [ -99.468334660156685, 20.985541775369196 ], [ -99.468160891070582, 20.984295268361137 ], [ -99.467750961287166, 20.983380993889618 ], [ -99.467222393592593, 20.982882114763459 ], [ -99.466517642126476, 20.982216939896588 ], [ -99.466401902426952, 20.98134438672432 ], [ -99.466462349120818, 20.980638127681498 ], [ -99.466169395602194, 20.980056294150877 ], [ -99.465878322041931, 20.978643524751412 ], [ -99.46652682457902, 20.978145357835441 ], [ -99.466351392612282, 20.977646689333778 ], [ -99.466117766665036, 20.976857157317863 ], [ -99.466173572241971, 20.976578040262037 ], [ -99.466474908340544, 20.975070860868367 ], [ -99.466769913346752, 20.974738665240206 ], [ -99.466712561151368, 20.974073881030208 ], [ -99.466889768831464, 20.973783160544308 ], [ -99.467125545662213, 20.973617115802821 ], [ -99.467479864219243, 20.973077220595886 ], [ -99.467126901894588, 20.972952387016704 ], [ -99.466832697511606, 20.972993735936821 ], [ -99.466244006525073, 20.973076471852579 ], [ -99.466126775011347, 20.972868666113687 ], [ -99.465951444789624, 20.972328449955736 ], [ -99.465834590006381, 20.971954456785245 ], [ -99.465776679560847, 20.971538952756759 ], [ -99.466130529010712, 20.971206794231627 ], [ -99.466600248559871, 20.971249216552089 ], [ -99.467013648000417, 20.971041143566886 ], [ -99.467191132332431, 20.97062578234674 ], [ -99.467309672930242, 20.970251932229633 ], [ -99.467546098116273, 20.96979505934662 ], [ -99.46784174434967, 20.96917203428173 ], [ -99.468253499602, 20.969255374799566 ], [ -99.468489267893062, 20.969089328245254 ], [ -99.468549514662811, 20.968466161332501 ], [ -99.468255271908745, 20.968465985550186 ], [ -99.46772554149851, 20.968507214668826 ], [ -99.46737235653606, 20.968548548772336 ], [ -99.466843000219683, 20.96842358791314 ], [ -99.46707961129863, 20.967883621981912 ], [ -99.467374601183039, 20.967551425317218 ], [ -99.467375349423349, 20.967219050806538 ], [ -99.467200021761997, 20.96667883553642 ], [ -99.467495009069481, 20.966346638665915 ], [ -99.468024918673237, 20.966222316762657 ], [ -99.46808479310404, 20.965765337065513 ], [ -99.468498124019746, 20.965142381300009 ], [ -99.468792732865253, 20.964976369511579 ], [ -99.469381483636468, 20.964852078520899 ], [ -99.469852910678924, 20.964561528924833 ], [ -99.47003084391136, 20.963938430636823 ], [ -99.470267065732017, 20.963564647623368 ], [ -99.470738209162676, 20.963398736096664 ], [ -99.470856828169431, 20.962983336651654 ], [ -99.47068186391553, 20.962276937545887 ], [ -99.470565376493937, 20.961736759948838 ], [ -99.470213599956352, 20.961154897214193 ], [ -99.470097579236196, 20.960406985005658 ], [ -99.469981281195913, 20.959783713147605 ], [ -99.469688077735725, 20.959326524264458 ], [ -99.470160136720139, 20.958745146076669 ], [ -99.47039607210921, 20.958496003346724 ], [ -99.469807997350003, 20.958329469527818 ], [ -99.469338729333529, 20.957664441305429 ], [ -99.468810155499824, 20.95720711085681 ], [ -99.46869461131827, 20.956251462853054 ], [ -99.468578602428849, 20.955503548968334 ], [ -99.468403005089783, 20.955087974626551 ], [ -99.468404124834166, 20.954589412187914 ], [ -99.468522370766166, 20.954340201436597 ], [ -99.46840599113672, 20.953758474725749 ], [ -99.468642854382097, 20.953093865607826 ], [ -99.468644719524264, 20.952262928022947 ], [ -99.468881486298699, 20.951639865404765 ], [ -99.469117878622924, 20.95118298998819 ], [ -99.469001499402495, 20.950601263466289 ], [ -99.46970927165286, 20.949853839031437 ], [ -99.469827883639724, 20.949438439792313 ], [ -99.470241813708043, 20.948524651356358 ], [ -99.470595507319729, 20.948234030768077 ], [ -99.470657129799022, 20.946987658474871 ], [ -99.470776849493205, 20.946073695728774 ], [ -99.470662230326084, 20.944702578813022 ], [ -99.470902870210352, 20.942334542813764 ], [ -99.471374502308549, 20.94191934888287 ], [ -99.471963807768461, 20.941504221972316 ], [ -99.472201006437231, 20.940673419943412 ], [ -99.472378719195262, 20.940133412030505 ], [ -99.472321820286339, 20.939260892602608 ], [ -99.472853566269791, 20.938264071717153 ], [ -99.47320741520231, 20.937890352061142 ], [ -99.474032964046103, 20.937059883673601 ], [ -99.473918140126301, 20.935771861807254 ], [ -99.473684268535507, 20.93510697663508 ], [ -99.473861785979111, 20.934650060937372 ], [ -99.474217276816702, 20.933528494249813 ], [ -99.474218979271853, 20.932822041721259 ], [ -99.475042521811517, 20.932822661954198 ], [ -99.475808193660086, 20.932449168452035 ], [ -99.476632787086942, 20.932034157228276 ], [ -99.476985974708967, 20.931951258511965 ], [ -99.477397814201666, 20.931951485284507 ], [ -99.478045444378438, 20.931744104954852 ], [ -99.478752178509964, 20.93141211326634 ], [ -99.479118957028703, 20.931272960449348 ], [ -99.479517652962812, 20.931121697242553 ], [ -99.480400341258047, 20.931039075115592 ], [ -99.481048053110783, 20.930790136601601 ], [ -99.48181396849516, 20.930291975784581 ], [ -99.482697008424466, 20.930043154207407 ], [ -99.483991286487083, 20.930002278296829 ], [ -99.48440308861953, 20.930085577475246 ], [ -99.485108734425566, 20.930252122752478 ], [ -99.485637792386868, 20.93046012358618 ], [ -99.486343441207765, 20.930626663691321 ], [ -99.487049091527837, 20.930793200845756 ], [ -99.487813577094826, 20.930959763802093 ], [ -99.488166051646502, 20.931209217236209 ], [ -99.488636898086568, 20.931126351766139 ], [ -99.4890482082603, 20.931375831784997 ], [ -99.489282754766592, 20.93174986682293 ], [ -99.49004681013804, 20.932124153996611 ], [ -99.490576317790186, 20.932124404851468 ], [ -99.490928450682972, 20.932540039884024 ], [ -99.490750813209615, 20.933080066124397 ], [ -99.490985977022731, 20.933163270551525 ], [ -99.491456152942149, 20.933371196357939 ], [ -99.492515502513342, 20.933247075853799 ], [ -99.492868510137967, 20.933247238115275 ], [ -99.493456942660899, 20.933205960074655 ], [ -99.494809166835083, 20.933372962096897 ], [ -99.495633478239938, 20.933373124432755 ], [ -99.49692759189503, 20.933415233703016 ], [ -99.497810103339745, 20.933498714106076 ], [ -99.499163130597978, 20.933582383770805 ], [ -99.500339570374095, 20.933707516374888 ], [ -99.501809933114799, 20.933957400988923 ], [ -99.503280551859433, 20.9340826324304 ], [ -99.50463325270087, 20.934332445728014 ], [ -99.505986040844874, 20.93454070142236 ], [ -99.506986898130052, 20.93420870591757 ], [ -99.508047080556878, 20.933627445711906 ], [ -99.508459170117874, 20.933502957120414 ], [ -99.509047598134927, 20.933461625399772 ], [ -99.510049260570568, 20.932714144473646 ], [ -99.511109684938091, 20.931966722252536 ], [ -99.511697582300769, 20.932174584159899 ], [ -99.512521680658708, 20.932008716376512 ], [ -99.51322898540009, 20.931344209366642 ], [ -99.514229804664581, 20.931012172033551 ], [ -99.515053796814826, 20.930846257955622 ], [ -99.515701929980139, 20.930347908599451 ], [ -99.516586272964801, 20.929392618063002 ], [ -99.517175642073468, 20.928852697656332 ], [ -99.518000336880434, 20.928312848871879 ], [ -99.518884176142919, 20.927606827262373 ], [ -99.51982683900826, 20.926900818944528 ], [ -99.521063572199679, 20.926236439157432 ], [ -99.52177065443729, 20.925654991150324 ], [ -99.522537662054077, 20.924491902696101 ], [ -99.523657093177249, 20.923619737178768 ], [ -99.524246375247685, 20.923100566377485 ], [ -99.524835653252964, 20.922581393596946 ], [ -99.525896149316637, 20.921750744458929 ], [ -99.526955937474298, 20.921294009552053 ], [ -99.52701631388895, 20.920463090080752 ], [ -99.527311928554099, 20.919673778320764 ], [ -99.527606845542778, 20.919258386749032 ], [ -99.527725429117552, 20.918759856019697 ], [ -99.527785646320353, 20.918012029641503 ], [ -99.527433448440817, 20.917596471312741 ], [ -99.527022192377459, 20.917305537134698 ], [ -99.526434686450671, 20.916889915086976 ], [ -99.526141245111901, 20.916515916211633 ], [ -99.525730460788722, 20.915975698151669 ], [ -99.525907875685064, 20.91547718420868 ], [ -99.526144194267815, 20.914937138978519 ], [ -99.526087152624555, 20.913981547462303 ], [ -99.524855064444054, 20.912236248330736 ], [ -99.525501918657412, 20.912361064910598 ], [ -99.526914831057468, 20.91177978588259 ], [ -99.526918237796508, 20.909951727183298 ], [ -99.527330710355486, 20.909577913635612 ], [ -99.527213756344551, 20.909203961847329 ], [ -99.526390672498891, 20.908954464251643 ], [ -99.526037483337959, 20.909037423806041 ], [ -99.524979655478319, 20.908538615228043 ], [ -99.524980669154587, 20.907998506677103 ], [ -99.523687000099542, 20.907748866159558 ], [ -99.521402325330413, 20.902762583088386 ], [ -99.522343721236197, 20.902638218297128 ], [ -99.522874066168811, 20.902139808930507 ], [ -99.525109934404725, 20.901808061626603 ], [ -99.527759167998809, 20.900603908842768 ], [ -99.528112097541296, 20.900603999841554 ], [ -99.528641722865132, 20.900479494485655 ], [ -99.529406940427336, 20.900188859010822 ], [ -99.529995384500651, 20.900064364162358 ], [ -99.530348465765798, 20.899981356925302 ], [ -99.530937137339208, 20.89973221840506 ], [ -99.531525654477122, 20.89956617152847 ], [ -99.532055349188241, 20.899400108901443 ], [ -99.532526221679802, 20.899234031066786 ], [ -99.533114962383237, 20.898943338351291 ], [ -99.533644350467682, 20.898943458111336 ], [ -99.533938757207025, 20.898777336702523 ], [ -99.534645813107659, 20.898112743728241 ], [ -99.535118108340399, 20.897157269523053 ], [ -99.535708262619906, 20.896077178697634 ], [ -99.536706477678024, 20.897032965272 ], [ -99.536353257263642, 20.89719907905468 ], [ -99.536058856319528, 20.897365204529141 ], [ -99.535940690632728, 20.897656007320208 ], [ -99.535881194917877, 20.898029916097656 ], [ -99.535880594632431, 20.898362290505116 ], [ -99.53605600680055, 20.898943982935226 ], [ -99.536467079106771, 20.899317990276945 ], [ -99.536785100901056, 20.899533586306674 ], [ -99.537017025536841, 20.899690813846743 ], [ -99.537877070465896, 20.900273854219463 ], [ -99.54028660624131, 20.901479174998432 ], [ -99.541656396054009, 20.903274156693261 ], [ -99.542285449392438, 20.902102735389622 ], [ -99.542756098935371, 20.902061269715723 ], [ -99.543521004072318, 20.901936758475024 ], [ -99.5437570204396, 20.901521330076225 ], [ -99.543816279240886, 20.901272059331465 ], [ -99.543817080403983, 20.900815045158371 ], [ -99.543699947395936, 20.900524198502488 ], [ -99.543466047456292, 20.899734771136526 ], [ -99.543584054229854, 20.899527056997535 ], [ -99.544172482841375, 20.899402513637334 ], [ -99.544232831196936, 20.898530041450588 ], [ -99.54388048997248, 20.898197609591218 ], [ -99.544352653659502, 20.897283657905483 ], [ -99.544705501994002, 20.897325261564074 ], [ -99.545117170690602, 20.897366873780541 ], [ -99.545587732156164, 20.897366947378131 ], [ -99.546058438069068, 20.897283926183576 ], [ -99.546470900348069, 20.896868520917621 ], [ -99.546765648681003, 20.896494644032824 ], [ -99.5472368546111, 20.896120792432715 ], [ -99.547648879609824, 20.895954664888126 ], [ -99.54823736231404, 20.895788561119907 ], [ -99.548649528328667, 20.895539337717533 ], [ -99.549474640701661, 20.894583873847438 ], [ -99.54982862339736, 20.893960719188332 ], [ -99.550300738049415, 20.89304675171033 ], [ -99.550949230454677, 20.892174351751962 ], [ -99.551362019453734, 20.89155120131759 ], [ -99.5516572405853, 20.890886489038266 ], [ -99.551835107276162, 20.890055575233191 ], [ -99.552071930347779, 20.889141574667462 ], [ -99.552190693899178, 20.888476840470478 ], [ -99.552604102480743, 20.887479766289825 ], [ -99.553663988854183, 20.886773590411689 ], [ -99.55407605124563, 20.886565901167373 ], [ -99.554841077265934, 20.886316700746189 ], [ -99.555429723337411, 20.886025932801676 ], [ -99.556313000848917, 20.885402816801346 ], [ -99.556902125790202, 20.884821216680084 ], [ -99.5577276810222, 20.883533340289492 ], [ -99.558377538256806, 20.881788431307836 ], [ -99.560494842017121, 20.881788592953995 ], [ -99.561199246357518, 20.882619575699941 ], [ -99.56219861415542, 20.882910465759792 ], [ -99.564668281051496, 20.88324296987135 ], [ -99.56631408588909, 20.883866237394987 ], [ -99.567605899657394, 20.885112564991115 ], [ -99.568313257178829, 20.884198670792777 ], [ -99.569137324836973, 20.883783221842638 ], [ -99.570667293149441, 20.883284684481463 ], [ -99.571313860066923, 20.883533970031031 ], [ -99.571844169709848, 20.882910772721171 ], [ -99.573785559634317, 20.882578395482817 ], [ -99.574139155392956, 20.882121379181285 ], [ -99.575197807163278, 20.882121365663117 ], [ -99.575432741805557, 20.882329095018935 ], [ -99.575903510786489, 20.882162899657878 ], [ -99.577431846234731, 20.882702968522615 ], [ -99.577902550450219, 20.882578314323453 ], [ -99.57831367824312, 20.882952220426155 ], [ -99.57978371974535, 20.883159896900633 ], [ -99.580076469097875, 20.884032362970046 ], [ -99.581840784356601, 20.884115368225828 ], [ -99.582723689409278, 20.883658304839024 ], [ -99.585132744182758, 20.885236912943281 ], [ -99.585273460127539, 20.886200829621721 ], [ -99.585423868643943, 20.887231126150571 ], [ -99.585414712070389, 20.893421562116142 ], [ -99.584912621717379, 20.896078240651949 ], [ -99.585997810361107, 20.896869877029008 ], [ -99.586191985274411, 20.896915594663451 ], [ -99.586350605819121, 20.896952940991689 ], [ -99.586542300497143, 20.896885259509226 ], [ -99.586703706917334, 20.896828271664702 ], [ -99.58711574885389, 20.896620503446105 ], [ -99.587410515947766, 20.896163465771807 ], [ -99.587646644531034, 20.895581793424782 ], [ -99.587882103190069, 20.895457132379224 ], [ -99.588234896257816, 20.895540192520155 ], [ -99.588705388443898, 20.895581694052673 ], [ -99.588999665239484, 20.895457025776683 ], [ -99.589412122424108, 20.894958426637427 ], [ -99.589706758860203, 20.894584478163626 ], [ -99.590059911660063, 20.894418255565249 ], [ -99.591059708637388, 20.894501240943185 ], [ -99.591530018918888, 20.894667374239269 ], [ -99.592177024791482, 20.894667299685686 ], [ -99.592764416427187, 20.89475028999798 ], [ -99.592822641369992, 20.895165747717719 ], [ -99.592763228434862, 20.895581219623821 ], [ -99.592703636973567, 20.896121330929056 ], [ -99.592742050983361, 20.896478752307967 ], [ -99.592761684210643, 20.896661428017612 ], [ -99.592643272674849, 20.897201546345421 ], [ -99.593054121348871, 20.89782469337754 ], [ -99.59364172980986, 20.898240084807256 ], [ -99.594111582874476, 20.898738582250193 ], [ -99.59411116985784, 20.8990294074346 ], [ -99.594051641220446, 20.899527972457992 ], [ -99.593815945106016, 20.899818827774617 ], [ -99.593404081416566, 20.899901972677998 ], [ -99.592874456918636, 20.900068223905908 ], [ -99.592932803243173, 20.900400588365017 ], [ -99.593108882370771, 20.900940689261358 ], [ -99.593108365753679, 20.901235135651252 ], [ -99.593108133838868, 20.901397695536783 ], [ -99.592989661055228, 20.901979360314929 ], [ -99.592871365369788, 20.902436385657726 ], [ -99.592811772283653, 20.902976496625836 ], [ -99.592811001008172, 20.903516600371333 ], [ -99.592663103568199, 20.904937137232295 ], [ -99.594576052236391, 20.903516394279087 ], [ -99.6011030817792, 20.905135713055117 ], [ -99.602268237728424, 20.905672855920546 ], [ -99.605268763147336, 20.907056058606003 ], [ -99.608039914050181, 20.908333452388639 ], [ -99.639684312717719, 20.910650377579216 ], [ -99.64862939928328, 20.907239824106071 ], [ -99.649863441226969, 20.90842332659382 ], [ -99.651097502545852, 20.90960681949716 ], [ -99.662489016206578, 20.93070645358873 ], [ -99.667954330703822, 20.937267674951119 ], [ -99.670592386648707, 20.94092590894444 ], [ -99.68142424468391, 20.941081693384795 ], [ -99.681461996293521, 20.943114931936879 ], [ -99.680185865985038, 20.944239947095696 ], [ -99.679597698263407, 20.944198789260174 ], [ -99.678479544452458, 20.944490317706205 ], [ -99.677773390282312, 20.944615398637158 ], [ -99.676595853381926, 20.945530136852575 ], [ -99.676066097682892, 20.945779738369815 ], [ -99.675771330539149, 20.946444650380581 ], [ -99.675359137855793, 20.946818814369774 ], [ -99.674417616708638, 20.946944025845358 ], [ -99.67371152058233, 20.946985998963186 ], [ -99.672828724307251, 20.947235803292969 ], [ -99.672181316162806, 20.947443917692926 ], [ -99.671838693372237, 20.947726158580465 ], [ -99.671121437639428, 20.948317003633413 ], [ -99.670473195810374, 20.949439117076576 ], [ -99.670355066056274, 20.94993773419737 ], [ -99.670178020597618, 20.950519476940514 ], [ -99.670295060798594, 20.951225685002093 ], [ -99.670471055110454, 20.951807221420555 ], [ -99.670764656825881, 20.952471779903302 ], [ -99.671293736088188, 20.953011561987871 ], [ -99.671469438486355, 20.953925462437255 ], [ -99.671645366375415, 20.954590088578808 ], [ -99.671585892449812, 20.955296399676559 ], [ -99.671643841464046, 20.956293460576134 ], [ -99.671937309260315, 20.957124198910737 ], [ -99.672289955994231, 20.957580990675872 ], [ -99.672642309731614, 20.95837014673258 ], [ -99.672523922660019, 20.959159584276009 ], [ -99.672758852738525, 20.959657990819352 ], [ -99.673052517582946, 20.960280998443441 ], [ -99.673405175325684, 20.960737787442323 ], [ -99.67363934250487, 20.962108650425542 ], [ -99.673756519209448, 20.962690217651339 ], [ -99.673873295263732, 20.963728786369469 ], [ -99.673931592755935, 20.964351934632628 ], [ -99.674284263036483, 20.964808721265609 ], [ -99.674224798960395, 20.96551503221675 ], [ -99.674047861428249, 20.965972141243331 ], [ -99.673812076948991, 20.966429285839933 ], [ -99.673517408396762, 20.966928011366306 ], [ -99.673340430534978, 20.967426665274871 ], [ -99.673281181184407, 20.967883702314186 ], [ -99.673221711613607, 20.968590012822673 ], [ -99.673221015335983, 20.969379378872159 ], [ -99.67329388493188, 20.969706444596476 ], [ -99.673804558898425, 20.972568226625821 ], [ -99.65481308333591, 20.978556189928483 ], [ -99.65429873253818, 20.978718327587071 ], [ -99.651201580518219, 20.979694595990654 ], [ -99.644200049958144, 20.97803596271384 ], [ -99.649695758753708, 20.984204477511831 ], [ -99.639857956094787, 20.985340404330792 ], [ -99.636156123902424, 20.98410155322274 ], [ -99.632807702447977, 20.983650368301269 ], [ -99.632705661591402, 20.983548224607983 ], [ -99.631690323820976, 20.982531852413533 ], [ -99.629340149350583, 20.981871607153959 ], [ -99.628811813746665, 20.98207986392422 ], [ -99.622701486806747, 20.980429467098425 ], [ -99.62262472983079, 20.980480833889299 ], [ -99.621645201836344, 20.981136341012164 ], [ -99.621705549744874, 20.982463945056907 ], [ -99.619297529876036, 20.982508983127968 ], [ -99.618006037254943, 20.983133176092608 ], [ -99.617300815229186, 20.982760893282141 ], [ -99.616596543756771, 20.983259699851274 ], [ -99.614540008676769, 20.982474440857803 ], [ -99.614011856517209, 20.982807084225165 ], [ -99.612954267007993, 20.982476675057423 ], [ -99.611777878881398, 20.980984694669381 ], [ -99.611144772678315, 20.980709772997102 ], [ -99.609016069370881, 20.979785374428054 ], [ -99.606698738852359, 20.980402685941595 ], [ -99.60384911148553, 20.981161745634296 ], [ -99.602910016232457, 20.981743902144444 ], [ -99.601734285846376, 20.980915707171537 ], [ -99.598093079693399, 20.981128061883418 ], [ -99.593217935705809, 20.980719644402882 ], [ -99.588110646329781, 20.983215704767286 ], [ -99.585526399883406, 20.983301967629725 ], [ -99.582646892147096, 20.981853436668491 ], [ -99.579710379959266, 20.981857075083742 ], [ -99.578417251478442, 20.980779917312521 ], [ -99.574364287727121, 20.980369930758435 ], [ -99.57213121831056, 20.979003406233044 ], [ -99.571954176396559, 20.978049329500674 ], [ -99.569076691333876, 20.978592069281184 ], [ -99.568606610702432, 20.978385224973817 ], [ -99.568238013945617, 20.978468522779131 ], [ -99.567314773454953, 20.978677103555775 ], [ -99.56631609724225, 20.978304876953697 ], [ -99.565846448854501, 20.978554363246367 ], [ -99.56461299864894, 20.978472797986083 ], [ -99.563437800953523, 20.977810286344969 ], [ -99.561967121527161, 20.974907596105158 ], [ -99.55991310346468, 20.976859970804458 ], [ -99.555156530568169, 20.977778015298497 ], [ -99.55498110246144, 20.978773986555545 ], [ -99.544175572593346, 20.980611001493106 ], [ -99.543823461682067, 20.981026271015896 ], [ -99.542825220203241, 20.981359216473106 ], [ -99.542590829208834, 20.982147781838336 ], [ -99.54188644734063, 20.982770859473185 ], [ -99.54124073762452, 20.983310893330735 ], [ -99.540712745794167, 20.984224224630662 ], [ -99.539420800903144, 20.984557445572413 ], [ -99.538422302107975, 20.984599912046988 ], [ -99.538128548502172, 20.984434257090896 ], [ -99.537599879265585, 20.98435179782177 ], [ -99.537012204641911, 20.983854485722091 ], [ -99.536072421766178, 20.983813916356866 ], [ -99.535250348267198, 20.984146645691538 ], [ -99.534780628151623, 20.984396047712284 ], [ -99.534252145030649, 20.984604014378267 ], [ -99.533841550453715, 20.985475720668198 ], [ -99.533254274555077, 20.985600759171511 ], [ -99.532725966527821, 20.9860991575908 ], [ -99.532197319753593, 20.986058172547082 ], [ -99.531845265504302, 20.98663938169241 ], [ -99.531317000229095, 20.987220757687371 ], [ -99.53049471990866, 20.987263028136393 ], [ -99.52984862236508, 20.987263637843309 ], [ -99.529026889508856, 20.988218701572695 ], [ -99.528616205301446, 20.989007413912113 ], [ -99.528440366350395, 20.989629942357045 ], [ -99.528323436544341, 20.990542852217565 ], [ -99.527736332577248, 20.990999799484335 ], [ -99.527443379782056, 20.992244799806265 ], [ -99.527149909133811, 20.992618490418916 ], [ -99.526680027339722, 20.992660416127556 ], [ -99.525916526029377, 20.992827083584146 ], [ -99.52609300670791, 20.993283321561822 ], [ -99.525682221592518, 20.993947554232697 ], [ -99.525036357333065, 20.994404546388395 ], [ -99.524390536496853, 20.994944517989325 ], [ -99.523744546404885, 20.995194050764386 ], [ -99.523392391622721, 20.995692261119284 ], [ -99.522452883896676, 20.996273982019098 ], [ -99.522041867125992, 20.99656478787691 ], [ -99.521572223411638, 20.997063099942082 ], [ -99.520984982266441, 20.997354060846689 ], [ -99.520397515310464, 20.997603513246865 ], [ -99.519869031312027, 20.997562506359195 ], [ -99.518811950450598, 20.998019838651228 ], [ -99.518342247284352, 20.998435160167375 ], [ -99.517872453857919, 20.998684516669364 ], [ -99.517461399664128, 20.99893382077072 ], [ -99.517696669079754, 20.999514489165456 ], [ -99.517285699382285, 20.999929756616197 ], [ -99.516463115606967, 20.99968155513405 ], [ -99.515523526827465, 21.00005575294804 ], [ -99.516818042453821, 21.004286712101624 ], [ -99.515467466256169, 21.005283660993346 ], [ -99.515821231480047, 21.007814303254797 ], [ -99.513918272612599, 21.008942368216498 ], [ -99.51364833706802, 21.009102381647555 ], [ -99.513295805954868, 21.008978207974284 ], [ -99.511969985292922, 21.010075200293731 ], [ -99.510989135469444, 21.010886744748014 ], [ -99.510656206244249, 21.011162203506071 ], [ -99.510539541271243, 21.011258729302721 ], [ -99.510183563537197, 21.011553255477935 ], [ -99.509864365068097, 21.011779039099984 ], [ -99.509478849897363, 21.012051729855443 ], [ -99.509594022927246, 21.012518462023902 ], [ -99.509714288200996, 21.013005826858659 ], [ -99.509492477528156, 21.013397985342536 ], [ -99.509362104739409, 21.013628481720815 ], [ -99.508833385020836, 21.013628917063379 ], [ -99.508800588563432, 21.014032762223348 ], [ -99.508712135099699, 21.015121940666635 ], [ -99.508658157650018, 21.015786589343378 ], [ -99.508772052749762, 21.016321573701564 ], [ -99.50883479071382, 21.016616262656978 ], [ -99.508776433305286, 21.017446128992773 ], [ -99.507543489878714, 21.019106774752927 ], [ -99.507485585105073, 21.020932421999028 ], [ -99.507544584297065, 21.021471755671161 ], [ -99.507609720054717, 21.021589891184508 ], [ -99.507730625083695, 21.021809173812009 ], [ -99.507956180165266, 21.02221825579166 ], [ -99.508191393525763, 21.02267446311669 ], [ -99.508191626285097, 21.02317235363801 ], [ -99.508053445088677, 21.023489963903501 ], [ -99.507956876112388, 21.023711927396828 ], [ -99.507192965347699, 21.023380623397834 ], [ -99.506605271019907, 21.022966191449907 ], [ -99.505665153758869, 21.02271800486352 ], [ -99.504901400805608, 21.022718617507721 ], [ -99.504255221467105, 21.022885096820058 ], [ -99.50343280760589, 21.023093204167793 ], [ -99.502669177597539, 21.023384243174569 ], [ -99.501905526897517, 21.02363378789353 ], [ -99.501612037562921, 21.024256381114991 ], [ -99.501729944548828, 21.025210580143984 ], [ -99.502258812247604, 21.025459111446224 ], [ -99.502846361350123, 21.025541631186577 ], [ -99.503492626207546, 21.025541120581199 ], [ -99.504358395030067, 21.02531129504807 ], [ -99.504432379790842, 21.025291654942059 ], [ -99.504910365178588, 21.025395338473075 ], [ -99.507243187327902, 21.025902621685432 ], [ -99.507664182605524, 21.025994165305121 ], [ -99.507605739220281, 21.026658067087126 ], [ -99.507353608856604, 21.026772761419057 ], [ -99.50554993040177, 21.027593240466281 ], [ -99.505138666854393, 21.027780317085654 ], [ -99.504229018144855, 21.029206471755888 ], [ -99.503788294880337, 21.029897429930497 ], [ -99.503260095985937, 21.031225556878741 ], [ -99.502790480397593, 21.032180218080146 ], [ -99.502379648978305, 21.033217813522601 ], [ -99.502086125996968, 21.033798916341699 ], [ -99.501087402801019, 21.034048642450642 ], [ -99.499265870820878, 21.033718124455909 ], [ -99.498303738247145, 21.033288079381474 ], [ -99.496873324958415, 21.032582605109223 ], [ -99.493918580911497, 21.032062511249915 ], [ -99.492508273633064, 21.031482671058921 ], [ -99.48998176038755, 21.031194055342084 ], [ -99.488691924606584, 21.039285703028561 ], [ -99.488457079698875, 21.039825250745192 ], [ -99.487752022530614, 21.039908728452239 ], [ -99.486929368508513, 21.039743339647003 ], [ -99.486224122834003, 21.039245938161002 ], [ -99.485753908489727, 21.038748371777967 ], [ -99.48534244058348, 21.038209272727279 ], [ -99.484813528253824, 21.037877707646377 ], [ -99.484499581597348, 21.037564920008315 ], [ -99.484044230539737, 21.037111246582224 ], [ -99.483267973926218, 21.037678681129634 ], [ -99.483050825488348, 21.037837412715593 ], [ -99.482345774144477, 21.037920867896112 ], [ -99.481699563479339, 21.038294717733248 ], [ -99.481347169115452, 21.038792843363726 ], [ -99.481700123146453, 21.040203301204095 ], [ -99.482405420647908, 21.040908176275291 ], [ -99.483521851892334, 21.041031897504926 ], [ -99.484520782539249, 21.041197182516257 ], [ -99.485402239490654, 21.041487015197941 ], [ -99.485990057590897, 21.042233446517699 ], [ -99.486107815002455, 21.042980201538789 ], [ -99.485520350969722, 21.043354025249275 ], [ -99.484815301442396, 21.04352047290995 ], [ -99.483640181329818, 21.043687236804963 ], [ -99.482700155571123, 21.044061289422377 ], [ -99.481877667378868, 21.044518240379332 ], [ -99.48123136705297, 21.044684634115352 ], [ -99.480408811620393, 21.044934123463921 ], [ -99.479644977709498, 21.045059097664058 ], [ -99.478646082749904, 21.045101239130663 ], [ -99.477705946340436, 21.045143336977322 ], [ -99.477177233634208, 21.045600076415656 ], [ -99.47747135083857, 21.046803125294055 ], [ -99.478176739269742, 21.047798453615133 ], [ -99.478882045609197, 21.048461851396372 ], [ -99.480351212827316, 21.04900027179858 ], [ -99.481408990951522, 21.049290007958124 ], [ -99.482172955956955, 21.049538443543852 ], [ -99.482819476643442, 21.050035900146923 ], [ -99.482937250445033, 21.05086563863258 ], [ -99.482291035780264, 21.051405454731388 ], [ -99.481057076994588, 21.051530750362865 ], [ -99.480351948196741, 21.05157270750836 ], [ -99.479235428790659, 21.051407476169 ], [ -99.478471447423033, 21.051117536615333 ], [ -99.477354955298495, 21.051035274627825 ], [ -99.476708654177116, 21.051326124410114 ], [ -99.476062350503938, 21.051616971771931 ], [ -99.475298499515503, 21.051824908893156 ], [ -99.474769590967711, 21.051617786346206 ], [ -99.474181881498566, 21.051244735021999 ], [ -99.473535463296898, 21.051079172631571 ], [ -99.47288913465718, 21.051287026161706 ], [ -99.472889350297351, 21.05219982665054 ], [ -99.473242021595183, 21.052614518607133 ], [ -99.473771032221762, 21.053236555062188 ], [ -99.474241274389712, 21.053817135474294 ], [ -99.474476519938051, 21.054605316073399 ], [ -99.474300363757123, 21.055144807963575 ], [ -99.473830348978723, 21.05551851882484 ], [ -99.473125129406839, 21.055560425997438 ], [ -99.472419989897574, 21.055353425468809 ], [ -99.471773536637002, 21.055104874911862 ], [ -99.471303388944932, 21.055063675779785 ], [ -99.470186966528686, 21.055271797607773 ], [ -99.469481887155538, 21.055645637460731 ], [ -99.468659268411159, 21.055978052988145 ], [ -99.46830678118441, 21.056434661221331 ], [ -99.468071930156469, 21.057430581823361 ], [ -99.467484438904222, 21.058177762839836 ], [ -99.466603126266563, 21.058966603210376 ], [ -99.465956817024079, 21.059506358438409 ], [ -99.465251706990657, 21.059880181117091 ], [ -99.464076434171815, 21.06004681222413 ], [ -99.463077418706419, 21.060005882162308 ], [ -99.462254685381993, 21.059881866807061 ], [ -99.461373214872623, 21.059923843486235 ], [ -99.459904241982045, 21.060961916789186 ], [ -99.459316647087647, 21.06137714262259 ], [ -99.458787838643588, 21.061958298945473 ], [ -99.458082762032362, 21.062788492809634 ], [ -99.457318883211528, 21.06341125989827 ], [ -99.456143625074432, 21.063992746309861 ], [ -99.454674488696753, 21.064283937948833 ], [ -99.453616711162312, 21.064533419447489 ], [ -99.451677454857858, 21.065115258157494 ], [ -99.450678365856788, 21.065115735328995 ], [ -99.449855651673531, 21.064908689731684 ], [ -99.449209189181644, 21.064618562654889 ], [ -99.44862150559139, 21.064452878206804 ], [ -99.447798769962063, 21.064494757109564 ], [ -99.447269888619161, 21.06482693237335 ], [ -99.446799819934029, 21.065905916767136 ], [ -99.446799857084642, 21.066486790692593 ], [ -99.446741131489517, 21.067150673786923 ], [ -99.446917495087888, 21.068063393760045 ], [ -99.446623681531037, 21.068519930771672 ], [ -99.445624635525917, 21.068893808905418 ], [ -99.444566786771787, 21.068686833833461 ], [ -99.443979097580311, 21.06864560658229 ], [ -99.443332633147094, 21.068438439347993 ], [ -99.442568338167519, 21.068314335745203 ], [ -99.441804292131252, 21.068397601538969 ], [ -99.441275384373611, 21.068771249459548 ], [ -99.440805254011337, 21.069601271692317 ], [ -99.440452658353834, 21.070472733553956 ], [ -99.440217607766186, 21.071800545740199 ], [ -99.440341967637295, 21.072239443116697 ], [ -99.440570256610755, 21.073045125276543 ], [ -99.440797345175142, 21.07363193021126 ], [ -99.440923447736793, 21.073957781524609 ], [ -99.440923265902356, 21.07424809551199 ], [ -99.440923287324068, 21.075078049633447 ], [ -99.440629448878241, 21.075825013314621 ], [ -99.440100511609515, 21.076157166794697 ], [ -99.439395253198967, 21.076281938059843 ], [ -99.438748764881538, 21.076365190923585 ], [ -99.438161049194989, 21.076655871967585 ], [ -99.437690877876591, 21.077527376538331 ], [ -99.437338247823249, 21.079021196472322 ], [ -99.436985610910156, 21.080100105794831 ], [ -99.436691743286715, 21.080847062735128 ], [ -99.436397871480139, 21.081967437878589 ], [ -99.436750514492076, 21.082921587260799 ], [ -99.437632132779115, 21.083460609382133 ], [ -99.438513755558361, 21.08383366298257 ], [ -99.438866412740424, 21.084497370840179 ], [ -99.438396219676889, 21.085161422206074 ], [ -99.437808469572076, 21.085535084234287 ], [ -99.437455819386031, 21.08607461166762 ], [ -99.437455822336901, 21.086779957678413 ], [ -99.437514601717183, 21.087526770412968 ], [ -99.437690933965655, 21.088149061834372 ], [ -99.437808491628601, 21.088854359143514 ], [ -99.437749718978139, 21.089476747314357 ], [ -99.437455835757902, 21.089808795766224 ], [ -99.436632925754154, 21.089892081323903 ], [ -99.436162741538809, 21.089394413030981 ], [ -99.435516201973243, 21.088606344765378 ], [ -99.43528110431339, 21.087735128701453 ], [ -99.434987229480257, 21.087195863076122 ], [ -99.434575801328776, 21.086905588916935 ], [ -99.433870487322338, 21.087030338029294 ], [ -99.433341491612254, 21.087528434784915 ], [ -99.433341468574653, 21.088524217676909 ], [ -99.433517778461578, 21.089436950271061 ], [ -99.433929195187218, 21.090598536576884 ], [ -99.433811618419966, 21.091718837703173 ], [ -99.433458935871869, 21.092424320669167 ], [ -99.43298869320644, 21.093129848211372 ], [ -99.432577220279043, 21.094001315696239 ], [ -99.432459640515134, 21.094789688264513 ], [ -99.432106942038828, 21.095578150246148 ], [ -99.431813030327305, 21.09603466187621 ], [ -99.431166439835565, 21.096449814604153 ], [ -99.430637417181174, 21.096574484788622 ], [ -99.429932046644069, 21.096865181937044 ], [ -99.429344227312768, 21.09728030621546 ], [ -99.429344188975506, 21.098068633805461 ], [ -99.42981439440824, 21.09889828030316 ], [ -99.430284622594641, 21.099313016203727 ], [ -99.431225098655716, 21.099810556653313 ], [ -99.431989237162753, 21.100308158854109 ], [ -99.432106783613179, 21.100847495819252 ], [ -99.431695290492002, 21.101552997246973 ], [ -99.431283805169201, 21.101926570524459 ], [ -99.43098988494252, 21.102217117063454 ], [ -99.430108119183174, 21.103047262786131 ], [ -99.42963785280719, 21.103213399354257 ], [ -99.429050024541823, 21.103296595553012 ], [ -99.428579762749891, 21.10333825651113 ], [ -99.427580463228921, 21.103297122648875 ], [ -99.427051436844692, 21.103048363827103 ], [ -99.426463660639001, 21.102343223696135 ], [ -99.426111008587668, 21.101762473067719 ], [ -99.425523241937825, 21.101057329409223 ], [ -99.424171285882622, 21.10080884073934 ], [ -99.422760472306535, 21.101431670109669 ], [ -99.421349646788173, 21.102054487895533 ], [ -99.419880022441944, 21.102718803207381 ], [ -99.419233388518833, 21.102967947377543 ], [ -99.418175193548521, 21.103881067776342 ], [ -99.417646054581326, 21.104628062173333 ], [ -99.416881771531564, 21.105416614586886 ], [ -99.416235087090172, 21.105914693205218 ], [ -99.414589116760126, 21.106122613558984 ], [ -99.413766177027583, 21.105915385592354 ], [ -99.412044284864507, 21.107554274174838 ], [ -99.407312612891587, 21.112057582794776 ], [ -99.403300488888561, 21.1158757562477 ], [ -99.3979608601298, 21.114764115393019 ], [ -99.397128129039984, 21.11459073494586 ], [ -99.396189455179439, 21.107454443976945 ], [ -99.395131337713678, 21.107454620195895 ], [ -99.39242762603233, 21.10621030911069 ], [ -99.390429320763303, 21.105090333155651 ], [ -99.388842539270968, 21.103928790625524 ], [ -99.388313599721101, 21.103596927803189 ], [ -99.389195434132887, 21.10330637967882 ], [ -99.389901176272417, 21.102186028825503 ], [ -99.390489357072752, 21.101024199924698 ], [ -99.39125372183743, 21.100360237434657 ], [ -99.391841513221422, 21.100277178966202 ], [ -99.392723260181498, 21.10036002560328 ], [ -99.393604947282242, 21.100484365613127 ], [ -99.39442779564655, 21.100816165688531 ], [ -99.396308653313397, 21.101396731789016 ], [ -99.396955276346375, 21.101313638699285 ], [ -99.397366814780639, 21.101064620473178 ], [ -99.397484530265814, 21.10048372497597 ], [ -99.397132114823833, 21.099446510365826 ], [ -99.396956002558355, 21.098575228636946 ], [ -99.397015080256438, 21.0974549595336 ], [ -99.397426716940672, 21.096791030480244 ], [ -99.398073426478916, 21.096293022672906 ], [ -99.398896491743898, 21.095711997866577 ], [ -99.399308219070022, 21.094633153557567 ], [ -99.399190941706308, 21.093512916291981 ], [ -99.398838573866698, 21.092309739942216 ], [ -99.398192322598618, 21.091106615683504 ], [ -99.398192536703874, 21.090276793656354 ], [ -99.39836917846084, 21.089073519821724 ], [ -99.398193233103001, 21.087579871508709 ], [ -99.397017847316746, 21.087040693719338 ], [ -99.395960022014208, 21.086501488132864 ], [ -99.395254847818379, 21.08600371020351 ], [ -99.394549842705047, 21.084925053227003 ], [ -99.394491396649585, 21.083763310329207 ], [ -99.394432845573945, 21.082974987643766 ], [ -99.394668249117785, 21.081896180550064 ], [ -99.394844922302383, 21.080651417741162 ], [ -99.394668812231544, 21.079904604660221 ], [ -99.394433907194752, 21.079240782850533 ], [ -99.393552258504343, 21.07874304397626 ], [ -99.392729606690395, 21.078826128992326 ], [ -99.392083028265603, 21.07907516944395 ], [ -99.391553994175879, 21.079324191112534 ], [ -99.390495876111629, 21.079573239417126 ], [ -99.389673262720564, 21.079282951692374 ], [ -99.389144396298406, 21.078992580370908 ], [ -99.388556933589157, 21.078162828889919 ], [ -99.388439738314801, 21.077084071767327 ], [ -99.38838127634564, 21.07612978098031 ], [ -99.388440358531852, 21.075175475915028 ], [ -99.388734565401904, 21.074096668484255 ], [ -99.388911159722667, 21.073225331127606 ], [ -99.389264023868208, 21.072478445233756 ], [ -99.389323033086342, 21.071731595723183 ], [ -99.389264515062209, 21.070943269640313 ], [ -99.389029662010259, 21.070237947817944 ], [ -99.388618529860551, 21.069449664530044 ], [ -99.388031053923811, 21.068785874680334 ], [ -99.387619876122997, 21.068163553724045 ], [ -99.387385035379779, 21.067458229208679 ], [ -99.386679966003143, 21.067001903963888 ], [ -99.385798396432079, 21.0671264719508 ], [ -99.385034319022566, 21.067375497510849 ], [ -99.384270106902918, 21.067997941114829 ], [ -99.383682284758336, 21.068371417584668 ], [ -99.38227161528738, 21.068952419242034 ], [ -99.381389890940454, 21.069450386040018 ], [ -99.380508254952318, 21.069699400651491 ], [ -99.379508932755343, 21.070321840222441 ], [ -99.379097367049511, 21.070778271590871 ], [ -99.378274162827736, 21.07185709648596 ], [ -99.377803769213855, 21.0724380021305 ], [ -99.376922009247323, 21.072935946058227 ], [ -99.374923748732627, 21.073060513186046 ], [ -99.373454493752675, 21.073019075490691 ], [ -99.372455388514624, 21.073019104668649 ] ] ] ] } },
{ "type": "Feature", "properties": { "CVE_PAIS": "MX", "NOM_PAIS": "MEXICO", "CVE_ENT": "22", "NOM_ENT": "QUERETARO", "CU_MUN": "22016", "NOM_MUN": "SAN JUAN DEL RIO" }, "geometry": { "type": "MultiPolygon", "coordinates": [ [ [ [ -99.968550311290656, 20.450297689772647 ], [ -99.9676146401914, 20.450002116577316 ], [ -99.965683043122411, 20.449741780366107 ], [ -99.964565730165674, 20.450604261787472 ], [ -99.963213690648516, 20.451548081205342 ], [ -99.962975153490575, 20.452374599003875 ], [ -99.962620105372054, 20.453076194419623 ], [ -99.961912338898799, 20.454023999587008 ], [ -99.96114790578973, 20.454598851661849 ], [ -99.960676548776163, 20.455134121827818 ], [ -99.960381123459172, 20.455629084376671 ], [ -99.960319992853627, 20.456125502684863 ], [ -99.960552159523061, 20.456540943804931 ], [ -99.956795914119454, 20.45796656127224 ], [ -99.956566031733317, 20.457406529269122 ], [ -99.955734627135172, 20.455381049529169 ], [ -99.95528279912142, 20.454280274144168 ], [ -99.954308537047368, 20.451906646745126 ], [ -99.95409873216984, 20.451204554151627 ], [ -99.952523777737468, 20.445933884998237 ], [ -99.952207876984545, 20.445059334326753 ], [ -99.950904657054494, 20.443222600074495 ], [ -99.950525368984543, 20.442688027321609 ], [ -99.949120014984416, 20.440706288317397 ], [ -99.948319645984341, 20.439980611315715 ], [ -99.948401645984404, 20.43998788831577 ], [ -99.948646414984381, 20.439995811315757 ], [ -99.948982537984335, 20.440008642315867 ], [ -99.949782630984515, 20.440018750315893 ], [ -99.949882337984505, 20.440010796315821 ], [ -99.950264322984509, 20.439964458315746 ], [ -99.950212491984558, 20.439610550314946 ], [ -99.950140184984505, 20.439197288314091 ], [ -99.950105753984559, 20.438806042313232 ], [ -99.950046676984527, 20.438496996312651 ], [ -99.948112522984374, 20.438788165313237 ], [ -99.947609984984368, 20.439335134314401 ], [ -99.944443999984358, 20.436462642308211 ], [ -99.939393476984179, 20.431876319298251 ], [ -99.939072399984084, 20.431584719297618 ], [ -99.938965423022225, 20.431638419329346 ], [ -99.938936762963621, 20.431652806017716 ], [ -99.938858445984039, 20.431692119297857 ], [ -99.937468968983964, 20.432399888299322 ], [ -99.93528799998397, 20.432969427300542 ], [ -99.935065753983935, 20.433086396300823 ], [ -99.927397076983766, 20.437122350309377 ], [ -99.926315553983784, 20.437691504310653 ], [ -99.913637014983536, 20.444252642324606 ], [ -99.913228353983541, 20.444464104325032 ], [ -99.913051730286952, 20.444854204601427 ], [ -99.913006570350646, 20.453134003048223 ], [ -99.912479859851572, 20.453047784318578 ], [ -99.9124129274133, 20.454579166217954 ], [ -99.913056114272834, 20.454790341790464 ], [ -99.912959844682561, 20.461703586422704 ], [ -99.911891225826096, 20.464304878259789 ], [ -99.907676799228142, 20.463697866241951 ], [ -99.90592037947863, 20.463520812179162 ], [ -99.904457078788212, 20.46330425511832 ], [ -99.886893795631281, 20.461408383216185 ], [ -99.877843306350414, 20.466564595357443 ], [ -99.875508627330049, 20.465058540764943 ], [ -99.874633016292634, 20.464514461341658 ], [ -99.873576716145621, 20.46483858242982 ], [ -99.868302749466423, 20.465134316287422 ], [ -99.867025442269878, 20.463138456712137 ], [ -99.863939680535367, 20.459846926489984 ], [ -99.862184533312316, 20.459462430198197 ], [ -99.861539951504199, 20.459499461053291 ], [ -99.860778455766265, 20.459494295173496 ], [ -99.860136991681998, 20.458993128685638 ], [ -99.858497572817711, 20.458857786367556 ], [ -99.852948839430624, 20.46610656209624 ], [ -99.846674047337814, 20.467222828583751 ], [ -99.845494410694315, 20.468580964235702 ], [ -99.862497943699509, 20.490579144590512 ], [ -99.865592533953787, 20.483978945412002 ], [ -99.866032222326425, 20.48304557917028 ], [ -99.8667895519213, 20.483795903958477 ], [ -99.868165689158772, 20.489021681353147 ], [ -99.867519560795301, 20.48930713382493 ], [ -99.86699298346187, 20.489179382013486 ], [ -99.863528664496684, 20.490480817651488 ], [ -99.862530990143384, 20.490763874787312 ], [ -99.857382318900022, 20.490014401963673 ], [ -99.834490236562843, 20.486680139218958 ], [ -99.830590200811827, 20.478085361554307 ], [ -99.838165427825842, 20.451085145359109 ], [ -99.842690425123664, 20.412932889611543 ], [ -99.842102080266955, 20.412780543785921 ], [ -99.842500374760661, 20.409879603278767 ], [ -99.843316526351444, 20.409779041189307 ], [ -99.845877651008692, 20.385895322849208 ], [ -99.846267856004545, 20.382216696748515 ], [ -99.841115383829774, 20.378880862072574 ], [ -99.833902394041374, 20.361418684181935 ], [ -99.832452559727145, 20.358022986760485 ], [ -99.838148564334674, 20.351480720618408 ], [ -99.838920042371186, 20.356158828201448 ], [ -99.839862849046156, 20.358480490018909 ], [ -99.840805685081321, 20.360802145143882 ], [ -99.841833005948061, 20.363455161053182 ], [ -99.848274248386545, 20.364113376045992 ], [ -99.849117310199475, 20.361967660707645 ], [ -99.848423428263516, 20.361053708840615 ], [ -99.848205810034671, 20.359439446341725 ], [ -99.845100994306591, 20.359255799244515 ], [ -99.846252523376805, 20.361247777611595 ], [ -99.843030009683645, 20.361104763198107 ], [ -99.840631531393271, 20.355052249426532 ], [ -99.840865173915688, 20.355006623117543 ], [ -99.841042686353106, 20.354971957809727 ], [ -99.841059270848248, 20.355005922939082 ], [ -99.841223043048259, 20.355341602067202 ], [ -99.841386988908482, 20.355677087626805 ], [ -99.841804648291017, 20.354976451058945 ], [ -99.842914385531088, 20.355355217947974 ], [ -99.842497163667261, 20.356014500798832 ], [ -99.844077545409704, 20.356230596598589 ], [ -99.845400552908075, 20.358637178203526 ], [ -99.846923214935757, 20.358770190533363 ], [ -99.845775156923906, 20.356447366281831 ], [ -99.849584998510551, 20.356469694707062 ], [ -99.850477991961711, 20.355151438930971 ], [ -99.844516402711605, 20.353503500521882 ], [ -99.845299556417672, 20.351481525184255 ], [ -99.851608434828393, 20.353545054979168 ], [ -99.854053259496879, 20.349547524404283 ], [ -99.852376824167848, 20.347304380550625 ], [ -99.851848477311918, 20.347384013556738 ], [ -99.851080087019866, 20.347999905499698 ], [ -99.850492695947025, 20.34812054819399 ], [ -99.846111233105148, 20.346730036590436 ], [ -99.846358642548466, 20.345490726533864 ], [ -99.842157374158262, 20.34399570940316 ], [ -99.836431681226429, 20.341958015321531 ], [ -99.832891936020886, 20.338586918822255 ], [ -99.826845849010397, 20.339460737344766 ], [ -99.826299740613265, 20.33698146383065 ], [ -99.826026628276665, 20.335741529837186 ], [ -99.825814925013205, 20.334780378658998 ], [ -99.825559654827813, 20.333621412138992 ], [ -99.823219348982292, 20.322192259516925 ], [ -99.825481770620897, 20.313313630656967 ], [ -99.833713515818488, 20.305132365125523 ], [ -99.837428708634718, 20.308463170204735 ], [ -99.83576496750679, 20.310645322292196 ], [ -99.837565776883295, 20.312144936420971 ], [ -99.835433658407268, 20.31428294893642 ], [ -99.83705958523683, 20.31569880887772 ], [ -99.835161806911586, 20.317838209383321 ], [ -99.836849849998458, 20.318923566449286 ], [ -99.837194353851203, 20.325170814809585 ], [ -99.848356236158722, 20.322589671862548 ], [ -99.84900774822276, 20.321931750873464 ], [ -99.849093124880625, 20.319368002732045 ], [ -99.847345965240393, 20.318323779295721 ], [ -99.846898945735177, 20.308432033259475 ], [ -99.846822498483959, 20.30674020883815 ], [ -99.845351148187945, 20.307351937061725 ], [ -99.833665237455889, 20.298597338780176 ], [ -99.841837202340869, 20.290415370679678 ], [ -99.837647141516143, 20.287702206996723 ], [ -99.832490596517658, 20.287754238271052 ], [ -99.835139897193002, 20.276636424490103 ], [ -99.843019396544477, 20.283435265935946 ], [ -99.849779779203445, 20.276564759865732 ], [ -99.854686775164538, 20.271577299755823 ], [ -99.857321441170711, 20.268899246491603 ], [ -99.859809956696267, 20.269599381418459 ], [ -99.86221224465568, 20.270493004509472 ], [ -99.863386028599066, 20.271152111839836 ], [ -99.865859087951236, 20.272540749176393 ], [ -99.871444924727655, 20.275677003646038 ], [ -99.87216695467113, 20.274755296617744 ], [ -99.872793342977431, 20.273684432508272 ], [ -99.873192915542674, 20.272510049911762 ], [ -99.873429221387553, 20.271470777734621 ], [ -99.873681571252803, 20.271451583441593 ], [ -99.874190071531316, 20.271412903528766 ], [ -99.874950920972879, 20.271355025476812 ], [ -99.876547213734312, 20.271277350761739 ], [ -99.876672293523271, 20.271271263832546 ], [ -99.88008802423164, 20.273085296373019 ], [ -99.897566906683295, 20.279752443542208 ], [ -99.897930188098613, 20.279893020749732 ], [ -99.900618212703691, 20.281427835437807 ], [ -99.904272087173709, 20.283333594639497 ], [ -99.906026419186688, 20.284286051963139 ], [ -99.907780772129101, 20.285238490235166 ], [ -99.908109545359792, 20.285011709255034 ], [ -99.908923381698031, 20.284707506055085 ], [ -99.909759652043462, 20.284519637640031 ], [ -99.90996668526644, 20.284473126875639 ], [ -99.910547730375768, 20.284499111377187 ], [ -99.911556284713171, 20.285023483179376 ], [ -99.912669820391955, 20.284988262777933 ], [ -99.913722694983548, 20.285159492688347 ], [ -99.914308133238308, 20.2852040714242 ], [ -99.915367229268114, 20.284754951531482 ], [ -99.916079781920786, 20.283807624367256 ], [ -99.917144246616786, 20.282820866468146 ], [ -99.91814721679124, 20.282123273443062 ], [ -99.918620854566058, 20.281629568574132 ], [ -99.920212126769911, 20.280687035342293 ], [ -99.920184624594711, 20.280455341852161 ], [ -99.920158089982394, 20.280231799111359 ], [ -99.920104053568608, 20.279776563096615 ], [ -99.920413087907818, 20.278165281348791 ], [ -99.920656509485241, 20.277256730569132 ], [ -99.921186228374125, 20.277011475406933 ], [ -99.921596716463526, 20.276972358904437 ], [ -99.921686970779135, 20.27688174173359 ], [ -99.92212932277981, 20.276437609170657 ], [ -99.922781977715829, 20.275614005114214 ], [ -99.923429263065259, 20.275328026430223 ], [ -99.92395855842976, 20.275124119219516 ], [ -99.924023325357851, 20.274504098803387 ], [ -99.924286989873806, 20.273881389578872 ], [ -99.924151208606347, 20.273429481718679 ], [ -99.924156981464208, 20.272850498093462 ], [ -99.925355629834002, 20.272169612933347 ], [ -99.926210981723727, 20.270833903616261 ], [ -99.926348243622712, 20.269752966331552 ], [ -99.926391533830426, 20.269412053386024 ], [ -99.926435313189913, 20.269255793580989 ], [ -99.926586827123501, 20.269190370330858 ], [ -99.926918219851188, 20.269047374143902 ], [ -99.926987361280354, 20.268971729812137 ], [ -99.92723212241377, 20.268857601189421 ], [ -99.927578031722462, 20.268820139024964 ], [ -99.928428413868104, 20.26895222451288 ], [ -99.92871764965939, 20.268909121698361 ], [ -99.928899478270509, 20.268795324266907 ], [ -99.929091913025545, 20.268348907646757 ], [ -99.929385955276004, 20.268056356210117 ], [ -99.929492760708342, 20.268026096708237 ], [ -99.929682875984398, 20.267918980163792 ], [ -99.929830838797102, 20.26783561310701 ], [ -99.929824504738264, 20.267727196227654 ], [ -99.92981258280156, 20.267436700041848 ], [ -99.92965731567881, 20.264935558174784 ], [ -99.929654383464182, 20.264815238030312 ], [ -99.929643548140234, 20.264629765185809 ], [ -99.929547227563432, 20.262923044732609 ], [ -99.929535881280344, 20.262786752557009 ], [ -99.929350861196184, 20.259599763832526 ], [ -99.929345705343565, 20.259511852449812 ], [ -99.929305454957685, 20.25882554863751 ], [ -99.92919669000338, 20.256970970475606 ], [ -99.929191168754656, 20.256876824668087 ], [ -99.929185647515069, 20.256782678859082 ], [ -99.929061883582747, 20.254672268073726 ], [ -99.928779591613875, 20.249839085584846 ], [ -99.9236850751807, 20.249687290046904 ], [ -99.922335030732896, 20.249969427711164 ], [ -99.927235611001606, 20.242851116131192 ], [ -99.92857560245659, 20.240904586082042 ], [ -99.931284129978721, 20.239471733485505 ], [ -99.926707877636233, 20.23322271957375 ], [ -99.926979639244877, 20.232515504204965 ], [ -99.929335833431125, 20.232788208107685 ], [ -99.929792935617741, 20.232303737784811 ], [ -99.930384347355201, 20.232013000638879 ], [ -99.931216686583994, 20.231525814535562 ], [ -99.933148310366605, 20.230675426137061 ], [ -99.934175993545793, 20.230473074182523 ], [ -99.935169148191221, 20.230580279018405 ], [ -99.935956729173796, 20.230711886281423 ], [ -99.93689749674266, 20.230143679044371 ], [ -99.937712084922481, 20.228728783311258 ], [ -99.938614810050268, 20.227885998266068 ], [ -99.939239990667247, 20.227182667387403 ], [ -99.940084749214435, 20.226764044809133 ], [ -99.940868800860912, 20.226311589127938 ], [ -99.942016400979597, 20.225936512240477 ], [ -99.942729180726758, 20.225586907849546 ], [ -99.943368068637753, 20.225273542213788 ], [ -99.943923771132148, 20.225086139204244 ], [ -99.944111249200148, 20.225056113640846 ], [ -99.945238593564426, 20.225143248590484 ], [ -99.945401786902892, 20.225155861555962 ], [ -99.94998813980888, 20.225510270709965 ], [ -99.951571708907977, 20.237223016384789 ], [ -99.950960490386421, 20.239825333904253 ], [ -99.954904197620422, 20.24981347842602 ], [ -99.958245662784662, 20.255538473496088 ], [ -99.962304544584583, 20.253781376538306 ], [ -99.963118532340758, 20.2544060030298 ], [ -99.965271279756351, 20.255906128982701 ], [ -99.969120716672407, 20.257621836687179 ], [ -99.969586908051951, 20.25787240412739 ], [ -99.970167848038997, 20.258371712064989 ], [ -99.970924515841716, 20.258871928889725 ], [ -99.971855713574968, 20.25949711918145 ], [ -99.972668569540929, 20.260245765046474 ], [ -99.973249128649826, 20.260786417497304 ], [ -99.973887069551935, 20.261451437290141 ], [ -99.974525415008188, 20.262075098881724 ], [ -99.974578802857053, 20.262613024121137 ], [ -99.974981254934008, 20.263400896505857 ], [ -99.975264563546858, 20.264394941518489 ], [ -99.975315561956037, 20.265180999774451 ], [ -99.975017889704347, 20.265675756229868 ], [ -99.975481322859295, 20.266215795448982 ], [ -99.975885782966245, 20.26679688700716 ], [ -99.975646288775181, 20.267333301903218 ], [ -99.975694898393996, 20.268367493082422 ], [ -99.975748293409836, 20.268905417330949 ], [ -99.976329693405773, 20.269363346177666 ], [ -99.976793142481341, 20.269903381067223 ], [ -99.977375744017721, 20.270237239481972 ], [ -99.97718965147925, 20.271311579638866 ], [ -99.978121347347511, 20.271895376159033 ], [ -99.978537770850593, 20.271235794405797 ], [ -99.979770718128449, 20.270952620311974 ], [ -99.981061047714661, 20.270793804323919 ], [ -99.981711770894464, 20.270135415709884 ], [ -99.982017370060632, 20.268813538462187 ], [ -99.982441707893813, 20.267326837984974 ], [ -99.98339283594099, 20.265884187101868 ], [ -99.983986935244701, 20.265018714001975 ], [ -99.984928523939018, 20.264568587716894 ], [ -99.985346484642506, 20.263743569220164 ], [ -99.986123817556859, 20.262093231062327 ], [ -99.98578583134487, 20.260685352257536 ], [ -99.985969082418634, 20.25990049328637 ], [ -99.986271065049607, 20.25895080909887 ], [ -99.986515262001234, 20.257918114970909 ], [ -99.98652199332922, 20.257215071072871 ], [ -99.986534268327901, 20.255933049709753 ], [ -99.985074293349584, 20.25547067101423 ], [ -99.983441384883065, 20.254717892391216 ], [ -99.980949377514307, 20.251934170485452 ], [ -99.980611463743813, 20.250526277255336 ], [ -99.979748407518102, 20.248908898047915 ], [ -99.979642804168833, 20.24770898319283 ], [ -99.97982965476757, 20.246551928171925 ], [ -99.980603788798973, 20.245232457465786 ], [ -99.98067587792913, 20.243826666525329 ], [ -99.979405668898721, 20.241917688388469 ], [ -99.9784821176479, 20.240506776174943 ], [ -99.978226604700339, 20.238690104100296 ], [ -99.978105192593574, 20.237986835893235 ], [ -99.978102356063772, 20.237489883202183 ], [ -99.978566723759741, 20.236575810791379 ], [ -99.978971680866323, 20.235537873371086 ], [ -99.979790814010443, 20.235077092107456 ], [ -99.980841404192205, 20.234035030017825 ], [ -99.981309778052363, 20.233824967073939 ], [ -99.982073760946534, 20.233985741143037 ], [ -99.982952996727192, 20.233773046598181 ], [ -99.983716267290035, 20.233809575434456 ], [ -99.984948620424206, 20.233760266480022 ], [ -99.986123946759079, 20.234001214029885 ], [ -99.986479455588309, 20.234578730901795 ], [ -99.986952118991297, 20.235114080496164 ], [ -99.987420964658568, 20.234986826718856 ], [ -99.987946115241073, 20.234445068315353 ], [ -99.988294938815756, 20.233863027952619 ], [ -99.988525653537764, 20.233157503971618 ], [ -99.988522545623866, 20.232619139930897 ], [ -99.989046010297045, 20.231787490261635 ], [ -99.989630317240653, 20.231328174972486 ], [ -99.993438681909936, 20.23014402809256 ], [ -99.99348944402729, 20.228777034176556 ], [ -99.996412267654875, 20.226728845125287 ], [ -99.998459478486325, 20.225514571874356 ], [ -99.999517617639782, 20.225797605376759 ], [ -100.000689752905387, 20.22550009464279 ], [ -100.001973688010025, 20.224249325496643 ], [ -100.002966578055762, 20.223414583099455 ], [ -100.003958971425504, 20.222497010508544 ], [ -100.004305521516031, 20.221542228906863 ], [ -100.005824883343095, 20.220414140958233 ], [ -100.006875442545493, 20.219413345201858 ], [ -100.008694312903984, 20.219318627904254 ], [ -100.009801333997515, 20.217944719885235 ], [ -100.010498010072737, 20.216656322240738 ], [ -100.01131327416617, 20.215574214765578 ], [ -100.012245901299337, 20.214491333816877 ], [ -100.012594100835003, 20.213826424758718 ], [ -100.018092653367816, 20.21076703351806 ], [ -100.018026324508966, 20.209483637461538 ], [ -100.018786763028899, 20.209064482755728 ], [ -100.019430568610673, 20.20877033667125 ], [ -100.02007066563624, 20.207855003262694 ], [ -100.020770428353728, 20.207104929330221 ], [ -100.022413583813972, 20.207094064152312 ], [ -100.023884159007522, 20.207664122210467 ], [ -100.024822114255116, 20.207492249519429 ], [ -100.025583020761687, 20.207155891047268 ], [ -100.025870972269814, 20.206242873990643 ], [ -100.026930763109021, 20.206815632183908 ], [ -100.027992554737722, 20.207719681516803 ], [ -100.030352412958521, 20.209774668372429 ], [ -100.039968779308253, 20.218034495973232 ], [ -100.037693805092658, 20.220327524234218 ], [ -100.035831100838578, 20.222866246864946 ], [ -100.035545444924779, 20.224151985921758 ], [ -100.038136638095949, 20.225584096666267 ], [ -100.044026254409047, 20.22889897848734 ], [ -100.044318444836378, 20.228689939144996 ], [ -100.044610634472221, 20.228480899345737 ], [ -100.045252686821399, 20.227896774426561 ], [ -100.046188190569822, 20.227310664626614 ], [ -100.046947105259974, 20.226642916900335 ], [ -100.047647068113989, 20.225934151299139 ], [ -100.051837633983951, 20.229715799474153 ], [ -100.053590450738199, 20.228420069218426 ], [ -100.048931379202088, 20.224807290548274 ], [ -100.05021516117742, 20.223597597332819 ], [ -100.051386656073532, 20.223216929194521 ], [ -100.052794950215528, 20.22316595347035 ], [ -100.053671706964067, 20.222580204692651 ], [ -100.054722729215754, 20.221703371063132 ], [ -100.055659442453248, 20.221324272665058 ], [ -100.056710444881233, 20.220447427884565 ], [ -100.060067803746449, 20.22237094881498 ], [ -100.067486008637488, 20.226047296293707 ], [ -100.068721888482514, 20.226577165497563 ], [ -100.068373647184373, 20.227200764040354 ], [ -100.068025403199655, 20.22782436197388 ], [ -100.066513458341717, 20.230071084773964 ], [ -100.056796515025439, 20.243762641161098 ], [ -100.073726916762169, 20.247704831396796 ], [ -100.075785819558263, 20.248394598496159 ], [ -100.083648540754169, 20.257078096582287 ], [ -100.084526152449556, 20.256616426234391 ], [ -100.085525668451567, 20.256857922427816 ], [ -100.086526779654292, 20.257347880135978 ], [ -100.087411024413626, 20.257921476062819 ], [ -100.087826190004634, 20.258581178582666 ], [ -100.08817348834063, 20.258703042100613 ], [ -100.094769094063011, 20.26101720454124 ], [ -100.092732387160353, 20.263806206806528 ], [ -100.090459455384561, 20.266389780651277 ], [ -100.088071164799999, 20.2693054395662 ], [ -100.086440935031973, 20.27142891806843 ], [ -100.082890771775496, 20.276299050614046 ], [ -100.077657006524731, 20.28420397907497 ], [ -100.075967771767864, 20.286327778186546 ], [ -100.078336588522617, 20.289500122454886 ], [ -100.080163062602352, 20.290481320555024 ], [ -100.082688571997863, 20.290587947676393 ], [ -100.082080311437863, 20.296472833598159 ], [ -100.078028339337948, 20.29641823852835 ], [ -100.077272402703102, 20.297583058808627 ], [ -100.076572011931944, 20.298250534224248 ], [ -100.075462170605775, 20.299169327756534 ], [ -100.076583074535407, 20.29998980312099 ], [ -100.077762972128184, 20.300851273450661 ], [ -100.07812003083356, 20.301594223120684 ], [ -100.078538187623124, 20.302709463269409 ], [ -100.078957143057536, 20.303948935336358 ], [ -100.079260251061427, 20.305437690500284 ], [ -100.079972029530921, 20.306550880679477 ], [ -100.080916319493923, 20.307289729642903 ], [ -100.082213473790972, 20.308108935418129 ], [ -100.083335008516656, 20.309012184229974 ], [ -100.083469436362563, 20.311661668519783 ], [ -100.083890848146268, 20.313273823646018 ], [ -100.083957007253531, 20.314432920816774 ], [ -100.082959772670719, 20.314605543996073 ], [ -100.082551361333842, 20.315022526225125 ], [ -100.082262781621026, 20.315811386393545 ], [ -100.08215169728166, 20.31680607085411 ], [ -100.086556009124166, 20.316775254864851 ], [ -100.086375044025345, 20.316031092544346 ], [ -100.08607689988672, 20.315329163758303 ], [ -100.085953065649235, 20.314336123484633 ], [ -100.086533374639259, 20.31325532380578 ], [ -100.087285047083526, 20.311427889911432 ], [ -100.087802083850093, 20.309643511991776 ], [ -100.087734301033436, 20.308235951050662 ], [ -100.08725521136212, 20.306789861085406 ], [ -100.086777728431187, 20.305592235140868 ], [ -100.086477209903776, 20.304517606360012 ], [ -100.086878662884374, 20.303023930123846 ], [ -100.087281440243999, 20.301737308101711 ], [ -100.088094703980715, 20.300364980764275 ], [ -100.088912753995402, 20.299738048006027 ], [ -100.090377756777002, 20.29927221820639 ], [ -100.090375353217738, 20.298899519417404 ], [ -100.091256647053896, 20.298976150234672 ], [ -100.092022379403531, 20.299343479582401 ], [ -100.097023571989837, 20.300881903892744 ], [ -100.09728540792409, 20.301141477224103 ], [ -100.097031724436121, 20.301958957035993 ], [ -100.096956258758638, 20.302188425718228 ], [ -100.096669960850249, 20.303058966546185 ], [ -100.096047852376159, 20.302914520238573 ], [ -100.095811692559991, 20.303569295818832 ], [ -100.095696244819123, 20.303889383697566 ], [ -100.095176443006267, 20.305330558740753 ], [ -100.094423022975491, 20.305520701824861 ], [ -100.093619798104299, 20.307905942338252 ], [ -100.093670583725626, 20.308007232665695 ], [ -100.094817908533898, 20.309509573257476 ], [ -100.094899976585666, 20.309619417030063 ], [ -100.09365522821696, 20.313096455318064 ], [ -100.093118762777976, 20.314600062929927 ], [ -100.093251227642, 20.314599412514731 ], [ -100.096757709032474, 20.314546971085825 ], [ -100.097802954839665, 20.31453170706525 ], [ -100.097883688835566, 20.314530527824051 ], [ -100.098023489890068, 20.314528485731635 ], [ -100.09834564249222, 20.314523779580785 ], [ -100.099451511466299, 20.314507620033332 ], [ -100.099584094294784, 20.314505682193015 ], [ -100.09977970536049, 20.31450381372321 ], [ -100.111938574872894, 20.31432473249372 ], [ -100.112172414992685, 20.314351503785101 ], [ -100.11269516899722, 20.314395152419433 ], [ -100.123679584997774, 20.316908952421656 ], [ -100.123712014339503, 20.316916298292718 ], [ -100.123857399997775, 20.316949229421688 ], [ -100.125463953997809, 20.317313090422029 ], [ -100.126358384997886, 20.31754347542217 ], [ -100.12785243099799, 20.317928290422529 ], [ -100.130357722998141, 20.318573536423091 ], [ -100.130645368998145, 20.318616860423113 ], [ -100.130627061998169, 20.318734429423234 ], [ -100.133006707998234, 20.319333413423756 ], [ -100.133044476998194, 20.319278906423726 ], [ -100.133208707998321, 20.319342690423774 ], [ -100.135378630998403, 20.320185383424505 ], [ -100.135454199998378, 20.320040336424356 ], [ -100.13551926199834, 20.319768860424194 ], [ -100.135689676998354, 20.319496706423919 ], [ -100.13583135399837, 20.319224736423664 ], [ -100.136078461998352, 20.318961121423431 ], [ -100.13636419999844, 20.318742429423271 ], [ -100.136649999998482, 20.318532767423086 ], [ -100.136935922998461, 20.318341167422975 ], [ -100.137192999998518, 20.318131690422753 ], [ -100.137508184998495, 20.318012183422617 ], [ -100.137615831036555, 20.317955388324933 ], [ -100.137723476998488, 20.317898598422509 ], [ -100.142102368998763, 20.322090506426104 ], [ -100.143293153998854, 20.323232829427162 ], [ -100.143482845998875, 20.322978613426955 ], [ -100.14357821499884, 20.3229237674269 ], [ -100.143864614998876, 20.322795413426725 ], [ -100.144151076998824, 20.322676075426656 ], [ -100.144446784998848, 20.322511521426545 ], [ -100.144723661998938, 20.322392244426375 ], [ -100.14510630799893, 20.322326506426368 ], [ -100.145489399998922, 20.322323983426379 ], [ -100.145872491998944, 20.322321475426389 ], [ -100.146255537999025, 20.322309936426386 ], [ -100.146543661998962, 20.322416460426421 ], [ -100.146831584999006, 20.322495890426545 ], [ -100.147215276999006, 20.322574690426588 ], [ -100.147391831099739, 20.322487695888782 ], [ -100.147568384999019, 20.322400706426428 ], [ -100.148621876999101, 20.321862029425951 ], [ -100.148704854339059, 20.3219187157185 ], [ -100.148315590776747, 20.322377630097947 ], [ -100.149729520973708, 20.323029806052414 ], [ -100.150732101251975, 20.323643593433513 ], [ -100.151617805554878, 20.324341061858725 ], [ -100.152855020707477, 20.324911691645237 ], [ -100.154210265513612, 20.325564263167585 ], [ -100.155271320455597, 20.326136178253076 ], [ -100.156038180880657, 20.326627442511075 ], [ -100.15704194900988, 20.327406830743744 ], [ -100.158338505031494, 20.32805980364817 ], [ -100.159342007726423, 20.328797767676569 ], [ -100.160520557239408, 20.32936877610118 ], [ -100.16163952803231, 20.329815983727862 ], [ -100.162758791750647, 20.330304593659076 ], [ -100.163350946738205, 20.331004184702589 ], [ -100.164063148079549, 20.332075585643903 ], [ -100.165066415634513, 20.332772104126743 ], [ -100.166304607117425, 20.333466861730656 ], [ -100.167191011415966, 20.334247063801282 ], [ -100.167782048613944, 20.334780998973862 ], [ -100.168316090692755, 20.33556382952268 ], [ -100.168730370682894, 20.336016259765536 ], [ -100.169204248833651, 20.336592478210616 ], [ -100.169738015774271, 20.337333893929845 ], [ -100.170620413054039, 20.337534341175925 ], [ -100.17126673449809, 20.337570907197691 ], [ -100.171797042387794, 20.337815400269832 ], [ -100.172505280212718, 20.338307026885779 ], [ -100.172802118345089, 20.33876032809286 ], [ -100.174152632440823, 20.338708770815369 ], [ -100.174860881415626, 20.339200387266938 ], [ -100.175216749245209, 20.33969465178679 ], [ -100.175572038612898, 20.340106096304503 ], [ -100.175983446615888, 20.340144411857992 ], [ -100.173850701408966, 20.345916686795743 ], [ -100.172982742865045, 20.34778673741237 ], [ -100.172336378744617, 20.347750179886226 ], [ -100.170112289173915, 20.348884982623172 ], [ -100.172004245319485, 20.350651495994484 ], [ -100.173772390663487, 20.351507859685018 ], [ -100.174364969488153, 20.352248814879079 ], [ -100.177215715288909, 20.356699811614064 ], [ -100.181166889172587, 20.358906207927827 ], [ -100.183398641732936, 20.35884790611588 ], [ -100.186773667681805, 20.361635464645264 ], [ -100.190224825446521, 20.361767410169083 ], [ -100.19104380758354, 20.36094273829881 ], [ -100.192389012872852, 20.36338414299362 ], [ -100.193748175247251, 20.363952569514193 ], [ -100.196469076220708, 20.366465739518983 ], [ -100.194880635514991, 20.369947595240827 ], [ -100.18789472475197, 20.373957469082903 ], [ -100.169630694040592, 20.399180550905339 ], [ -100.157920041058873, 20.415348131365125 ], [ -100.141567551193205, 20.414566776912618 ], [ -100.138308651071668, 20.427274699933328 ], [ -100.137290576533402, 20.431058454384267 ], [ -100.136645003651054, 20.431098402071662 ], [ -100.134404377614871, 20.437316588690113 ], [ -100.129308359982161, 20.431869020970296 ], [ -100.132668439295813, 20.4231226797286 ], [ -100.129212793313656, 20.419463127177139 ], [ -100.121487574107093, 20.440728793563427 ], [ -100.123834417762879, 20.441066511407591 ], [ -100.124773394057726, 20.441068820551873 ], [ -100.125126432481821, 20.440551056331863 ], [ -100.125479468594733, 20.440033291476126 ], [ -100.126245910069429, 20.438043626568518 ], [ -100.126248263221612, 20.436715936656789 ], [ -100.126075375179582, 20.434931421617414 ], [ -100.126902158749814, 20.431987620618383 ], [ -100.12789998109352, 20.431865588129259 ], [ -100.128424107626159, 20.434148843477349 ], [ -100.129712525466374, 20.435645635946276 ], [ -100.130178806752227, 20.437472347753037 ], [ -100.130647704346032, 20.437805408390862 ], [ -100.131176082988517, 20.437682217004106 ], [ -100.131879650168301, 20.438057332494576 ], [ -100.134050556601579, 20.438311507544132 ], [ -100.13380335024388, 20.438738629334669 ], [ -100.133403090605199, 20.439430190251088 ], [ -100.131466621290457, 20.439342536710097 ], [ -100.126747998937176, 20.444325792600953 ], [ -100.12558704597177, 20.44555178822587 ], [ -100.123888065065842, 20.443887997271048 ], [ -100.115146505614803, 20.442331114679593 ], [ -100.11197626567332, 20.442945483704086 ], [ -100.109922611519693, 20.442732823527354 ], [ -100.107282878880824, 20.442103734304542 ], [ -100.105523463185051, 20.44147686596872 ], [ -100.103530668896667, 20.440144034311334 ], [ -100.102619711083165, 20.439943432406675 ], [ -100.102005472301073, 20.439808167941642 ], [ -100.095596123053355, 20.446181057120448 ], [ -100.092955636675782, 20.445925166808539 ], [ -100.092601857436605, 20.446754050971801 ], [ -100.089712137451556, 20.453716871373398 ], [ -100.092585379651311, 20.455052180667849 ], [ -100.092993756068822, 20.456297982284767 ], [ -100.092461408187376, 20.458371120902527 ], [ -100.092811511262212, 20.459409314346999 ], [ -100.093137173827159, 20.472811696205547 ], [ -100.090852552527735, 20.470482191910481 ], [ -100.087919498622455, 20.469561618695693 ], [ -100.087159358217846, 20.468107415661589 ], [ -100.085222023282597, 20.468268206720047 ], [ -100.085396264331635, 20.469181472032542 ], [ -100.083980434947904, 20.472662914260425 ], [ -100.083977058660821, 20.474322540006085 ], [ -100.077707507951487, 20.468870304478699 ], [ -100.076126662449553, 20.466957413984726 ], [ -100.07579829611548, 20.467122138055295 ], [ -100.075304041114578, 20.467370077919956 ], [ -100.075360915176958, 20.468241544478325 ], [ -100.073469081139237, 20.474667472541054 ], [ -100.072525689114968, 20.476656452364285 ], [ -100.069416950936883, 20.475527630154446 ], [ -100.068469783295313, 20.479259203909201 ], [ -100.067408807147544, 20.481289324828822 ], [ -100.066935456353292, 20.483030635079704 ], [ -100.06505794604368, 20.482569011023919 ], [ -100.063532033149514, 20.482398787162559 ], [ -100.062123618494354, 20.482187388142638 ], [ -100.060538918133574, 20.482058463927228 ], [ -100.057364493885956, 20.484082571493172 ], [ -100.050926684882455, 20.483350959016832 ], [ -100.049607592523941, 20.483206556886703 ], [ -100.049500187589089, 20.483188814041529 ], [ -100.048494790123399, 20.482536151393372 ], [ -100.048409675453442, 20.482480897917821 ], [ -100.048151985279205, 20.482313613933503 ], [ -100.047172615494205, 20.480650786697545 ], [ -100.047099384110723, 20.48052644872234 ], [ -100.045512208030502, 20.481610814755481 ], [ -100.044982784286987, 20.481972513022615 ], [ -100.042514591633818, 20.483127088614513 ], [ -100.040793888153544, 20.491046909244186 ], [ -100.040955665804347, 20.49090216258552 ], [ -100.041117443150711, 20.490757415786849 ], [ -100.04144099692995, 20.490467921769653 ], [ -100.044696383812749, 20.490626816428382 ], [ -100.045960894718533, 20.490688520320319 ], [ -100.04807562941248, 20.49011375124412 ], [ -100.048783753330923, 20.48849763263507 ], [ -100.049371460677762, 20.488208884964134 ], [ -100.051600769078661, 20.488879140729114 ], [ -100.051895874281854, 20.488174634768086 ], [ -100.052716171006978, 20.488882330122344 ], [ -100.053303964232157, 20.488552078490464 ], [ -100.053830649469091, 20.489300421500356 ], [ -100.058227090604206, 20.492258763349856 ], [ -100.059167576360736, 20.491722031944626 ], [ -100.059990915069037, 20.491060492879164 ], [ -100.062748481581863, 20.491815068795926 ], [ -100.06732792626012, 20.491661855600086 ], [ -100.067265053295202, 20.493611757988525 ], [ -100.068321689532951, 20.493656173666643 ], [ -100.069083469175567, 20.494322133631169 ], [ -100.062775768846066, 20.501791422221423 ], [ -100.062197005274584, 20.50247672110466 ], [ -100.061900484496618, 20.503845094675899 ], [ -100.064178778138569, 20.509162299720526 ], [ -100.064880126197295, 20.510657924730378 ], [ -100.064927495474734, 20.511146852335067 ], [ -100.065282227368343, 20.514808134123989 ], [ -100.065573582062555, 20.51584621531601 ], [ -100.065333210959082, 20.518417984211197 ], [ -100.065501725479677, 20.521986667699011 ], [ -100.065616056055092, 20.523439165112123 ], [ -100.066258505293078, 20.525059087749494 ], [ -100.065935306629285, 20.525390374300613 ], [ -100.058144280776233, 20.533375769280624 ], [ -100.063421978360878, 20.532618822477197 ], [ -100.067078668180443, 20.540587683956847 ], [ -100.056461216007136, 20.542855624508675 ], [ -100.048707289206533, 20.544511452721164 ], [ -100.045549095888447, 20.545185766938516 ], [ -100.045523537992963, 20.545722474466398 ], [ -100.045425568600336, 20.545739732870508 ], [ -100.045278845989856, 20.5457655813148 ], [ -100.043984691989849, 20.545993534315322 ], [ -100.043726353989825, 20.546039042315424 ], [ -100.042640076989642, 20.546230381315858 ], [ -100.041506814989603, 20.546429981316226 ], [ -100.041429614989596, 20.546443581316364 ], [ -100.038808414989404, 20.546905227317389 ], [ -100.038479891989383, 20.547018781317654 ], [ -100.037668337989373, 20.54716998131796 ], [ -100.037146199989238, 20.547267242318195 ], [ -100.03649784598926, 20.547388027318426 ], [ -100.03648589198238, 20.547298243279631 ], [ -100.036473937989285, 20.547208458318071 ], [ -100.034891537989139, 20.546426181316225 ], [ -100.034611830988979, 20.546251719315823 ], [ -100.034162753918352, 20.541278599263425 ], [ -100.034315979381915, 20.540940170142477 ], [ -100.036486103276602, 20.54058007504474 ], [ -100.035970931403938, 20.537927608727117 ], [ -100.0341530463525, 20.538165530840867 ], [ -100.032754443150196, 20.523874956249536 ], [ -100.031104396068173, 20.52585255056006 ], [ -100.029287030317249, 20.526007621168372 ], [ -100.027644294429621, 20.526412078759012 ], [ -100.025179393728791, 20.527184326840668 ], [ -100.023418845919494, 20.527712256007941 ], [ -100.01936853564311, 20.529137554865084 ], [ -100.012494560870607, 20.532781687074635 ], [ -100.013828968759768, 20.535604661056503 ], [ -100.006614323725088, 20.536886837776265 ], [ -99.995289360796889, 20.515830054351643 ], [ -99.994822214973837, 20.515496060049159 ], [ -99.989875799550589, 20.520392824211125 ], [ -99.988196645567015, 20.519066427686816 ], [ -99.987657679501567, 20.518640679318693 ], [ -99.996102510380098, 20.499867281144358 ], [ -99.998262158175109, 20.495065483828508 ], [ -99.995932340946865, 20.494733124953633 ], [ -99.985358212382607, 20.493224264352019 ], [ -99.970393310110637, 20.491087709586335 ], [ -99.968426184987251, 20.486190456197296 ], [ -99.967965086175141, 20.484697229584341 ], [ -99.966746199400788, 20.482454134003682 ], [ -99.966892913450607, 20.476659087257744 ], [ -99.96089407898944, 20.469791006662039 ], [ -99.959800461145107, 20.466016833153454 ], [ -99.961150305343097, 20.465528419150925 ], [ -99.96238319801877, 20.46499787018934 ], [ -99.963379863598277, 20.464838447638723 ], [ -99.964960394716243, 20.465055229601671 ], [ -99.965201854510681, 20.464383830581546 ], [ -99.965495208675279, 20.46356813744115 ], [ -99.965619767118028, 20.462119924589341 ], [ -99.966814111457353, 20.457656122736825 ], [ -99.967653154673215, 20.45393533332626 ], [ -99.968550311290656, 20.450297689772647 ] ] ] ] } },
{ "type": "Feature", "properties": { "CVE_PAIS": "MX", "NOM_PAIS": "MEXICO", "CVE_ENT": "22", "NOM_ENT": "QUERETARO", "CU_MUN": "22017", "NOM_MUN": "TEQUISQUIAPAN" }, "geometry": { "type": "MultiPolygon", "coordinates": [ [ [ [ -99.968550311290656, 20.450297689772647 ], [ -99.967653154673215, 20.45393533332626 ], [ -99.966814111457353, 20.457656122736825 ], [ -99.965619767118028, 20.462119924589341 ], [ -99.965495208675279, 20.46356813744115 ], [ -99.965201854510681, 20.464383830581546 ], [ -99.964960394716243, 20.465055229601671 ], [ -99.963379863598277, 20.464838447638723 ], [ -99.96238319801877, 20.46499787018934 ], [ -99.961150305343097, 20.465528419150925 ], [ -99.959800461145107, 20.466016833153454 ], [ -99.96089407898944, 20.469791006662039 ], [ -99.966892913450607, 20.476659087257744 ], [ -99.966746199400788, 20.482454134003682 ], [ -99.967965086175141, 20.484697229584341 ], [ -99.968426184987251, 20.486190456197296 ], [ -99.970393310110637, 20.491087709586335 ], [ -99.985358212382607, 20.493224264352019 ], [ -99.995932340946865, 20.494733124953633 ], [ -99.998262158175109, 20.495065483828508 ], [ -99.996102510380098, 20.499867281144358 ], [ -99.987657679501567, 20.518640679318693 ], [ -99.988196645567015, 20.519066427686816 ], [ -99.989875799550589, 20.520392824211125 ], [ -99.994822214973837, 20.515496060049159 ], [ -99.995289360796889, 20.515830054351643 ], [ -100.006614323725088, 20.536886837776265 ], [ -100.013828968759768, 20.535604661056503 ], [ -100.012494560870607, 20.532781687074635 ], [ -100.01936853564311, 20.529137554865084 ], [ -100.023418845919494, 20.527712256007941 ], [ -100.025179393728791, 20.527184326840668 ], [ -100.027644294429621, 20.526412078759012 ], [ -100.029287030317249, 20.526007621168372 ], [ -100.031104396068173, 20.52585255056006 ], [ -100.032754443150196, 20.523874956249536 ], [ -100.0341530463525, 20.538165530840867 ], [ -100.035970931403938, 20.537927608727117 ], [ -100.036486103276602, 20.54058007504474 ], [ -100.034315979381915, 20.540940170142477 ], [ -100.034162753918352, 20.541278599263425 ], [ -100.034611830988979, 20.546251719315823 ], [ -100.034891537989139, 20.546426181316225 ], [ -100.036473937989285, 20.547208458318071 ], [ -100.03648589198238, 20.547298243279631 ], [ -100.03649784598926, 20.547388027318426 ], [ -100.037146199989238, 20.547267242318195 ], [ -100.037668337989373, 20.54716998131796 ], [ -100.038479891989383, 20.547018781317654 ], [ -100.038808414989404, 20.546905227317389 ], [ -100.041429614989596, 20.546443581316364 ], [ -100.041506814989603, 20.546429981316226 ], [ -100.042640076989642, 20.546230381315858 ], [ -100.043726353989825, 20.546039042315424 ], [ -100.043984691989849, 20.545993534315322 ], [ -100.045278845989856, 20.5457655813148 ], [ -100.045425568600336, 20.545739732870508 ], [ -100.045523537992963, 20.545722474466398 ], [ -100.045549095888447, 20.545185766938516 ], [ -100.048707289206533, 20.544511452721164 ], [ -100.056461216007136, 20.542855624508675 ], [ -100.067078668180443, 20.540587683956847 ], [ -100.063421978360878, 20.532618822477197 ], [ -100.058144280776233, 20.533375769280624 ], [ -100.065935306629285, 20.525390374300613 ], [ -100.066258505293078, 20.525059087749494 ], [ -100.066472732507663, 20.525844248548481 ], [ -100.066551153141347, 20.526131664499939 ], [ -100.067838103830567, 20.527801846042152 ], [ -100.068774111581291, 20.52946405641897 ], [ -100.069886915973456, 20.53083631032947 ], [ -100.07086976629148, 20.532184825720979 ], [ -100.073851939641131, 20.532522230597589 ], [ -100.074463536822392, 20.532591420508648 ], [ -100.075558576629177, 20.533236629596924 ], [ -100.08132578801829, 20.536634522885581 ], [ -100.083710696917137, 20.538353564000676 ], [ -100.085254575800136, 20.539466351934497 ], [ -100.084706487380373, 20.549215170313389 ], [ -100.079127251523346, 20.549241767421176 ], [ -100.078790471180298, 20.55167575602664 ], [ -100.078450417453936, 20.554133336985327 ], [ -100.077751070269343, 20.559187339400562 ], [ -100.07727927076597, 20.562596756738191 ], [ -100.076104608602137, 20.562593590445161 ], [ -100.075311243466345, 20.577071640377618 ], [ -100.070234074745585, 20.576239374948109 ], [ -100.063760126361416, 20.575177913936169 ], [ -100.065301364270724, 20.584542436632955 ], [ -100.065511843896843, 20.589966729844075 ], [ -100.063618305778817, 20.607136283853524 ], [ -100.064014778987342, 20.610284724386126 ], [ -100.064010561246604, 20.611236849808556 ], [ -100.063497112506326, 20.621252247798935 ], [ -100.066313267311514, 20.620895325753814 ], [ -100.067251435021845, 20.620900531688697 ], [ -100.077611768067882, 20.625138834040083 ], [ -100.078555955656128, 20.633208496623901 ], [ -100.078969198457415, 20.636740018159728 ], [ -100.079647576933212, 20.642536921022682 ], [ -100.062933025628297, 20.648833408647221 ], [ -100.062318341189965, 20.649064924380713 ], [ -100.029062285323349, 20.649621786807554 ], [ -100.029177848334186, 20.649995034672685 ], [ -100.013046505185969, 20.650605173378914 ], [ -100.006454100695194, 20.652368514137649 ], [ -100.00441395158461, 20.652914155925821 ], [ -100.005072409519116, 20.650144350096348 ], [ -100.008197166802745, 20.646726688043426 ], [ -100.016548812941636, 20.641725009747503 ], [ -100.015808399820216, 20.637084082522726 ], [ -100.012812516411671, 20.638142919653781 ], [ -99.991608952285532, 20.636686504344343 ], [ -99.978517055507496, 20.63578593906178 ], [ -99.976119335936403, 20.634446641602143 ], [ -99.975510168033694, 20.633716381091521 ], [ -99.974867821371959, 20.633299926965478 ], [ -99.974049175743815, 20.632965170287132 ], [ -99.973170029176401, 20.632960576285186 ], [ -99.972409050215546, 20.632791354605398 ], [ -99.971764817682711, 20.632705361646412 ], [ -99.97123875457487, 20.632454743808957 ], [ -99.971360008536095, 20.631753102194992 ], [ -99.970833474408195, 20.631585101276684 ], [ -99.971071947749223, 20.630884074191073 ], [ -99.968727586878671, 20.630871771865724 ], [ -99.966382031489772, 20.631065983763929 ], [ -99.964449843233524, 20.630725310350257 ], [ -99.961639488545771, 20.63021472461369 ], [ -99.955668386207407, 20.62898499290073 ], [ -99.955840201041397, 20.626529000852909 ], [ -99.956265567392876, 20.620448404039383 ], [ -99.955898230903458, 20.62086801784244 ], [ -99.954897997915282, 20.621524208607759 ], [ -99.953605847238791, 20.621930188344614 ], [ -99.952900491815441, 20.622257004142948 ], [ -99.951845442851962, 20.62216765301114 ], [ -99.950673333699768, 20.622036168038658 ], [ -99.949558150132859, 20.622236223025414 ], [ -99.948618018615434, 20.622602958846734 ], [ -99.947386196337703, 20.622678075490814 ], [ -99.947145844699008, 20.623794354321063 ], [ -99.946671795081784, 20.62474357714434 ], [ -99.945096306730932, 20.623243361524477 ], [ -99.941299550734712, 20.620404427972165 ], [ -99.938371610732887, 20.619640840697663 ], [ -99.933050138118219, 20.627969946890875 ], [ -99.932293507178755, 20.626888778837301 ], [ -99.931774947323404, 20.625146723603383 ], [ -99.927607620445059, 20.625865486924273 ], [ -99.929393818533569, 20.631838339345059 ], [ -99.918362304608564, 20.633051419523575 ], [ -99.912822482501383, 20.624139907679492 ], [ -99.912630725435463, 20.623831419603121 ], [ -99.910119256781783, 20.619790961937788 ], [ -99.909554647257167, 20.618882580706376 ], [ -99.90862245623768, 20.617382781097138 ], [ -99.908337541904018, 20.61692437601414 ], [ -99.905805445514076, 20.612850281424627 ], [ -99.900772883471376, 20.610995989024076 ], [ -99.902147584729136, 20.606243957253689 ], [ -99.894602843390587, 20.602799910562219 ], [ -99.897089796664943, 20.598386392908203 ], [ -99.89621287754602, 20.597925258282821 ], [ -99.894167058843522, 20.596794061388731 ], [ -99.895841395624501, 20.589917845491399 ], [ -99.897226625919714, 20.584228500187898 ], [ -99.896526346400265, 20.58364431819323 ], [ -99.895058237267918, 20.58409010321822 ], [ -99.894234063281772, 20.584705700480203 ], [ -99.891183553611015, 20.584890532984637 ], [ -99.888944358903458, 20.585374843540357 ], [ -99.888593460175471, 20.586945621782874 ], [ -99.886894960550222, 20.586644619465318 ], [ -99.886646569720099, 20.5891269860773 ], [ -99.885823029316256, 20.589618349423361 ], [ -99.884762891084449, 20.59048074600295 ], [ -99.88470124846279, 20.591018539909694 ], [ -99.884406027392487, 20.591389188840445 ], [ -99.883993783702337, 20.591717663096691 ], [ -99.883814884248196, 20.592254681034181 ], [ -99.883928190277615, 20.592959232551141 ], [ -99.884333474159163, 20.593872715438803 ], [ -99.884329992679938, 20.594493693907907 ], [ -99.884094320868485, 20.594699135845474 ], [ -99.88373864973768, 20.595195614414394 ], [ -99.883443606459309, 20.595729833479002 ], [ -99.883265165685458, 20.596184053713312 ], [ -99.883320308860235, 20.596805420157938 ], [ -99.882909908303361, 20.596802703728191 ], [ -99.882908048654045, 20.597133892237281 ], [ -99.881089543260359, 20.596499331710106 ], [ -99.879982207048954, 20.596120894866552 ], [ -99.87926913166082, 20.596116160514867 ], [ -99.878633753132618, 20.596111939541231 ], [ -99.878046533630382, 20.596273637073512 ], [ -99.877403023744989, 20.596020956523681 ], [ -99.87664132260845, 20.595933087480699 ], [ -99.876525002588764, 20.595766712412576 ], [ -99.876409471323385, 20.595601465064153 ], [ -99.876059022106816, 20.59522540712452 ], [ -99.876060896697254, 20.594894218082246 ], [ -99.875833416493165, 20.593650696926073 ], [ -99.875660347282022, 20.593152741416816 ], [ -99.874616087993132, 20.591199969849388 ], [ -99.875847246563751, 20.59120817690447 ], [ -99.873154890566525, 20.590403613297745 ], [ -99.871853601642499, 20.590726232888677 ], [ -99.870797382254764, 20.59088476909351 ], [ -99.867955887570119, 20.590534528453279 ], [ -99.865114404013426, 20.590184240659369 ], [ -99.864340816154908, 20.589849536481879 ], [ -99.857032155783898, 20.590377989209376 ], [ -99.856561945741618, 20.590581806690878 ], [ -99.855796682489682, 20.591114826686521 ], [ -99.855799800326324, 20.590576642061833 ], [ -99.856038862347461, 20.589791653985937 ], [ -99.856159471371924, 20.589212865132989 ], [ -99.851490596695953, 20.585537916694548 ], [ -99.847655503504896, 20.579674295589939 ], [ -99.847257743118661, 20.577518747827543 ], [ -99.846935594281391, 20.577069588460621 ], [ -99.844989956927279, 20.574356791994788 ], [ -99.848984613330231, 20.572935070409851 ], [ -99.853197061810747, 20.574371378953142 ], [ -99.854980417344734, 20.57011923745479 ], [ -99.856943714025732, 20.568860204121236 ], [ -99.85721631780514, 20.568685383979101 ], [ -99.858096548331588, 20.568525744504139 ], [ -99.858801640386602, 20.568240713933612 ], [ -99.859917054951069, 20.567958455300506 ], [ -99.860680758538251, 20.567673813584722 ], [ -99.861151132305395, 20.567428588174888 ], [ -99.862670665959627, 20.568225453607386 ], [ -99.8634896515739, 20.56852077904956 ], [ -99.864308164724733, 20.568898898196501 ], [ -99.864774021340949, 20.569440241107984 ], [ -99.869744360013399, 20.569929150190521 ], [ -99.871113200928221, 20.55772509090766 ], [ -99.870002379881271, 20.557236983164469 ], [ -99.856379455538217, 20.551250064781389 ], [ -99.852791377387078, 20.553419913643676 ], [ -99.85126793720363, 20.553326736727929 ], [ -99.85518587427552, 20.544824859282137 ], [ -99.855948032905914, 20.544788635625729 ], [ -99.856417145698899, 20.544750419782087 ], [ -99.856593573013626, 20.544648115583939 ], [ -99.856770000089099, 20.544545811213236 ], [ -99.856830768914747, 20.544173617669827 ], [ -99.857241990317334, 20.544010804896796 ], [ -99.857535034207402, 20.544012792399627 ], [ -99.858061075265724, 20.54426476275853 ], [ -99.858353400879736, 20.544390945900485 ], [ -99.859317500503522, 20.544332641902464 ], [ -99.859584666404501, 20.544316484069604 ], [ -99.860932909165655, 20.544284205162047 ], [ -99.861637886072188, 20.543999166393206 ], [ -99.86205005579626, 20.543670746462372 ], [ -99.862346437855621, 20.543093140056794 ], [ -99.8625839711558, 20.542556536419735 ], [ -99.86258778638117, 20.541894152594331 ], [ -99.862473670894104, 20.54135517410656 ], [ -99.861720363857913, 20.539859662678683 ], [ -99.861312024358355, 20.539525697459649 ], [ -99.86054965494462, 20.539603342773781 ], [ -99.859844456457481, 20.539929775636661 ], [ -99.859255990811093, 20.540339797654529 ], [ -99.85907442291618, 20.541332183393415 ], [ -99.858953137057483, 20.54203517278405 ], [ -99.858186200619329, 20.542899389636844 ], [ -99.857364244638006, 20.543142220420989 ], [ -99.856485598054533, 20.543053457311888 ], [ -99.855781335848008, 20.543214278218482 ], [ -99.855193087028027, 20.543582888073118 ], [ -99.854721571807232, 20.54403509095172 ], [ -99.854367031157196, 20.544529488739649 ], [ -99.854134039366201, 20.544279500230704 ], [ -99.854018506723236, 20.543988909644277 ], [ -99.853375496248177, 20.543694729997927 ], [ -99.853025049103394, 20.543485341163247 ], [ -99.852617682240975, 20.542985759003045 ], [ -99.852150503508895, 20.542692771843225 ], [ -99.851625683912047, 20.54223378757758 ], [ -99.850396604534993, 20.54193560062987 ], [ -99.849694517384947, 20.541723804999027 ], [ -99.849462263351498, 20.541349612412532 ], [ -99.849172371065421, 20.54080942273044 ], [ -99.848528413678537, 20.540680820648468 ], [ -99.848409502500161, 20.540969813300244 ], [ -99.848406595159929, 20.541466602608992 ], [ -99.848228832861821, 20.54179659366919 ], [ -99.84804840381166, 20.542581974734343 ], [ -99.846577126470422, 20.543606929431185 ], [ -99.845754417330596, 20.543973903268011 ], [ -99.845340265876985, 20.544633478633937 ], [ -99.844868960716397, 20.545044256661491 ], [ -99.844846233158648, 20.545091671960613 ], [ -99.844631604387757, 20.54553943905907 ], [ -99.844159807817817, 20.546033013521345 ], [ -99.842810078601303, 20.546313557374244 ], [ -99.841930931354838, 20.546307519121616 ], [ -99.841287444062502, 20.546096092519871 ], [ -99.840764109369729, 20.545388679908022 ], [ -99.84023735733787, 20.545260853686369 ], [ -99.839709138617806, 20.54538142078923 ], [ -99.839123533173236, 20.545294586841013 ], [ -99.83877261089475, 20.545167967009657 ], [ -99.837541812993891, 20.545159483203587 ], [ -99.836543734583785, 20.545442403246177 ], [ -99.835955183172558, 20.545852348800548 ], [ -99.835310230574635, 20.545889294799704 ], [ -99.83455051776977, 20.54551143606286 ], [ -99.833966883110847, 20.545093390960488 ], [ -99.833032581411913, 20.544507312871414 ], [ -99.832332476195745, 20.543964252753387 ], [ -99.831631882338428, 20.543503988066909 ], [ -99.831340072308919, 20.543294960547478 ], [ -99.829992070178832, 20.543285609907976 ], [ -99.828292662652103, 20.5432324057603 ], [ -99.826301701000602, 20.542928749366475 ], [ -99.825481924525988, 20.542798837148112 ], [ -99.824311741375141, 20.542459472650602 ], [ -99.823553066863994, 20.541915966841454 ], [ -99.822503350991596, 20.541039216556161 ], [ -99.82243533948521, 20.541037368680389 ], [ -99.820452320010332, 20.540983478183815 ], [ -99.818573358969473, 20.541549937735457 ], [ -99.81692731285203, 20.542366418460325 ], [ -99.815815758160184, 20.542027406805126 ], [ -99.816230534271156, 20.541285098977568 ], [ -99.816350510643858, 20.540830528882996 ], [ -99.816120094306754, 20.540166493182383 ], [ -99.815828812990787, 20.539874639794423 ], [ -99.815125772541393, 20.53982829964141 ], [ -99.815253539293479, 20.538090349373803 ], [ -99.814608108437412, 20.538210016208296 ], [ -99.814734372095799, 20.536720462214504 ], [ -99.81286400336279, 20.535879279124178 ], [ -99.812400446671859, 20.535006589392566 ], [ -99.815068370829039, 20.529974418736384 ], [ -99.814660155403871, 20.529640338858112 ], [ -99.81519085636279, 20.529105854792117 ], [ -99.815299070484443, 20.526331099512518 ], [ -99.815329675848702, 20.525546327438754 ], [ -99.814804519328874, 20.525170023926862 ], [ -99.812722066429899, 20.520684030607164 ], [ -99.812155193691964, 20.519227359792175 ], [ -99.811914275863828, 20.518608273183016 ], [ -99.812560383944486, 20.518364420315031 ], [ -99.813499990543903, 20.518039829769808 ], [ -99.814028895045126, 20.517795146174176 ], [ -99.814791439812907, 20.51767630862409 ], [ -99.815438041796554, 20.517349646342883 ], [ -99.816261191194272, 20.5169000186823 ], [ -99.816789585136178, 20.516738125860343 ], [ -99.81726364412259, 20.515872029051547 ], [ -99.817617993691542, 20.515419103147462 ], [ -99.81820598180731, 20.515092019651934 ], [ -99.818208488179948, 20.514678024960446 ], [ -99.818181069028526, 20.514367323358279 ], [ -99.818153650011482, 20.514056621736898 ], [ -99.818330445804108, 20.513892257238275 ], [ -99.823670560953161, 20.512646203111981 ], [ -99.826731026481113, 20.510431892088818 ], [ -99.826735000669473, 20.509769501277237 ], [ -99.828216518435028, 20.507005941735933 ], [ -99.831066911826255, 20.500691384441623 ], [ -99.831127482711537, 20.500360595916078 ], [ -99.831247140199721, 20.499947415422014 ], [ -99.831484722937034, 20.499410850268823 ], [ -99.832439701535193, 20.496419405886105 ], [ -99.833634243072979, 20.492677375711168 ], [ -99.833347218052012, 20.491681757417023 ], [ -99.834393610081719, 20.487102968801302 ], [ -99.834490236562843, 20.486680139218958 ], [ -99.857382318900022, 20.490014401963673 ], [ -99.862530990143384, 20.490763874787312 ], [ -99.863528664496684, 20.490480817651488 ], [ -99.86699298346187, 20.489179382013486 ], [ -99.867519560795301, 20.48930713382493 ], [ -99.868165689158772, 20.489021681353147 ], [ -99.8667895519213, 20.483795903958477 ], [ -99.866032222326425, 20.48304557917028 ], [ -99.865592533953787, 20.483978945412002 ], [ -99.862497943699509, 20.490579144590512 ], [ -99.845494410694315, 20.468580964235702 ], [ -99.846674047337814, 20.467222828583751 ], [ -99.852948839430624, 20.46610656209624 ], [ -99.858497572817711, 20.458857786367556 ], [ -99.860136991681998, 20.458993128685638 ], [ -99.860778455766265, 20.459494295173496 ], [ -99.861539951504199, 20.459499461053291 ], [ -99.862184533312316, 20.459462430198197 ], [ -99.863939680535367, 20.459846926489984 ], [ -99.867025442269878, 20.463138456712137 ], [ -99.868302749466423, 20.465134316287422 ], [ -99.873576716145621, 20.46483858242982 ], [ -99.874633016292634, 20.464514461341658 ], [ -99.875508627330049, 20.465058540764943 ], [ -99.877843306350414, 20.466564595357443 ], [ -99.886893795631281, 20.461408383216185 ], [ -99.904457078788212, 20.46330425511832 ], [ -99.90592037947863, 20.463520812179162 ], [ -99.907676799228142, 20.463697866241951 ], [ -99.911891225826096, 20.464304878259789 ], [ -99.912959844682561, 20.461703586422704 ], [ -99.913056114272834, 20.454790341790464 ], [ -99.9124129274133, 20.454579166217954 ], [ -99.912479859851572, 20.453047784318578 ], [ -99.913006570350646, 20.453134003048223 ], [ -99.913051730286952, 20.444854204601427 ], [ -99.913228353983541, 20.444464104325032 ], [ -99.913637014983536, 20.444252642324606 ], [ -99.926315553983784, 20.437691504310653 ], [ -99.927397076983766, 20.437122350309377 ], [ -99.935065753983935, 20.433086396300823 ], [ -99.93528799998397, 20.432969427300542 ], [ -99.937468968983964, 20.432399888299322 ], [ -99.938858445984039, 20.431692119297857 ], [ -99.938936762963621, 20.431652806017716 ], [ -99.938965423022225, 20.431638419329346 ], [ -99.939072399984084, 20.431584719297618 ], [ -99.939393476984179, 20.431876319298251 ], [ -99.944443999984358, 20.436462642308211 ], [ -99.947609984984368, 20.439335134314401 ], [ -99.948112522984374, 20.438788165313237 ], [ -99.950046676984527, 20.438496996312651 ], [ -99.950105753984559, 20.438806042313232 ], [ -99.950140184984505, 20.439197288314091 ], [ -99.950212491984558, 20.439610550314946 ], [ -99.950264322984509, 20.439964458315746 ], [ -99.949882337984505, 20.440010796315821 ], [ -99.949782630984515, 20.440018750315893 ], [ -99.948982537984335, 20.440008642315867 ], [ -99.948646414984381, 20.439995811315757 ], [ -99.948401645984404, 20.43998788831577 ], [ -99.948319645984341, 20.439980611315715 ], [ -99.949120014984416, 20.440706288317397 ], [ -99.950525368984543, 20.442688027321609 ], [ -99.950904657054494, 20.443222600074495 ], [ -99.952207876984545, 20.445059334326753 ], [ -99.952523777737468, 20.445933884998237 ], [ -99.95409873216984, 20.451204554151627 ], [ -99.954308537047368, 20.451906646745126 ], [ -99.95528279912142, 20.454280274144168 ], [ -99.955734627135172, 20.455381049529169 ], [ -99.956566031733317, 20.457406529269122 ], [ -99.956795914119454, 20.45796656127224 ], [ -99.960552159523061, 20.456540943804931 ], [ -99.960319992853627, 20.456125502684863 ], [ -99.960381123459172, 20.455629084376671 ], [ -99.960676548776163, 20.455134121827818 ], [ -99.96114790578973, 20.454598851661849 ], [ -99.961912338898799, 20.454023999587008 ], [ -99.962620105372054, 20.453076194419623 ], [ -99.962975153490575, 20.452374599003875 ], [ -99.963213690648516, 20.451548081205342 ], [ -99.964565730165674, 20.450604261787472 ], [ -99.965683043122411, 20.449741780366107 ], [ -99.9676146401914, 20.450002116577316 ], [ -99.968550311290656, 20.450297689772647 ] ] ] ] } },
{ "type": "Feature", "properties": { "CVE_PAIS": "MX", "NOM_PAIS": "MEXICO", "CVE_ENT": "22", "NOM_ENT": "QUERETARO", "CU_MUN": "22018", "NOM_MUN": "TOLIMAN" }, "geometry": { "type": "MultiPolygon", "coordinates": [ [ [ [ -100.029191090084211, 21.014150123033776 ], [ -100.018485650402553, 21.013563644623662 ], [ -100.018423794645372, 21.014183152762438 ], [ -100.017482223675344, 21.01422010183013 ], [ -100.018827996674489, 21.015755174574025 ], [ -100.019294865357665, 21.016542411802 ], [ -100.019700892600582, 21.01774256212245 ], [ -100.018921327307567, 21.020755284337501 ], [ -100.018153209625126, 21.021412837294012 ], [ -100.017385286733074, 21.022029068295573 ], [ -100.015138095693828, 21.024332521660732 ], [ -100.013662851710961, 21.025193360815784 ], [ -100.013071816837623, 21.025727759251389 ], [ -100.012536981223121, 21.026799574156151 ], [ -100.011996861077591, 21.028945674645691 ], [ -100.011286497250708, 21.029810067488718 ], [ -100.011693517212592, 21.030803642603995 ], [ -100.012043323600622, 21.031466391804553 ], [ -100.012217213653571, 21.032004359646603 ], [ -100.012331653678871, 21.032666008613333 ], [ -100.012387048861569, 21.033368701403347 ], [ -100.012442444714424, 21.034071394097083 ], [ -100.012379545373605, 21.034897493426115 ], [ -100.011904533766767, 21.035762988060672 ], [ -100.011665909632896, 21.036422987702487 ], [ -100.011776901762801, 21.037787054456636 ], [ -100.011060550977248, 21.039849695478118 ], [ -99.991218074664076, 21.042028367985029 ], [ -99.980628739337163, 21.042813080332355 ], [ -99.97655922481276, 21.043114470585632 ], [ -99.974074406913019, 21.04566417918014 ], [ -99.972540284810577, 21.046441751116063 ], [ -99.971245609309051, 21.046435403133042 ], [ -99.970356662584237, 21.047629321759413 ], [ -99.969592264020548, 21.047501605108454 ], [ -99.969000336782855, 21.048159815781123 ], [ -99.967824457720965, 21.047947478897346 ], [ -99.966880244318546, 21.048438613366919 ], [ -99.966348873919543, 21.048766552927919 ], [ -99.965994051182207, 21.049095362639587 ], [ -99.965756927170631, 21.049424752948518 ], [ -99.965636209542978, 21.050002638804237 ], [ -99.96539778987696, 21.05057994314863 ], [ -99.965277932553221, 21.050992552445901 ], [ -99.963863786021392, 21.051316120894899 ], [ -99.963447939696906, 21.052057825304427 ], [ -99.96162636787453, 21.051511634142305 ], [ -99.960505161570566, 21.052084549674944 ], [ -99.957788643863665, 21.053847800501572 ], [ -99.957135826436826, 21.054877551235705 ], [ -99.957366227832765, 21.055829065234075 ], [ -99.949024420972066, 21.063968687154809 ], [ -99.949549070013447, 21.064921692882297 ], [ -99.948604946019856, 21.065371464960084 ], [ -99.947417455258602, 21.067307535361419 ], [ -99.947073350286033, 21.065611668567453 ], [ -99.945122457560643, 21.067213309677435 ], [ -99.943879147559599, 21.068570590966992 ], [ -99.9435835292619, 21.068817016282992 ], [ -99.942516102844792, 21.070299139870176 ], [ -99.941330715096072, 21.071821979014725 ], [ -99.940804536124759, 21.071158182061403 ], [ -99.94039674624031, 21.070371023842135 ], [ -99.940167314826212, 21.069254208296503 ], [ -99.940058494045545, 21.067600840703388 ], [ -99.939664960677277, 21.064169248082493 ], [ -99.938199796270453, 21.063004816005215 ], [ -99.937811754346541, 21.062536704694029 ], [ -99.936445517182094, 21.06088852374587 ], [ -99.936286729136881, 21.046714814840531 ], [ -99.926141804351587, 21.05083600193888 ], [ -99.925369260118998, 21.052195585472926 ], [ -99.925243850798452, 21.05359983707832 ], [ -99.924535808463432, 21.053926735900415 ], [ -99.924179289958502, 21.054544698061655 ], [ -99.922524593312531, 21.055775734759173 ], [ -99.921813803812711, 21.056598456154056 ], [ -99.921399780126393, 21.056968190491197 ], [ -99.921604047559413, 21.05788026394066 ], [ -99.921686993631525, 21.058250622434045 ], [ -99.920846406702793, 21.061262658950941 ], [ -99.921007068168848, 21.061916998121536 ], [ -99.921191798165637, 21.062669355220983 ], [ -99.922064176000347, 21.064574634003208 ], [ -99.922037103955986, 21.065054710442698 ], [ -99.921933726802408, 21.066887909481281 ], [ -99.922103276957344, 21.067194788014181 ], [ -99.922307736437602, 21.067564848938694 ], [ -99.922514810175372, 21.067939639309103 ], [ -99.922574797560713, 21.068048212265101 ], [ -99.921577396187288, 21.067464547383977 ], [ -99.920520233635671, 21.067045847924078 ], [ -99.919345818041336, 21.066543889927168 ], [ -99.918347753504491, 21.066084163445371 ], [ -99.917527180903548, 21.065460074469812 ], [ -99.917236326545691, 21.064838746979412 ], [ -99.916946618800779, 21.064010821581242 ], [ -99.916832567525432, 21.063349095555353 ], [ -99.916424695405141, 21.062603193056532 ], [ -99.916134309730296, 21.061899224155024 ], [ -99.915667131471054, 21.061235650741796 ], [ -99.915082705824503, 21.060488820860758 ], [ -99.914614159727677, 21.060073161086997 ], [ -99.914086072436234, 21.059781150039083 ], [ -99.913380455125349, 21.059653489253819 ], [ -99.912909643477832, 21.059651195926318 ], [ -99.912206399000169, 21.059110159181092 ], [ -99.91190845586064, 21.058747578335669 ], [ -99.911797180111847, 21.058612161101678 ], [ -99.91162775772014, 21.057330327985994 ], [ -99.911517192115255, 21.056048803737134 ], [ -99.911407550635118, 21.054602000962777 ], [ -99.911116283160013, 21.054063299617816 ], [ -99.910412819921135, 21.05356374953654 ], [ -99.90953048964252, 21.053476464792244 ], [ -99.909235273815568, 21.053640170479039 ], [ -99.908120580754741, 21.053014499546205 ], [ -99.90747968904715, 21.051854133730462 ], [ -99.907897206640058, 21.050864638430614 ], [ -99.90831286818144, 21.050205698969346 ], [ -99.908788915359139, 21.049257861466238 ], [ -99.902183720343274, 21.051702121848976 ], [ -99.902121372981625, 21.052321603838948 ], [ -99.902176729867833, 21.052941711028229 ], [ -99.902291871784826, 21.053396852172224 ], [ -99.902582175175084, 21.054100848397951 ], [ -99.902932265604463, 21.054639877811425 ], [ -99.903047644064984, 21.055053698604681 ], [ -99.903103006249722, 21.055673805120165 ], [ -99.902336951108452, 21.055835012275612 ], [ -99.901632137520153, 21.055583353391448 ], [ -99.90063396419751, 21.055164837229263 ], [ -99.899813056411318, 21.054623296319303 ], [ -99.899110093960843, 21.054041058878372 ], [ -99.898466691622943, 21.053335173187211 ], [ -99.897763974666873, 21.052711610007233 ], [ -99.897060560260144, 21.052212002716757 ], [ -99.896296890714126, 21.051959995819665 ], [ -99.895889152287296, 21.051214038196893 ], [ -99.895834526647931, 21.050469968770344 ], [ -99.895662434256678, 21.04968394976267 ], [ -99.895254470628217, 21.048979309799151 ], [ -99.894727399102649, 21.048521956530152 ], [ -99.893963752132279, 21.048269938223338 ], [ -99.893141257109136, 21.048017600591336 ], [ -99.892259914301562, 21.047764942768612 ], [ -99.891848905047596, 21.047597450481877 ], [ -99.891674949591987, 21.047141984342598 ], [ -99.891210286773088, 21.046065139340261 ], [ -99.890860967489573, 21.045402123700693 ], [ -99.890275072537264, 21.044944438855079 ], [ -99.889510977566545, 21.0447750390822 ], [ -99.887394141094177, 21.044474554617143 ], [ -99.886631160780311, 21.044098359419156 ], [ -99.885634529692709, 21.043431831410871 ], [ -99.885046755275127, 21.043304686224705 ], [ -99.883165025252595, 21.043046559157915 ], [ -99.881811744515474, 21.042997889335521 ], [ -99.880634293047635, 21.043074129014144 ], [ -99.879103029128999, 21.043272396167101 ], [ -99.8782784267474, 21.043391863555598 ], [ -99.878820351265901, 21.04261114078961 ], [ -99.879049928135913, 21.042280398310776 ], [ -99.878817648798517, 21.041741956578324 ], [ -99.878644458808637, 21.041162515476234 ], [ -99.878942052244497, 21.040585641372456 ], [ -99.879298966263221, 21.039926454393129 ], [ -99.880122056293644, 21.040054885881403 ], [ -99.880418267693656, 21.039725938157741 ], [ -99.880362290227495, 21.039229779207041 ], [ -99.880365399367918, 21.038692620677288 ], [ -99.881013433165009, 21.038572183748123 ], [ -99.881661943448819, 21.038369104625861 ], [ -99.882076258354047, 21.037958144765998 ], [ -99.882138207971323, 21.037421306116268 ], [ -99.882081748578898, 21.037007787533668 ], [ -99.881788949791158, 21.036758269027082 ], [ -99.881674123288207, 21.036261790547655 ], [ -99.881677944588063, 21.035600672301403 ], [ -99.882093206992323, 21.035024432978485 ], [ -99.882916805809757, 21.03507022823382 ], [ -99.883152187944305, 21.035071506175665 ], [ -99.878820862963153, 21.031039778462592 ], [ -99.877560468136537, 21.030660032619572 ], [ -99.877097122901276, 21.03052042791969 ], [ -99.8725354151955, 21.029145915085724 ], [ -99.872292073187637, 21.030508182011328 ], [ -99.871641890860062, 21.031000464808866 ], [ -99.870815655156562, 21.031409134033712 ], [ -99.869869304777438, 21.032230351309469 ], [ -99.868747863832539, 21.032802670243999 ], [ -99.867568054563321, 21.033292017149076 ], [ -99.867015885803454, 21.033528383545995 ], [ -99.866329149024779, 21.033822350855807 ], [ -99.865149566704233, 21.03427036143546 ], [ -99.860258474761423, 21.034416591541884 ], [ -99.860217723899808, 21.03429515495484 ], [ -99.857199643290727, 21.025300733421247 ], [ -99.852877678160525, 21.019863419351978 ], [ -99.848845257424856, 21.015254044711895 ], [ -99.842392548056466, 21.011994462382255 ], [ -99.83375658707493, 21.000168508847391 ], [ -99.833219772898985, 21.001363767898471 ], [ -99.832270358807577, 21.002680624790703 ], [ -99.817466038375613, 21.027512219735449 ], [ -99.817552082651986, 21.023132594471981 ], [ -99.811439243366124, 21.009031302692872 ], [ -99.808528168292341, 21.001944087961888 ], [ -99.79392763379991, 20.966050283726311 ], [ -99.789159477314584, 20.95432851396572 ], [ -99.796993686124068, 20.952515840168491 ], [ -99.798942160116042, 20.951329082349265 ], [ -99.806249888532818, 20.949016993013064 ], [ -99.80179771264828, 20.93692448183117 ], [ -99.795797113645278, 20.92800441661754 ], [ -99.796059984183685, 20.923667107246583 ], [ -99.790105820058912, 20.916813210508376 ], [ -99.805361409925553, 20.919358876830703 ], [ -99.832223865298005, 20.923837810408916 ], [ -99.863921596207433, 20.923480179148633 ], [ -99.873918665158158, 20.923411620714536 ], [ -99.869674609669175, 20.905165206193825 ], [ -99.874672170273101, 20.905192833858315 ], [ -99.881436210863114, 20.904775454042046 ], [ -99.861491652001163, 20.887103220868688 ], [ -99.846713280991551, 20.874296027207631 ], [ -99.843829927530493, 20.871796849321932 ], [ -99.838718131492882, 20.871395721535553 ], [ -99.824299583477213, 20.874039718313181 ], [ -99.809652697889803, 20.866330140447531 ], [ -99.805960771275153, 20.864386518924722 ], [ -99.806854468413931, 20.862490962157409 ], [ -99.810048554742934, 20.859327988953318 ], [ -99.812181158689526, 20.856695905860885 ], [ -99.812652927945706, 20.856450747920093 ], [ -99.813126769730786, 20.855875018450764 ], [ -99.813424798127841, 20.855215607591379 ], [ -99.813663011736963, 20.85472113558464 ], [ -99.814020070285963, 20.854020748283148 ], [ -99.81425776223621, 20.853608918080237 ], [ -99.814791140914622, 20.852909566078996 ], [ -99.815441547082997, 20.852293545611012 ], [ -99.816092723421292, 20.851553558955189 ], [ -99.81633195656589, 20.850893798369402 ], [ -99.816748026545056, 20.850152429440655 ], [ -99.817104027659809, 20.849617321302308 ], [ -99.817579122139122, 20.84883497390388 ], [ -99.818232079014393, 20.847805730673933 ], [ -99.822388315945389, 20.841053096794685 ], [ -99.820632923065105, 20.839803158697386 ], [ -99.820280303254663, 20.839801096626378 ], [ -99.818351987173955, 20.83801292524911 ], [ -99.817708622874207, 20.837513279335411 ], [ -99.816537376445737, 20.836845240719956 ], [ -99.815541928466871, 20.836260872747545 ], [ -99.814606292590938, 20.835511558969447 ], [ -99.813436631015833, 20.834595569731661 ], [ -99.812853881682514, 20.833807000784933 ], [ -99.811563330602311, 20.833427483272626 ], [ -99.81056558231073, 20.833214977501399 ], [ -99.809688235866133, 20.832548625172279 ], [ -99.808866797215686, 20.832337151527927 ], [ -99.80787375558269, 20.831380843787205 ], [ -99.807166203718012, 20.831748558083206 ], [ -99.805576095219678, 20.832276324395988 ], [ -99.803678184935677, 20.82573600620778 ], [ -99.803858409727326, 20.825117232501711 ], [ -99.800216497093672, 20.815632535638418 ], [ -99.799337455306485, 20.815255375229512 ], [ -99.79857699312592, 20.814713626854033 ], [ -99.79822680342545, 20.814339623162017 ], [ -99.79764447698966, 20.81350967393271 ], [ -99.798178591027352, 20.812686407716164 ], [ -99.79841758436406, 20.812067990234446 ], [ -99.798834171095592, 20.811244018896083 ], [ -99.799250489996368, 20.810461368215968 ], [ -99.799608836228231, 20.809554400581344 ], [ -99.800610097445173, 20.809188473947017 ], [ -99.800933925537208, 20.809087099471746 ], [ -99.801257753176216, 20.808985724397935 ], [ -99.801788153589129, 20.808740949948572 ], [ -99.801733862572888, 20.808038132373788 ], [ -99.802911906303692, 20.807590600995905 ], [ -99.803088704084743, 20.807509008053209 ], [ -99.80356086329661, 20.807181235114136 ], [ -99.804091253524675, 20.806936453818199 ], [ -99.804387136953366, 20.806607629473586 ], [ -99.80480236703157, 20.805990252572556 ], [ -99.805099294607118, 20.805496140748851 ], [ -99.805220474101276, 20.804918337320331 ], [ -99.805166431109583, 20.80417419940823 ], [ -99.805578510532072, 20.804052679808212 ], [ -99.805993205743434, 20.803517943398646 ], [ -99.806171828303874, 20.803147096358177 ], [ -99.806291955837196, 20.802734578557548 ], [ -99.806527763323501, 20.802612009686055 ], [ -99.807350865501903, 20.802534249600694 ], [ -99.808055933274588, 20.802538431961736 ], [ -99.808995762691964, 20.802585325500385 ], [ -99.809700048556365, 20.802713465775923 ], [ -99.810640139623544, 20.802719028699578 ], [ -99.811640286840202, 20.802518325922442 ], [ -99.81217038709616, 20.802314842020362 ], [ -99.812761319860229, 20.801781130999743 ], [ -99.813470018269044, 20.801206789690447 ], [ -99.814059385275627, 20.800921003644632 ], [ -99.815178839392019, 20.800431722746247 ], [ -99.815708668274993, 20.800269549786762 ], [ -99.816355228640731, 20.800232031030202 ], [ -99.816941481793165, 20.80044209357234 ], [ -99.822379842157133, 20.795184633869528 ], [ -99.82314748225059, 20.794569276482452 ], [ -99.82373757514614, 20.7941594939537 ], [ -99.831618559147117, 20.788513460251632 ], [ -99.833120891308496, 20.787437083657643 ], [ -99.858795128564196, 20.787459788097063 ], [ -99.860092800237908, 20.786599324182649 ], [ -99.860566989385433, 20.785899508778897 ], [ -99.860981932219318, 20.785282004149636 ], [ -99.861635070913266, 20.784128643771702 ], [ -99.861816000477134, 20.783344530926211 ], [ -99.862174896019297, 20.782272159655875 ], [ -99.86247331474253, 20.781488706394939 ], [ -99.866350281229614, 20.771675661616356 ], [ -99.872654476221669, 20.764655346913258 ], [ -99.873919302313112, 20.763246740278312 ], [ -99.877855831634804, 20.763103278261468 ], [ -99.879149071344685, 20.762945139535926 ], [ -99.883511214601526, 20.760324550192344 ], [ -99.884984486987264, 20.759506199271343 ], [ -99.886871548222231, 20.758235558129467 ], [ -99.888463454223697, 20.757211216868388 ], [ -99.897597834632222, 20.752013030016826 ], [ -99.897712696150947, 20.752468198913391 ], [ -99.897827558410427, 20.752923367684158 ], [ -99.899057450905914, 20.753549864928601 ], [ -99.898113413668682, 20.754288555012145 ], [ -99.897926063810431, 20.756229690891168 ], [ -99.899448248903539, 20.757105701527546 ], [ -99.900095302113272, 20.756943911286477 ], [ -99.900801563285739, 20.756699793858466 ], [ -99.900504570107145, 20.757276701849545 ], [ -99.900972813310545, 20.757568487543388 ], [ -99.900970687399322, 20.757940376909584 ], [ -99.899084937505378, 20.759004563254184 ], [ -99.894233452158289, 20.76505263125533 ], [ -99.894997074344388, 20.765056781944775 ], [ -99.895583050326536, 20.765307898783767 ], [ -99.896109575460756, 20.765682657926948 ], [ -99.896635865852772, 20.76609873638429 ], [ -99.897104129944282, 20.766390531602784 ], [ -99.89792507732011, 20.766642913579037 ], [ -99.898044928046929, 20.76623033954699 ], [ -99.898050140499706, 20.765321276928308 ], [ -99.898584485591954, 20.764332434389967 ], [ -99.899351652365297, 20.763716750489429 ], [ -99.900175661230861, 20.76343194893958 ], [ -99.900732715306475, 20.763219900493706 ], [ -99.901353047207891, 20.762983761894251 ], [ -99.902529011514957, 20.762783493037404 ], [ -99.903647645931173, 20.762334974047004 ], [ -99.905295392855251, 20.761806647926687 ], [ -99.911418223905372, 20.759360113524494 ], [ -99.911890924761778, 20.758866770557294 ], [ -99.914362785911791, 20.758012179000453 ], [ -99.91636077867345, 20.757857513239721 ], [ -99.917477015597228, 20.757822115780556 ], [ -99.918535903259837, 20.757538474562587 ], [ -99.919769610626687, 20.757503684700218 ], [ -99.927941593096534, 20.756183103841302 ], [ -99.929764703059604, 20.755779434717571 ], [ -99.930938741701681, 20.755909541027258 ], [ -99.940107444715935, 20.754882849537509 ], [ -99.941050370302264, 20.754309219171695 ], [ -99.947685235435017, 20.754756599863143 ], [ -99.950855839546435, 20.754979443140016 ], [ -99.95103093310334, 20.7551869466837 ], [ -99.95655208132176, 20.755215070837139 ], [ -99.965819836199287, 20.757617209880024 ], [ -99.966997183170918, 20.75712726138471 ], [ -99.966038393799934, 20.760717423464612 ], [ -99.96538222195457, 20.762614918439382 ], [ -99.960535545465461, 20.768251555601093 ], [ -99.959402299001624, 20.771468910723822 ], [ -99.960044499077199, 20.772215944825287 ], [ -99.960520592552456, 20.771061346216008 ], [ -99.961633170797953, 20.771728105891057 ], [ -99.962217298662353, 20.772350873850982 ], [ -99.962566242542451, 20.773013776474258 ], [ -99.963446940194757, 20.773100853870758 ], [ -99.963799175689175, 20.773143947634004 ], [ -99.964668501164539, 20.775379678904699 ], [ -99.964723089350812, 20.776165061323674 ], [ -99.964541609113127, 20.777155864935189 ], [ -99.964419308632884, 20.778064322807854 ], [ -99.964296788155281, 20.779014100927178 ], [ -99.963533983061666, 20.77884497959883 ], [ -99.962887572895454, 20.778883048231688 ], [ -99.962768110903284, 20.779254340209548 ], [ -99.963000460685763, 20.779751367655539 ], [ -99.962939524391771, 20.780164275766563 ], [ -99.962876396428697, 20.780990387609641 ], [ -99.961635937891316, 20.782265105459832 ], [ -99.960749695065701, 20.783211030579224 ], [ -99.960335832907916, 20.783704800004191 ], [ -99.959742428539911, 20.784817484261321 ], [ -99.958915126823854, 20.785722376969105 ], [ -99.957734667562761, 20.786749443310097 ], [ -99.957143218458114, 20.787490235816527 ], [ -99.956788522834302, 20.78790165410021 ], [ -99.956491911305278, 20.788437330686452 ], [ -99.956369556295485, 20.789345783881586 ], [ -99.956309261660081, 20.789634728850309 ], [ -99.954186551560099, 20.791070208969778 ], [ -99.954182787875467, 20.791772655891805 ], [ -99.954061081401576, 20.792557146525173 ], [ -99.953823423412004, 20.793051797057199 ], [ -99.951819031779522, 20.794322565562901 ], [ -99.946653875983571, 20.793387100753634 ], [ -99.947162983119469, 20.797026009465199 ], [ -99.947908246601685, 20.800459514353147 ], [ -99.948172589272602, 20.805915310502307 ], [ -99.94774881506342, 20.808227149529635 ], [ -99.947659067162263, 20.813970381156352 ], [ -99.974189996967198, 20.819434401969946 ], [ -100.008181303286847, 20.82575628946752 ], [ -100.01610602895903, 20.827446621031186 ], [ -100.008874134191757, 20.840015212799056 ], [ -100.007145515412958, 20.844882832688231 ], [ -100.008143774853451, 20.845052860321658 ], [ -100.008848187534554, 20.84522148759525 ], [ -100.009377115258374, 20.845223997233923 ], [ -100.009730350688272, 20.845101710556392 ], [ -100.010201946931005, 20.844814701701431 ], [ -100.010731900018939, 20.844610609152124 ], [ -100.011083695743935, 20.844777557042097 ], [ -100.011494056645901, 20.844986101823991 ], [ -100.011962573196215, 20.845318882245589 ], [ -100.012371912049673, 20.845734022758943 ], [ -100.012546172929333, 20.846148051721922 ], [ -100.012130272779402, 20.847055138618117 ], [ -100.013365474601585, 20.846854369745014 ], [ -100.013658098800164, 20.847103673743824 ], [ -100.014654744255125, 20.847604218952579 ], [ -100.014947371983268, 20.847853520579722 ], [ -100.01605769422379, 20.849139681998157 ], [ -100.017001087357158, 20.848524308886596 ], [ -100.017056600412204, 20.849185697443232 ], [ -100.017172106970804, 20.849599444781827 ], [ -100.01775961685675, 20.849643523411398 ], [ -100.018112041580096, 20.849686497420759 ], [ -100.018407524266408, 20.849357319501845 ], [ -100.018702599347023, 20.849110780138265 ], [ -100.019349081647633, 20.849113809354606 ], [ -100.019877615960681, 20.849198924987974 ], [ -100.02070020922892, 20.849244093754017 ], [ -100.021285086297908, 20.849825313585168 ], [ -100.021753031660268, 20.850282023954595 ], [ -100.022222192967732, 20.850490816086698 ], [ -100.022810111041622, 20.850452238249833 ], [ -100.023401460516752, 20.849711227582404 ], [ -100.023815078920535, 20.849258630141115 ], [ -100.024052180381446, 20.848846530342556 ], [ -100.024465794522158, 20.848393931462908 ], [ -100.024996745904872, 20.847983197861705 ], [ -100.025641813439748, 20.848275439632815 ], [ -100.02616833612214, 20.848773730214923 ], [ -100.0266340812707, 20.849684940548421 ], [ -100.026925124712207, 20.850264776052519 ], [ -100.026922111186096, 20.850884567382749 ], [ -100.027213158232883, 20.851464402175321 ], [ -100.027855636626242, 20.852293786957606 ], [ -100.028498723494053, 20.852999210773525 ], [ -100.029200388915925, 20.8537462230762 ], [ -100.029842888136102, 20.854575599325312 ], [ -100.03048699349938, 20.855074417879923 ], [ -100.030954782703859, 20.855572420347809 ], [ -100.031599095498379, 20.856029914982553 ], [ -100.030942798911767, 20.858051581446297 ], [ -100.030645929878247, 20.858670015673123 ], [ -100.030878232404433, 20.859249571256946 ], [ -100.030993385945237, 20.859745945577703 ], [ -100.031107342444159, 20.860490235761009 ], [ -100.031279477127072, 20.861358754728535 ], [ -100.030922829316424, 20.862183515074257 ], [ -100.030391447225526, 20.862676906451476 ], [ -100.029977814440372, 20.863129519793624 ], [ -100.029506002742693, 20.863457902670451 ], [ -100.029093165803104, 20.863745236680398 ], [ -100.028915634589694, 20.863992337556635 ], [ -100.028735699858018, 20.864735270324129 ], [ -100.028329663582824, 20.865740572239275 ], [ -100.028288971243114, 20.865766747236631 ], [ -100.028304796171255, 20.865791020407848 ], [ -100.027667285674525, 20.866878980547636 ], [ -100.027015711659374, 20.867908969461904 ], [ -100.026954123688199, 20.86848716786076 ], [ -100.027126045346535, 20.869397010153282 ], [ -100.027179809031495, 20.870430265630564 ], [ -100.027352135889998, 20.87125746870402 ], [ -100.02740630341755, 20.872208085166747 ], [ -100.02787333700762, 20.87287137052272 ], [ -100.028638080464333, 20.872750946404988 ], [ -100.029110722431469, 20.872257287796813 ], [ -100.029878059589734, 20.871599707514513 ], [ -100.030348297216548, 20.871601877206857 ], [ -100.030877314490056, 20.871604316564888 ], [ -100.031112632772988, 20.871564080918091 ], [ -100.031877167092148, 20.871484961956803 ], [ -100.032582721746138, 20.871446888521756 ], [ -100.033347453300678, 20.871326443787112 ], [ -100.033878655617386, 20.870874362108957 ], [ -100.034585795132557, 20.870505726562204 ], [ -100.035233953639121, 20.870178138000725 ], [ -100.035821347876436, 20.870263470215484 ], [ -100.03652649898072, 20.870308019249961 ], [ -100.036759239629276, 20.870804925930965 ], [ -100.03699257560082, 20.871177874537324 ], [ -100.036990398610044, 20.871632385968717 ], [ -100.037163571787346, 20.872294299885908 ], [ -100.037748800527623, 20.872834136346885 ], [ -100.038159668304516, 20.872959973427164 ], [ -100.038979629716891, 20.873583517255767 ], [ -100.039506680882326, 20.873999121461516 ], [ -100.039916567761125, 20.874331549995677 ], [ -100.040561579414401, 20.874665047901836 ], [ -100.041499908250941, 20.875123837177487 ], [ -100.041908623371242, 20.875704175482632 ], [ -100.042140604757194, 20.876366350018053 ], [ -100.042667674226749, 20.876781943575839 ], [ -100.0420824686435, 20.877812491285134 ], [ -100.041609687298958, 20.878422405174167 ], [ -100.04108016967983, 20.878504139169195 ], [ -100.040491541129882, 20.8786686143326 ], [ -100.039785154099761, 20.878874268842392 ], [ -100.038960852436418, 20.879162535893485 ], [ -100.043461796741639, 20.886381861597432 ], [ -100.043874807352381, 20.886009827274556 ], [ -100.044583675548012, 20.885141202500456 ], [ -100.044997293257651, 20.884603427585233 ], [ -100.045412286918719, 20.883692741066078 ], [ -100.046003224400167, 20.882906730683025 ], [ -100.046298767360511, 20.8824930075372 ], [ -100.046066159267454, 20.881788123039705 ], [ -100.04600888776443, 20.881373653315332 ], [ -100.046129246645989, 20.880628080739452 ], [ -100.046426467814086, 20.879758577649849 ], [ -100.047658397136118, 20.880548440602016 ], [ -100.049600373627413, 20.880138174226246 ], [ -100.051230960011793, 20.880828629330416 ], [ -100.052556265252761, 20.886536713572259 ], [ -100.056835468197306, 20.889158969974602 ], [ -100.057423137520061, 20.889202905236974 ], [ -100.057713419852547, 20.889989272110743 ], [ -100.061235447624796, 20.891120530541254 ], [ -100.073728130177017, 20.889014445517486 ], [ -100.074758968139761, 20.890324556493471 ], [ -100.075286809389709, 20.890615994421907 ], [ -100.076106009788475, 20.891486909622987 ], [ -100.076162001387956, 20.892106643417701 ], [ -100.076098533569834, 20.89313883766302 ], [ -100.076095356396678, 20.893840906987005 ], [ -100.076150788706016, 20.894584535151736 ], [ -100.076672486340144, 20.896238807801382 ], [ -100.077254858976232, 20.897480356683438 ], [ -100.07824826759385, 20.898847617247473 ], [ -100.079006687032361, 20.900172534598564 ], [ -100.079356316679821, 20.900876160103724 ], [ -100.079588351905528, 20.90157926594777 ], [ -100.08017429850436, 20.902036138107629 ], [ -100.080818491397935, 20.90261716134945 ], [ -100.081107667398967, 20.903692206352041 ], [ -100.081806782004037, 20.905140743792689 ], [ -100.082509055262577, 20.90588721041906 ], [ -100.083564879173295, 20.906470029575072 ], [ -100.084562647706704, 20.906887392069745 ], [ -100.085737008749959, 20.907264222077661 ], [ -100.087028977619482, 20.907641557236317 ], [ -100.08767358772981, 20.908139956051432 ], [ -100.087847239378888, 20.908760195418481 ], [ -100.087902738545097, 20.909503815724047 ], [ -100.088135195080994, 20.910124310965969 ], [ -100.08860212999322, 20.91091102237203 ], [ -100.088953845477818, 20.911160346632919 ], [ -100.0892469425916, 20.911368116252554 ], [ -100.089775982801115, 20.91141171650408 ], [ -100.090506556779857, 20.911280210678772 ], [ -100.090535767626591, 20.911640373722253 ], [ -100.092099766137395, 20.930920799367982 ], [ -100.064499400897319, 20.935636123228257 ], [ -100.061085709681961, 20.936282205243508 ], [ -100.072116750395594, 20.941660721020778 ], [ -100.076815489049395, 20.942961975978626 ], [ -100.076811021796175, 20.943953619065628 ], [ -100.074576405703525, 20.949634709087395 ], [ -100.073955385933687, 20.951213458118556 ], [ -100.072360397258677, 20.952776673062434 ], [ -100.068353543568904, 20.954453323064911 ], [ -100.069711662294225, 20.966193919656398 ], [ -100.071825668681072, 20.966946854114894 ], [ -100.073056886186095, 20.967819896402862 ], [ -100.07369957506107, 20.968773020966534 ], [ -100.074576609467471, 20.96993375169734 ], [ -100.076216430109312, 20.97151096009199 ], [ -100.077621938555438, 20.972880546877956 ], [ -100.076308041223697, 20.977296032411996 ], [ -100.072821019148208, 20.980958369988116 ], [ -100.069516865380265, 20.983175267093223 ], [ -100.070217676109564, 20.984293930368761 ], [ -100.071329887977157, 20.985497013189342 ], [ -100.072208316727071, 20.986368522303454 ], [ -100.072910656399941, 20.987156626209721 ], [ -100.073318881085299, 20.987943455106741 ], [ -100.073668098966664, 20.988771346800533 ], [ -100.073547279281641, 20.989473249032361 ], [ -100.073309740551338, 20.989968051087665 ], [ -100.072718874072876, 20.990543962424184 ], [ -100.072246775428496, 20.990872471610093 ], [ -100.071652349002235, 20.992233427027671 ], [ -100.070418309904696, 20.991938841553139 ], [ -100.068509730894206, 20.994212553221818 ], [ -100.060239404687394, 21.00511650536129 ], [ -100.06094006874099, 21.006276520908301 ], [ -100.061230055663614, 21.00718681575572 ], [ -100.061519098568439, 21.008303701465646 ], [ -100.061691995963074, 21.009089523779991 ], [ -100.06216000843088, 21.009670043917367 ], [ -100.062862412327405, 21.010458184756946 ], [ -100.06338775534573, 21.011369504950121 ], [ -100.063854459631045, 21.012239247628422 ], [ -100.064086586717039, 21.01294268713249 ], [ -100.064141456958879, 21.013810627920193 ], [ -100.064138625519732, 21.014430401890287 ], [ -100.064076581392058, 21.015132555213778 ], [ -100.064661162178126, 21.015961490578913 ], [ -100.065188421182256, 21.016459620935045 ], [ -100.065597823408794, 21.016998554601667 ], [ -100.06612452467408, 21.017620636388234 ], [ -100.067297867917944, 21.018369487811768 ], [ -100.068450786897117, 21.023622012673282 ], [ -100.067768795770633, 21.024796641417378 ], [ -100.067086794269414, 21.02597126772336 ], [ -100.061768716938872, 21.030865021759482 ], [ -100.058482528261663, 21.028908602583645 ], [ -100.057542218173168, 21.028656548955162 ], [ -100.056542116991082, 21.028610821861914 ], [ -100.05571796546009, 21.028689823212282 ], [ -100.055010538908704, 21.028975932188306 ], [ -100.053424134059981, 21.02847308397412 ], [ -100.052428638024466, 21.027435692797095 ], [ -100.050785532348115, 21.026478056017503 ], [ -100.048317535031501, 21.025764640838357 ], [ -100.048090284715855, 21.024028218957891 ], [ -100.046268984947972, 21.023441613436557 ], [ -100.044563629366436, 21.023227381179932 ], [ -100.043448414002356, 21.022643908072563 ], [ -100.042273979366271, 21.022142799610648 ], [ -100.041099747299683, 21.021600364210951 ], [ -100.039808629049347, 21.020892115542821 ], [ -100.038105071565269, 21.020305950282157 ], [ -100.03704854292657, 21.019764017614534 ], [ -100.035639587540587, 21.019096521354555 ], [ -100.034584256957288, 21.018306661254506 ], [ -100.033939808839875, 21.017725260030129 ], [ -100.032707197786479, 21.017099859027343 ], [ -100.031946275058701, 21.01627000214372 ], [ -100.031127514141843, 21.015233279896258 ], [ -100.029191090084211, 21.014150123033776 ] ] ] ] } }
]
}
