{"type": "FeatureCollection", "name": "SE_CORREGIDORA", "features": [{"type": "Feature", "properties": {"fid": 12937, "CVE_PAIS": "MX", "NOM_PAIS": "MEXICO", "CVE_ENT": "22", "NOM_ENT": "QUERETARO", "CVE_MUN": "006", "CU_MUN": "22006", "NOM_MUN": "CORREGIDORA", "CIRCUNSCRI": "2", "24_D_FEDERAL": 4, "24_D_LOCAL": 8, "24_SECCION": 97, "25_D_FEDERAL": 4, "25_D_LOCAL": 8, "25_SECCION": 97}, "geometry": {"type": "MultiPolygon", "coordinates": [[[[-100.4436924695996, 20.554842837343042], [-100.44383150987571, 20.555051002173045], [-100.44402556042819, 20.55536630456882], [-100.44406185447983, 20.555428247131925], [-100.44418681532493, 20.555641515630384], [-100.44398960240977, 20.555703568736924], [-100.44399794595927, 20.555823167179145], [-100.44392784559378, 20.555881826408996], [-100.44386962933129, 20.555838150602987], [-100.44380586600198, 20.555819323816742], [-100.44358430565565, 20.555822380345525], [-100.44353807028193, 20.55582337061362], [-100.44348279244812, 20.55581899170585], [-100.44343715385197, 20.555815137401513], [-100.44337725535974, 20.55579748814074], [-100.44331781161904, 20.55575987183298], [-100.44327550943899, 20.55570093954674], [-100.44324621109692, 20.555658837404284], [-100.44322028871031, 20.555634250578816], [-100.44316747763193, 20.555618961975032], [-100.44279017215615, 20.555657192018344], [-100.44220312754243, 20.555726205114865], [-100.44217886447234, 20.555741530797963], [-100.44217083331694, 20.555775474684506], [-100.44217203921124, 20.555794572507526], [-100.44210808142171, 20.55579596038129], [-100.44216374495026, 20.55651590688916], [-100.4421792009089, 20.55669559555091], [-100.4422365461107, 20.55747765209214], [-100.44225391768701, 20.55767096410957], [-100.44226889695672, 20.55801429832403], [-100.44235574995939, 20.559300292718365], [-100.44237421210597, 20.559668123170727], [-100.44239052819447, 20.5598937587688], [-100.44243544429023, 20.560301388986073], [-100.44248978392962, 20.561064087751742], [-100.44229808689397, 20.56118230397023], [-100.4422443171307, 20.561236305495793], [-100.44223743992363, 20.561329676065498], [-100.44237820591256, 20.56180290497252], [-100.4425048446718, 20.562135611593472], [-100.44264689189306, 20.56315317516761], [-100.44284367845043, 20.563974497067846], [-100.44266408631454, 20.56395299951403], [-100.442351932167, 20.563944603054132], [-100.44219761995262, 20.563954601705124], [-100.44204805204015, 20.563961662210072], [-100.4420103122772, 20.56396344373332], [-100.44189279863771, 20.563985315706006], [-100.44148427437707, 20.564061350741174], [-100.44141181490659, 20.564136223656597], [-100.44136948104683, 20.564146353548715], [-100.44000905901397, 20.564479813364684], [-100.43973129171596, 20.564548839600164], [-100.43928955640897, 20.564651886444334], [-100.43926535842967, 20.56465753124885], [-100.439267777469, 20.564688190980952], [-100.43927163726727, 20.564737111348073], [-100.4392798742061, 20.564807456492648], [-100.43899100471765, 20.564751439330305], [-100.43874939691366, 20.564729764041818], [-100.43840439137465, 20.5647657865734], [-100.43809479472554, 20.564823618481103], [-100.43772527981612, 20.56492773451125], [-100.43758571818577, 20.56497977337025], [-100.43713803234442, 20.56514670266061], [-100.43656966968304, 20.56540624958706], [-100.43655203055212, 20.565388512087537], [-100.4364668475712, 20.565343601647736], [-100.436357661846, 20.56532169885311], [-100.4362427497078, 20.565336570642465], [-100.43619853472008, 20.565357011885272], [-100.43613594901997, 20.565422148173894], [-100.43587868391002, 20.565184265275], [-100.43558097678476, 20.564980142661295], [-100.43510051705569, 20.56478066441133], [-100.43504332923494, 20.564904551420774], [-100.4349832258238, 20.564942057805553], [-100.43416095740213, 20.56493178956158], [-100.43405787482708, 20.56489848183067], [-100.43401799814214, 20.564836182676842], [-100.43399288826814, 20.564736752931577], [-100.43395762143201, 20.564520688843782], [-100.43391373915262, 20.5643530915403], [-100.43391718451652, 20.564287570035646], [-100.43383929601133, 20.563630689975312], [-100.43374088140482, 20.562908997118868], [-100.43363468139641, 20.5621338247263], [-100.43362092333572, 20.56203994352855], [-100.43350989542037, 20.56128231451636], [-100.43343348994048, 20.56065795739766], [-100.43341881277088, 20.560572377988635], [-100.43339879666384, 20.560414819828633], [-100.43331954721438, 20.55985832140138], [-100.43331574996947, 20.55980393508643], [-100.43322854582382, 20.559820901072218], [-100.43321189849308, 20.559707225488506], [-100.43255043330741, 20.5598166556541], [-100.43250045772918, 20.559772779480838], [-100.43243475148441, 20.559743569163942], [-100.4323614880892, 20.55974135673345], [-100.43222501313217, 20.558536997124182], [-100.43231179457018, 20.55829225418344], [-100.43242905229327, 20.558168318582307], [-100.43256542922049, 20.55807412964186], [-100.43277639553145, 20.558026686034914], [-100.43311366380094, 20.558066701594534], [-100.43303580863935, 20.557810064028263], [-100.43296531861118, 20.557477744190262], [-100.43282317881854, 20.556476724454136], [-100.43260497081494, 20.55593766413322], [-100.43257858157698, 20.55527979644539], [-100.43256652124485, 20.554864010605595], [-100.43256068387346, 20.554662762631693], [-100.43254437484288, 20.554100489929972], [-100.43255588470727, 20.552928320586037], [-100.43380896373066, 20.552912445995805], [-100.43457381667166, 20.55288455709962], [-100.43505472046965, 20.5528670201338], [-100.43627357590235, 20.552841900105577], [-100.43750839714862, 20.552795492974948], [-100.43875290735971, 20.552774245355472], [-100.43929979407659, 20.55276495861293], [-100.43999077588667, 20.552753222544087], [-100.43997793620662, 20.553947298376574], [-100.4402301988332, 20.553941958260584], [-100.44038667422701, 20.553695641782607], [-100.44059755114489, 20.55353267586711], [-100.44080029031274, 20.553436825874204], [-100.44123448141116, 20.553282646042817], [-100.44163754282509, 20.553162753278475], [-100.44217693574224, 20.553244025389212], [-100.44227130660876, 20.553359496529335], [-100.44236991968423, 20.55334946221894], [-100.44271811161865, 20.553712390334482], [-100.44309824805318, 20.554159172300857], [-100.44332023620883, 20.554405158575445], [-100.44339204074386, 20.55447951350245], [-100.4436924695996, 20.554842837343042]]]]}}, {"type": "Feature", "properties": {"fid": 12938, "CVE_PAIS": "MX", "NOM_PAIS": "MEXICO", "CVE_ENT": "22", "NOM_ENT": "QUERETARO", "CVE_MUN": "006", "CU_MUN": "22006", "NOM_MUN": "CORREGIDORA", "CIRCUNSCRI": "2", "24_D_FEDERAL": 4, "24_D_LOCAL": 8, "24_SECCION": 98, "25_D_FEDERAL": 4, "25_D_LOCAL": 8, "25_SECCION": 98}, "geometry": {"type": "MultiPolygon", "coordinates": [[[[-100.43999077588667, 20.552753222544087], [-100.43929979407659, 20.55276495861293], [-100.43875290735971, 20.552774245355472], [-100.43750839714862, 20.552795492974948], [-100.43627357590235, 20.552841900105577], [-100.43505472046965, 20.5528670201338], [-100.43457381667166, 20.55288455709962], [-100.43380896373066, 20.552912445995805], [-100.43255588470727, 20.552928320586037], [-100.43254437484288, 20.554100489929972], [-100.43256068387346, 20.554662762631693], [-100.43256652124485, 20.554864010605595], [-100.43257858157698, 20.55527979644539], [-100.43260497081494, 20.55593766413322], [-100.43282317881854, 20.556476724454136], [-100.43296531861118, 20.557477744190262], [-100.43303580863935, 20.557810064028263], [-100.43278849863366, 20.557418524392908], [-100.43258916407144, 20.557160488514906], [-100.43136632806468, 20.556496773546876], [-100.43117656032848, 20.55630516641242], [-100.43075542773241, 20.555859797159695], [-100.43034782810915, 20.55537119110884], [-100.429793116674, 20.554404756895476], [-100.42955310427887, 20.55398088634619], [-100.42952464983476, 20.55392325041377], [-100.4291783126474, 20.553221722564686], [-100.42899933265555, 20.55279098995854], [-100.42886539554483, 20.552384210879627], [-100.42882082612704, 20.55224884898256], [-100.4287521638538, 20.55168216871654], [-100.42876327320153, 20.550621956364655], [-100.42876380582686, 20.55037136103635], [-100.428800821111, 20.549987003760148], [-100.42884139974883, 20.549624257802154], [-100.42886820139772, 20.549384668266743], [-100.42888019910013, 20.54922036023298], [-100.42923448191416, 20.548913212537066], [-100.42969748829451, 20.548511087719707], [-100.43041538718762, 20.54787230830013], [-100.43088556164473, 20.547453947328577], [-100.43129693674447, 20.547087903178806], [-100.43205025683005, 20.546417587423708], [-100.4324681877228, 20.54604570231364], [-100.4327117837486, 20.545828943373444], [-100.43359407355109, 20.544665638085426], [-100.4337528600716, 20.544441605957715], [-100.43403663314827, 20.544135024585827], [-100.4343204051021, 20.543828442805225], [-100.4351081031018, 20.54342053174423], [-100.43634613897729, 20.54277940094341], [-100.43683687219979, 20.542690598926626], [-100.43829572123346, 20.54253810887748], [-100.43982977837501, 20.542377744016203], [-100.43987389761809, 20.54306422694017], [-100.44024292575138, 20.54309092024302], [-100.44053314299694, 20.543070488114534], [-100.44062014824719, 20.543064362599477], [-100.4405994107255, 20.543354991529068], [-100.44040902622582, 20.546276508200634], [-100.43992754191544, 20.54629974954954], [-100.43996773316184, 20.548153196028206], [-100.43996294938394, 20.54843241906221], [-100.43994837398428, 20.549283172541156], [-100.43994599777217, 20.549421870834227], [-100.43991665695506, 20.550393560447656], [-100.44132696289124, 20.550684384470316], [-100.44139653355154, 20.549460953168154], [-100.44263991711257, 20.549623875188548], [-100.44326987199958, 20.54970655318186], [-100.44532427238758, 20.549984124749102], [-100.44549293685282, 20.550017405604432], [-100.44554516683347, 20.550197708298047], [-100.44557501707287, 20.550300753845413], [-100.44768979074054, 20.5521137855907], [-100.44774142984657, 20.552423813248943], [-100.44764402278528, 20.55244641716494], [-100.44754661569188, 20.552469021027814], [-100.447289829224, 20.552545093209062], [-100.44709820818706, 20.552624345778025], [-100.44687838495734, 20.55272750595399], [-100.44663735760788, 20.552866469718786], [-100.44620348259726, 20.553182694252733], [-100.44605764997654, 20.5533145525701], [-100.44553637734056, 20.553808142143087], [-100.44511209454895, 20.55437692826523], [-100.44439532304537, 20.555323944724456], [-100.44425699941895, 20.55552651331349], [-100.44418681532493, 20.555641515630384], [-100.44406185447983, 20.555428247131925], [-100.44402556042819, 20.55536630456882], [-100.44383150987571, 20.555051002173045], [-100.4436924695996, 20.554842837343042], [-100.44339204074386, 20.55447951350245], [-100.44332023620883, 20.554405158575445], [-100.44309824805318, 20.554159172300857], [-100.44271811161865, 20.553712390334482], [-100.44236991968423, 20.55334946221894], [-100.44227130660876, 20.553359496529335], [-100.44217693574224, 20.553244025389212], [-100.44163754282509, 20.553162753278475], [-100.44123448141116, 20.553282646042817], [-100.44080029031274, 20.553436825874204], [-100.44059755114489, 20.55353267586711], [-100.44038667422701, 20.553695641782607], [-100.4402301988332, 20.553941958260584], [-100.43997793620662, 20.553947298376574], [-100.43999077588667, 20.552753222544087]]]]}}, {"type": "Feature", "properties": {"fid": 12939, "CVE_PAIS": "MX", "NOM_PAIS": "MEXICO", "CVE_ENT": "22", "NOM_ENT": "QUERETARO", "CVE_MUN": "006", "CU_MUN": "22006", "NOM_MUN": "CORREGIDORA", "CIRCUNSCRI": "2", "24_D_FEDERAL": 4, "24_D_LOCAL": 8, "24_SECCION": 100, "25_D_FEDERAL": 4, "25_D_LOCAL": 8, "25_SECCION": 100}, "geometry": {"type": "MultiPolygon", "coordinates": [[[[-100.44285274819006, 20.5399030062606], [-100.44267301430156, 20.5408586168344], [-100.4426267775376, 20.540871104157645], [-100.44171080276958, 20.54111848172521], [-100.44102907181255, 20.541307289811378], [-100.44139090608061, 20.541917927207333], [-100.44148623227726, 20.542127780274658], [-100.44054053403775, 20.542273049176607], [-100.44032168916155, 20.54230528517302], [-100.44016272542198, 20.542328700814803], [-100.43982977837501, 20.542377744016203], [-100.43829572123346, 20.54253810887748], [-100.43683687219979, 20.542690598926626], [-100.43634613897729, 20.54277940094341], [-100.4351081031018, 20.54342053174423], [-100.4343204051021, 20.543828442805225], [-100.43403663314827, 20.544135024585827], [-100.4337528600716, 20.544441605957715], [-100.43359407355109, 20.544665638085426], [-100.4327117837486, 20.545828943373444], [-100.4324681877228, 20.54604570231364], [-100.43205025683005, 20.546417587423708], [-100.43129693674447, 20.547087903178806], [-100.43088556164473, 20.547453947328577], [-100.43041538718762, 20.54787230830013], [-100.42969748829451, 20.548511087719707], [-100.42923448191416, 20.548913212537066], [-100.42888019910013, 20.54922036023298], [-100.42886820139772, 20.549384668266743], [-100.42823843480824, 20.54974683779669], [-100.4280250739746, 20.54988432971534], [-100.42788002374012, 20.550113686363662], [-100.42781480587995, 20.550265014897093], [-100.42749794063654, 20.550573157231277], [-100.4267123153532, 20.551163028069926], [-100.42601167655556, 20.55165977634034], [-100.42577173784686, 20.551836950981553], [-100.42548958376561, 20.552045297220708], [-100.42534506919031, 20.55215200827596], [-100.42505656984335, 20.552317236786973], [-100.42439703474996, 20.55269496075918], [-100.42367992370737, 20.553071940425323], [-100.4232155874364, 20.552045482005703], [-100.42316698942547, 20.551938050652186], [-100.42313321717945, 20.55191503728835], [-100.4231146031839, 20.551903584418763], [-100.42309643902662, 20.551893209022555], [-100.42308431660031, 20.551874850950473], [-100.42300136247943, 20.55194354663763], [-100.42295240346995, 20.55195139248035], [-100.42292112429693, 20.551956405063443], [-100.42288117957594, 20.551962806318453], [-100.42292130001911, 20.5519138696083], [-100.4230258388329, 20.55178607538781], [-100.42376148230726, 20.55087940816429], [-100.42378219915034, 20.55085387506797], [-100.42386313102101, 20.550754126961035], [-100.42387563893372, 20.55073907256671], [-100.42388777635799, 20.550723751748052], [-100.42558616109257, 20.548625449920685], [-100.42561211055286, 20.548593347763635], [-100.42566326163612, 20.548532581719396], [-100.42573113781228, 20.548446098563197], [-100.426859896506, 20.547049688400648], [-100.42698880006758, 20.546892695370737], [-100.42779988207505, 20.545904860749783], [-100.42867207950304, 20.54484257470104], [-100.42909226196016, 20.54433368391084], [-100.43041682911526, 20.542729448502023], [-100.4304342136437, 20.542709719363636], [-100.43063727165189, 20.542462457819894], [-100.43095215034458, 20.542081088052633], [-100.43163875914283, 20.541249476901218], [-100.43229811548257, 20.54045087681823], [-100.43228773153156, 20.540577342133037], [-100.43228414039004, 20.54062179555593], [-100.43227768849336, 20.540706307548145], [-100.43232061576681, 20.540875505436787], [-100.43243230425684, 20.541001812668462], [-100.43264480384184, 20.5411129303004], [-100.4363670097718, 20.5406076502023], [-100.43874593817894, 20.540333007409817], [-100.43903294429045, 20.540299870838652], [-100.43957953931373, 20.54023676069001], [-100.44091107409005, 20.540049856557836], [-100.44169618439095, 20.539939647668103], [-100.44240717408867, 20.539924530126946], [-100.44285274819006, 20.5399030062606]]]]}}, {"type": "Feature", "properties": {"fid": 12940, "CVE_PAIS": "MX", "NOM_PAIS": "MEXICO", "CVE_ENT": "22", "NOM_ENT": "QUERETARO", "CVE_MUN": "006", "CU_MUN": "22006", "NOM_MUN": "CORREGIDORA", "CIRCUNSCRI": "2", "24_D_FEDERAL": 4, "24_D_LOCAL": 8, "24_SECCION": 101, "25_D_FEDERAL": 4, "25_D_LOCAL": 8, "25_SECCION": 101}, "geometry": {"type": "MultiPolygon", "coordinates": [[[[-100.45291581984607, 20.538513311630858], [-100.45306822609606, 20.5388424109862], [-100.45326563464572, 20.539168900575074], [-100.45372606560768, 20.54002909966906], [-100.45413140121688, 20.54078635731603], [-100.45401732529278, 20.54088875701339], [-100.45234898843245, 20.542016055899584], [-100.45226036729834, 20.542075936510145], [-100.4515239927526, 20.54260081528061], [-100.45154506015362, 20.542676558186997], [-100.45152409227278, 20.542716271091564], [-100.4514923526364, 20.54274535223548], [-100.45144903182981, 20.542774613615844], [-100.45137633422124, 20.542782437889027], [-100.4507266895016, 20.54322647752885], [-100.44979845968261, 20.543804309211954], [-100.44868803177624, 20.544531831703356], [-100.44863533132892, 20.544438767797978], [-100.44839398020271, 20.54457883827742], [-100.44829267528233, 20.54461220471055], [-100.44826942716922, 20.54461986184673], [-100.4481571900241, 20.544607975212234], [-100.44814513838939, 20.54457676905181], [-100.44795535907156, 20.544085357918995], [-100.44794471944222, 20.544057807746114], [-100.44778563822186, 20.543718394885726], [-100.44746078635471, 20.543545060911757], [-100.4470243162847, 20.543365558815285], [-100.44660548545298, 20.5431476911399], [-100.44580520896125, 20.543350654186327], [-100.44523620280395, 20.542962820484174], [-100.44503965688385, 20.54285997498414], [-100.44495973247314, 20.542731569434157], [-100.44474717758858, 20.542450481671853], [-100.44423172280031, 20.541905093938308], [-100.4439481657179, 20.54146847407794], [-100.4438548233397, 20.54124395378369], [-100.44383727446348, 20.541038157526316], [-100.4438409850665, 20.540820570862017], [-100.44397891543392, 20.540279016383018], [-100.44389240259072, 20.540169023680697], [-100.4438163055629, 20.54015398034003], [-100.44361214334336, 20.54009672441979], [-100.44351379610167, 20.540067885623216], [-100.44347006155127, 20.540054476360446], [-100.44320957573609, 20.540730289058658], [-100.44267301432194, 20.540858616142053], [-100.44285274821048, 20.53990300556789], [-100.44240717410906, 20.539924529434234], [-100.44169618441124, 20.539939646975398], [-100.44091107411026, 20.540049855865124], [-100.43957953933372, 20.540236759997395], [-100.43903294431043, 20.540299870146033], [-100.43874593819886, 20.540333006717287], [-100.43636700979143, 20.540607649509862], [-100.43264480386101, 20.54111292960815], [-100.43243230427595, 20.541001811976212], [-100.43232061578594, 20.540875504744438], [-100.43227768851249, 20.54070630685571], [-100.43228414040917, 20.5406217948635], [-100.43228773155067, 20.540577341440603], [-100.4322981155017, 20.54045087612571], [-100.43241274871065, 20.5404274715922], [-100.43246024032085, 20.540417775259517], [-100.4326388185897, 20.540381314918843], [-100.4350416380302, 20.540210237652914], [-100.43521607750698, 20.540195690805483], [-100.43539595668692, 20.5401802242847], [-100.43648356456217, 20.540129127128672], [-100.43713191175813, 20.540002176214625], [-100.43741302487722, 20.53994713149093], [-100.43776068844743, 20.53977970472802], [-100.43800881050721, 20.53966021422823], [-100.43827304336625, 20.539489232319983], [-100.43831439433936, 20.539462474335387], [-100.43842685722319, 20.53938970013896], [-100.4386430713318, 20.539249788632084], [-100.4390140734589, 20.539010054693563], [-100.43930530630983, 20.53885688830141], [-100.43960374268782, 20.538699932596664], [-100.43977017548603, 20.53864100523236], [-100.44015941350882, 20.538503190440444], [-100.44046568752921, 20.538394749361114], [-100.44082470994385, 20.538282613418016], [-100.4413341230918, 20.538032979014307], [-100.44164556850893, 20.537951953888772], [-100.44192541575073, 20.537882701243014], [-100.4419453802174, 20.53702705022254], [-100.44349536012797, 20.536861699208867], [-100.44342588015908, 20.538009655037552], [-100.44389853206157, 20.538048891364557], [-100.4439431958594, 20.538109852122044], [-100.4441897144553, 20.53818059692363], [-100.44439105880537, 20.538238377508197], [-100.44453316466185, 20.538153564696522], [-100.4446093314744, 20.53810810573005], [-100.4447761860185, 20.53806421550271], [-100.44495955638287, 20.538052770458883], [-100.44506972556523, 20.538045894166167], [-100.44541343425202, 20.537999927710022], [-100.44576006862933, 20.537953569269504], [-100.44591152561142, 20.5378672184267], [-100.44611500420439, 20.537549481622687], [-100.44627129955163, 20.537154343979385], [-100.44627467792216, 20.53696469216887], [-100.44594163624804, 20.535854039292143], [-100.44578742183268, 20.535426277034315], [-100.445725847051, 20.535234616921304], [-100.44558286270787, 20.534750893183098], [-100.44556498078188, 20.534495779593964], [-100.44562593135674, 20.534116023912173], [-100.44572563965042, 20.53368232187647], [-100.44606044569154, 20.5337329559777], [-100.4462037475167, 20.53375462789488], [-100.44631439767389, 20.533524056572148], [-100.44670550917292, 20.53392994987429], [-100.44685856411624, 20.53396996949347], [-100.4468451723889, 20.534015854269843], [-100.44727331175183, 20.53549804468647], [-100.44732180076532, 20.53548749281143], [-100.44778145250734, 20.5353874655461], [-100.44805214597669, 20.53533798240281], [-100.44811818588988, 20.535575688437895], [-100.4481252640659, 20.535601169221554], [-100.44862807250958, 20.537411208108097], [-100.44865556639247, 20.537463286084712], [-100.44869767823211, 20.537452782900235], [-100.44988461652073, 20.537156741903125], [-100.45016302834914, 20.537069333524514], [-100.45034850822118, 20.537011101164392], [-100.45222774330287, 20.53652307913868], [-100.45324515804329, 20.53625094704522], [-100.45332323012279, 20.536388614022606], [-100.45285258987828, 20.53758967904569], [-100.45282852266632, 20.53772775489501], [-100.45280158912111, 20.537960664458115], [-100.45281033701957, 20.538095085907702], [-100.4528227462433, 20.538186096585832], [-100.45285004826312, 20.538324119408518], [-100.45291581984607, 20.538513311630858]]]]}}, {"type": "Feature", "properties": {"fid": 12941, "CVE_PAIS": "MX", "NOM_PAIS": "MEXICO", "CVE_ENT": "22", "NOM_ENT": "QUERETARO", "CVE_MUN": "006", "CU_MUN": "22006", "NOM_MUN": "CORREGIDORA", "CIRCUNSCRI": "2", "24_D_FEDERAL": 4, "24_D_LOCAL": 8, "24_SECCION": 102, "25_D_FEDERAL": 4, "25_D_LOCAL": 8, "25_SECCION": 102}, "geometry": {"type": "MultiPolygon", "coordinates": [[[[-100.43229811548257, 20.54045087681823], [-100.43305501550496, 20.539539532105618], [-100.43398014619063, 20.538425912762595], [-100.43478233694127, 20.53745557585423], [-100.43626976786805, 20.535656031267166], [-100.43667307279952, 20.53516809017774], [-100.43665535898481, 20.535313674785392], [-100.43665020156132, 20.535356062086638], [-100.43664062908968, 20.535434735285182], [-100.43640897450483, 20.535722455371552], [-100.437006294894, 20.535663290653936], [-100.43730186928732, 20.535143677168893], [-100.43744647975494, 20.53491413142361], [-100.43751527515353, 20.534844439814297], [-100.43761407644391, 20.5347853428582], [-100.43783679460518, 20.534671598998937], [-100.43820768252877, 20.53448806972617], [-100.4385890453262, 20.5343606664084], [-100.43905017455515, 20.53379208819141], [-100.43943747948248, 20.53359703669154], [-100.44022644627488, 20.53351543536919], [-100.44071173814412, 20.533412765727316], [-100.44129768652151, 20.533263707421852], [-100.44227085344056, 20.53299040498491], [-100.44224774550034, 20.53329750950719], [-100.44188683067962, 20.533827356907985], [-100.4418919010866, 20.533886649028155], [-100.4423969534353, 20.534289414639954], [-100.44233904105911, 20.534548568747937], [-100.44386817370578, 20.53455591112855], [-100.44389374613695, 20.53480383128736], [-100.4438757570991, 20.535121444437586], [-100.44387026730504, 20.535154805932418], [-100.44386110735442, 20.53521047095337], [-100.44383338955812, 20.535378911805207], [-100.44382849456251, 20.53540865862785], [-100.44381615769971, 20.53548362953594], [-100.44380908285443, 20.535505570567928], [-100.4437513196341, 20.535684709905755], [-100.44360308172806, 20.535996939072866], [-100.44356305091941, 20.53608125457204], [-100.4435240665517, 20.536265697599145], [-100.44352226145836, 20.536303174933252], [-100.44349536010748, 20.53686169990294], [-100.4419453801971, 20.53702705091652], [-100.44192541573041, 20.537882701936635], [-100.44164556848867, 20.537951954582304], [-100.44133412307158, 20.538032979707914], [-100.44082470992369, 20.538282614111445], [-100.44046568750909, 20.538394750054458], [-100.44015941348874, 20.53850319113379], [-100.439770175466, 20.538641005925616], [-100.43960374266781, 20.538699933289916], [-100.43930530628984, 20.538856888994573], [-100.43901407343898, 20.539010055386733], [-100.4386430713119, 20.53924978932515], [-100.43842685720334, 20.539389700831936], [-100.4383143943195, 20.539462475028277], [-100.43827304334641, 20.539489233012873], [-100.4380088104874, 20.539660214921025], [-100.43776068842766, 20.539779705420816], [-100.43741302485748, 20.53994713218364], [-100.43713191173842, 20.54000217690724], [-100.43648356454253, 20.54012912782138], [-100.43539595666739, 20.540180224977316], [-100.43521607748751, 20.540195691498013], [-100.43504163801074, 20.54021023834553], [-100.43263881857054, 20.540381315611363], [-100.43246024030171, 20.54041777595204], [-100.4324127486915, 20.540427472284726], [-100.43229811548257, 20.54045087681823]]]]}}, {"type": "Feature", "properties": {"fid": 12942, "CVE_PAIS": "MX", "NOM_PAIS": "MEXICO", "CVE_ENT": "22", "NOM_ENT": "QUERETARO", "CVE_MUN": "006", "CU_MUN": "22006", "NOM_MUN": "CORREGIDORA", "CIRCUNSCRI": "2", "24_D_FEDERAL": 4, "24_D_LOCAL": 8, "24_SECCION": 103, "25_D_FEDERAL": 4, "25_D_LOCAL": 8, "25_SECCION": 103}, "geometry": {"type": "MultiPolygon", "coordinates": [[[[-100.45749934352622, 20.527773636125684], [-100.4576658129566, 20.52770084266305], [-100.4577085238114, 20.527647242838007], [-100.4577421920167, 20.52757492815039], [-100.45774964639683, 20.52747718893607], [-100.45768493611641, 20.52731337842023], [-100.45753699977384, 20.526925692953405], [-100.45741910661066, 20.52661875360249], [-100.45751147089848, 20.526384906962285], [-100.45766005289994, 20.526308307447405], [-100.4578200599856, 20.526311985824734], [-100.45811317628736, 20.526294451405608], [-100.45825680664248, 20.526258080053534], [-100.45863549254871, 20.52612561867964], [-100.45901213145528, 20.525993872303758], [-100.46022858434033, 20.525568356272625], [-100.46026533611087, 20.52550776632282], [-100.46032370160061, 20.525477134617155], [-100.46041962901054, 20.5254713034585], [-100.46182193336556, 20.525002970179163], [-100.46200896634834, 20.52494050496181], [-100.46203737420409, 20.524941200862674], [-100.46211503047786, 20.524943103400524], [-100.46285547353492, 20.524623564856096], [-100.46315950678212, 20.524489386713203], [-100.4632840151923, 20.524434892199306], [-100.46334847177067, 20.524537979344423], [-100.46341691171308, 20.5246529114881], [-100.46369793335512, 20.52495406208056], [-100.46383442994467, 20.524985234760386], [-100.46391577751851, 20.525083729235362], [-100.46393244932446, 20.525103914320304], [-100.46394912113487, 20.52512409940333], [-100.46399168611704, 20.525150740386817], [-100.46402327987425, 20.52517051375428], [-100.46404020166925, 20.525181104434854], [-100.46406098989117, 20.52519411495445], [-100.46415320456576, 20.525251828385237], [-100.46432189120654, 20.52538450570129], [-100.46443736235992, 20.525498722402446], [-100.4645573893723, 20.525638476360538], [-100.46460593371907, 20.525705763748938], [-100.46463678813024, 20.52575677810113], [-100.46484716519694, 20.526104603792575], [-100.46496241365324, 20.52635365955801], [-100.46508483848436, 20.52658328275887], [-100.46514897831587, 20.526808525392326], [-100.46517163735793, 20.52680296971241], [-100.46519098287594, 20.526798228969454], [-100.46526393806413, 20.526780338837067], [-100.46541202580634, 20.52674404534386], [-100.46553072062513, 20.527121007343847], [-100.46640182963799, 20.52698732114469], [-100.46644027342329, 20.527159877326927], [-100.46688573530767, 20.529159302719375], [-100.46575283155951, 20.52993108188545], [-100.46580739376756, 20.530418322716343], [-100.46951394827958, 20.529922454215868], [-100.469781096354, 20.530719691940618], [-100.4699527513513, 20.531801026320757], [-100.47032278333126, 20.532538744567677], [-100.47067301799967, 20.53331462231726], [-100.47104414727862, 20.534166306994152], [-100.47118904305287, 20.534428720362715], [-100.47214005802783, 20.536032815630875], [-100.47297738434644, 20.536871557842467], [-100.47412146546775, 20.5376396988639], [-100.47501141548474, 20.538851556931153], [-100.47507952759666, 20.538935852423926], [-100.4751381030018, 20.539029747394647], [-100.47524114099211, 20.539121542459924], [-100.47587187321042, 20.540015333505824], [-100.476178173657, 20.54035792560636], [-100.47651883567468, 20.54080931369079], [-100.47656644610508, 20.54097627802008], [-100.47646329775968, 20.54113854920211], [-100.4763155740707, 20.541284761917105], [-100.47569187424502, 20.54175781286636], [-100.47522554828043, 20.542263892846375], [-100.47514289117711, 20.5424125395371], [-100.47518454241927, 20.5426199031146], [-100.47549306425658, 20.543028229714494], [-100.47564477689909, 20.5432974197595], [-100.47606122270102, 20.543875184826856], [-100.47624518712644, 20.544363772499093], [-100.47619839134508, 20.544612237227156], [-100.4762474027497, 20.544759762736227], [-100.47648917514486, 20.545155206360203], [-100.47699390632351, 20.546664705343595], [-100.477008829811, 20.547062081420563], [-100.47712585713096, 20.54751836200119], [-100.47704983381453, 20.547738927785044], [-100.47880034785186, 20.553564542053135], [-100.47939066882424, 20.554470041998986], [-100.48058521807894, 20.56426044770303], [-100.4829578227008, 20.564168270682153], [-100.48316776855991, 20.5641601126003], [-100.48321227462367, 20.56443278774076], [-100.4832305473206, 20.56517282150485], [-100.48325412680994, 20.56578445912369], [-100.48248350284811, 20.569754059424522], [-100.4823382144904, 20.57043014190058], [-100.4822370500689, 20.570448217279772], [-100.48202389753438, 20.570486327350427], [-100.48143721867653, 20.57059121968201], [-100.48076315257683, 20.570711733378918], [-100.48065436853393, 20.570731182200486], [-100.48059930698403, 20.570741026284633], [-100.48042725696114, 20.570475578571155], [-100.48037463690324, 20.570394393229783], [-100.4796442675344, 20.569267526466678], [-100.4752592943572, 20.569612655865697], [-100.47218478685039, 20.56713446853346], [-100.46964515014291, 20.560646069217327], [-100.46927100537106, 20.55458574452639], [-100.46907250293793, 20.553373252383405], [-100.46904007893248, 20.553228024217226], [-100.4688014951351, 20.55300049558046], [-100.46866923954187, 20.55282672038379], [-100.46719110789101, 20.55141922214912], [-100.46478716849144, 20.549098398758513], [-100.46410162683577, 20.548532703447474], [-100.46406420438564, 20.548409924736546], [-100.4640506312867, 20.548287665286086], [-100.46405934763703, 20.548082574658395], [-100.46440166179264, 20.546831490323672], [-100.46488412214279, 20.545119013353638], [-100.46488879392336, 20.54505482591771], [-100.4648917007171, 20.545014888317564], [-100.46486573015976, 20.545007431674872], [-100.464828896885, 20.54499807112676], [-100.4636672850099, 20.544640691999884], [-100.46366038230067, 20.544667699938312], [-100.46362197538862, 20.544656624134227], [-100.45875505191323, 20.543253014941712], [-100.45871905598045, 20.54324304073651], [-100.45868353606957, 20.543234229506822], [-100.4586585025529, 20.543228019574407], [-100.45741275868002, 20.542771048156336], [-100.4571981360192, 20.542693626900373], [-100.45699414852194, 20.542619764521163], [-100.45751364457466, 20.54147406880141], [-100.45730477452435, 20.541405448216082], [-100.45697306797126, 20.541293229618404], [-100.45682023710516, 20.541198818888255], [-100.45668469207942, 20.541119176687797], [-100.45640613142305, 20.54095290858395], [-100.45611735180755, 20.5407802055729], [-100.45619091008776, 20.540717706645164], [-100.45661395251878, 20.540358266329328], [-100.45672881498764, 20.54026067235203], [-100.45674111906612, 20.540222543582384], [-100.45632449843549, 20.540038011194348], [-100.45593156882339, 20.539819614311707], [-100.45572428838662, 20.539653111389388], [-100.45568715876301, 20.539682474875402], [-100.45564850636457, 20.539713042608664], [-100.45477224736088, 20.53894364522908], [-100.45332323012279, 20.536388614022606], [-100.45324515804329, 20.53625094704522], [-100.45222774330287, 20.53652307913868], [-100.45034850822118, 20.537011101164392], [-100.45016302834914, 20.537069333524514], [-100.44988461652073, 20.537156741903125], [-100.44869767823211, 20.537452782900235], [-100.44865556639247, 20.537463286084712], [-100.44862807250958, 20.537411208108097], [-100.4481252640659, 20.535601169221554], [-100.44811818588988, 20.535575688437895], [-100.44805214597669, 20.53533798240281], [-100.44778145250734, 20.5353874655461], [-100.44732180076532, 20.53548749281143], [-100.44727331175183, 20.53549804468647], [-100.4468451723889, 20.534015854269843], [-100.44685856411624, 20.53396996949347], [-100.44670550917292, 20.53392994987429], [-100.44631439767389, 20.533524056572148], [-100.4462037475167, 20.53375462789488], [-100.44606044569154, 20.5337329559777], [-100.44572563965042, 20.53368232187647], [-100.44562593135674, 20.534116023912173], [-100.44556498078188, 20.534495779593964], [-100.44558286270787, 20.534750893183098], [-100.445725847051, 20.535234616921304], [-100.44578742183268, 20.535426277034315], [-100.44594163624804, 20.535854039292143], [-100.44627467792216, 20.53696469216887], [-100.44627129955163, 20.537154343979385], [-100.44611500420439, 20.537549481622687], [-100.44591152561142, 20.5378672184267], [-100.44576006862933, 20.537953569269504], [-100.44541343425202, 20.537999927710022], [-100.44506972556523, 20.538045894166167], [-100.44495955638287, 20.538052770458883], [-100.4447761860185, 20.53806421550271], [-100.4446093314744, 20.53810810573005], [-100.44453316466185, 20.538153564696522], [-100.44439105880537, 20.538238377508197], [-100.4441897144553, 20.53818059692363], [-100.4439431958594, 20.538109852122044], [-100.44389853206157, 20.538048891364557], [-100.44342588015908, 20.538009655037552], [-100.44349536012797, 20.536861699208867], [-100.44352226145836, 20.536303174933252], [-100.4435240665517, 20.536265697599145], [-100.44356305091941, 20.53608125457204], [-100.44360308172806, 20.535996939072866], [-100.4437513196341, 20.535684709905755], [-100.44380908285443, 20.535505570567928], [-100.44381615769971, 20.53548362953594], [-100.44382849456251, 20.53540865862785], [-100.44383338955812, 20.535378911805207], [-100.44386110735442, 20.53521047095337], [-100.44387026730504, 20.535154805932418], [-100.4438757570991, 20.535121444437586], [-100.44389374613695, 20.53480383128736], [-100.44386817370578, 20.53455591112855], [-100.44386467910715, 20.534508328745364], [-100.44384834922744, 20.534285980865768], [-100.4438240343251, 20.53419574377028], [-100.44377418069637, 20.53401072735339], [-100.44364498254113, 20.533582475996777], [-100.4436424937221, 20.53355899105956], [-100.4436128619725, 20.533279379886874], [-100.4435325146, 20.533027798117594], [-100.44349803886129, 20.532961449167235], [-100.44323230261432, 20.532450034422556], [-100.44317867959212, 20.532346835340856], [-100.4431942909473, 20.53199811990576], [-100.44319552338597, 20.53194885324332], [-100.44320040779452, 20.531753599405743], [-100.44332307424052, 20.53160454170428], [-100.44342553736587, 20.531411072883706], [-100.44349286159157, 20.53119716353283], [-100.44355012534905, 20.530896256741215], [-100.44355524337634, 20.530456454178378], [-100.44352800979944, 20.53001692092329], [-100.44350065393894, 20.529564326474276], [-100.44374329952491, 20.529548233744194], [-100.44380454364567, 20.529544171860294], [-100.44391204346113, 20.52953560770086], [-100.44393817456297, 20.529533087604957], [-100.44399268986679, 20.529528175870183], [-100.44407332496674, 20.52952059276252], [-100.44415396005624, 20.529513009617727], [-100.4442973403335, 20.52946558566599], [-100.44446784542791, 20.529480427011226], [-100.44450661051886, 20.52935422115411], [-100.44454371470114, 20.52923342246607], [-100.44467457265836, 20.528843588673805], [-100.44476402848694, 20.528611484315178], [-100.44486326255682, 20.528334075390443], [-100.44495836767489, 20.5280976767793], [-100.44510929454356, 20.5278020180247], [-100.44529286460036, 20.52759095718883], [-100.44549338351186, 20.527367013608444], [-100.44565949610772, 20.52715659628633], [-100.44586414230504, 20.52689164196838], [-100.44603986291924, 20.526631840189207], [-100.44614162933198, 20.526415624289477], [-100.4462312507816, 20.526187598901064], [-100.44629127102213, 20.525948407963316], [-100.4463566026948, 20.525696763647122], [-100.44645085883505, 20.525439966515773], [-100.44678855763338, 20.5250107564141], [-100.44722229837194, 20.524508543681495], [-100.4475513000151, 20.524010194253606], [-100.44788534256163, 20.523352311437616], [-100.44794857203757, 20.52319063191266], [-100.44799358587025, 20.52293178200943], [-100.4479956734146, 20.522919777658608], [-100.44820605398544, 20.522925222058092], [-100.44831460790502, 20.522922034471872], [-100.44831229561225, 20.522931986857053], [-100.44824221214763, 20.523233633950582], [-100.448215065487, 20.52350790931264], [-100.44817863552505, 20.523698247258217], [-100.44820704635846, 20.52393962163048], [-100.44839046579409, 20.52399458340698], [-100.4486162295125, 20.52406223335402], [-100.44867956350713, 20.52416704095485], [-100.44897050918837, 20.524562637563967], [-100.44930236547225, 20.525078672252796], [-100.44922763106841, 20.52518240399653], [-100.44869754766364, 20.52582185164812], [-100.44838628198201, 20.526202748219138], [-100.44853208073638, 20.526389326880338], [-100.4485329459793, 20.52639074701315], [-100.44918687925319, 20.527205846577573], [-100.4495510529581, 20.527641024570762], [-100.44983342654581, 20.527970625017964], [-100.4498404224476, 20.527978790956276], [-100.45019466893608, 20.52841164621956], [-100.45024958668982, 20.52847928848367], [-100.45048160977251, 20.52876507069952], [-100.45109177919376, 20.529557234995973], [-100.45155453979554, 20.529365667999322], [-100.45163144177458, 20.529333833058676], [-100.45234060543007, 20.529037452213455], [-100.4528822056711, 20.529693379276935], [-100.45349907922207, 20.529470579739765], [-100.45385344210608, 20.529332862493856], [-100.45439638118705, 20.52910494594434], [-100.45534853215797, 20.528697376402985], [-100.45668739877634, 20.52812426047046], [-100.45749934352622, 20.527773636125684]]]]}}, {"type": "Feature", "properties": {"fid": 12943, "CVE_PAIS": "MX", "NOM_PAIS": "MEXICO", "CVE_ENT": "22", "NOM_ENT": "QUERETARO", "CVE_MUN": "006", "CU_MUN": "22006", "NOM_MUN": "CORREGIDORA", "CIRCUNSCRI": "2", "24_D_FEDERAL": 4, "24_D_LOCAL": 8, "24_SECCION": 104, "25_D_FEDERAL": 4, "25_D_LOCAL": 8, "25_SECCION": 104}, "geometry": {"type": "MultiPolygon", "coordinates": [[[[-100.44446784542791, 20.529480427011226], [-100.4442973403335, 20.52946558566599], [-100.44415396005624, 20.529513009617727], [-100.44407332496674, 20.52952059276252], [-100.44399268986679, 20.529528175870183], [-100.44393817456297, 20.529533087604957], [-100.44391204346113, 20.52953560770086], [-100.44380454364567, 20.529544171860294], [-100.44374329952491, 20.529548233744194], [-100.44350065393894, 20.529564326474276], [-100.44352800979944, 20.53001692092329], [-100.44355524337634, 20.530456454178378], [-100.44355012534905, 20.530896256741215], [-100.44349286159157, 20.53119716353283], [-100.44342553736587, 20.531411072883706], [-100.44332307424052, 20.53160454170428], [-100.44320040779452, 20.531753599405743], [-100.44319552338597, 20.53194885324332], [-100.4431942909473, 20.53199811990576], [-100.44317867959212, 20.532346835340856], [-100.44323230261432, 20.532450034422556], [-100.44349803886129, 20.532961449167235], [-100.4435325146, 20.533027798117594], [-100.4436128619725, 20.533279379886874], [-100.4436424937221, 20.53355899105956], [-100.44364498254113, 20.533582475996777], [-100.44377418069637, 20.53401072735339], [-100.4438240343251, 20.53419574377028], [-100.44384834922744, 20.534285980865768], [-100.44386467910715, 20.534508328745364], [-100.44386817370578, 20.53455591112855], [-100.44233904105911, 20.534548568747937], [-100.4423969534353, 20.534289414639954], [-100.4418919010866, 20.533886649028155], [-100.44188683067962, 20.533827356907985], [-100.44224774550034, 20.53329750950719], [-100.44227085344056, 20.53299040498491], [-100.44129768652151, 20.533263707421852], [-100.44071173814412, 20.533412765727316], [-100.44022644627488, 20.53351543536919], [-100.43943747948248, 20.53359703669154], [-100.43905017455515, 20.53379208819141], [-100.4385890453262, 20.5343606664084], [-100.43820768252877, 20.53448806972617], [-100.43783679460518, 20.534671598998937], [-100.43761407644391, 20.5347853428582], [-100.43751527515353, 20.534844439814297], [-100.43744647975494, 20.53491413142361], [-100.43730186928732, 20.535143677168893], [-100.437006294894, 20.535663290653936], [-100.43640897450483, 20.535722455371552], [-100.43664062908968, 20.535434735285182], [-100.43665020156132, 20.535356062086638], [-100.43665535898481, 20.535313674785392], [-100.43667307279952, 20.53516809017774], [-100.43736652585027, 20.53430521936117], [-100.43779631761981, 20.533770419032148], [-100.43753748309925, 20.53378409129625], [-100.43729744641355, 20.533812712828713], [-100.43704740623934, 20.53377927711175], [-100.4368536551961, 20.533718743158705], [-100.43666860323329, 20.53360283530915], [-100.43645127317487, 20.533517903767567], [-100.43619585919046, 20.53341349432736], [-100.43599276880309, 20.533361913858275], [-100.43572847086102, 20.53331527859014], [-100.43569605026917, 20.532365694696168], [-100.43484340361482, 20.53238606882177], [-100.4334403443547, 20.53249976161368], [-100.43344955415914, 20.531601191174584], [-100.43345021709993, 20.53153651112418], [-100.43516662909187, 20.53146771052454], [-100.43524078045155, 20.531464737860595], [-100.43810169380737, 20.531350022068715], [-100.43792590121647, 20.530028167403707], [-100.43783537610248, 20.529347461660343], [-100.43775329195155, 20.528730221313047], [-100.43755393179866, 20.526890576352173], [-100.43822354666014, 20.527140508208856], [-100.43846558613856, 20.5272269584949], [-100.43877355812207, 20.527318845417476], [-100.43893513979617, 20.527347241261513], [-100.43940989627227, 20.527390997631777], [-100.43952447500934, 20.527399793136347], [-100.43991971226527, 20.527421517442562], [-100.44028292701528, 20.527425256768424], [-100.44049252149844, 20.527405899840094], [-100.44073441192691, 20.52737108153089], [-100.4407481508103, 20.527368371463243], [-100.4408826904699, 20.52734183273922], [-100.44099656919906, 20.527369201663827], [-100.44104995844533, 20.52755507993276], [-100.44110168491554, 20.527845136672326], [-100.4412175592616, 20.528494907697112], [-100.44184830830446, 20.52766565672141], [-100.4419206350809, 20.527570567426302], [-100.44236065033412, 20.527044911193947], [-100.44271651752366, 20.52661977762213], [-100.44308540409132, 20.526179087455088], [-100.44344785656895, 20.52574601285143], [-100.44380014801523, 20.52532507617682], [-100.4441271222564, 20.524934387269017], [-100.4444723032782, 20.524521941081257], [-100.44587127247574, 20.525509298761882], [-100.44608322085145, 20.52507596753698], [-100.4460887230773, 20.525031291067027], [-100.44609360228024, 20.52499167334538], [-100.44612533984385, 20.52480194154336], [-100.44614587189017, 20.524608794518556], [-100.44614264156884, 20.52426497361105], [-100.44648658839432, 20.523879366960884], [-100.44684277388411, 20.523508095578816], [-100.44697319357248, 20.523350330863575], [-100.44727249707012, 20.522856192927335], [-100.44776946830969, 20.52325724375716], [-100.44780221850651, 20.523284113362863], [-100.44788534255466, 20.523352311670937], [-100.4475513000151, 20.524010194253606], [-100.44722229837194, 20.524508543681495], [-100.44678855763338, 20.5250107564141], [-100.44645085883505, 20.525439966515773], [-100.4463566026948, 20.525696763647122], [-100.44629127102213, 20.525948407963316], [-100.4462312507816, 20.526187598901064], [-100.44614162933198, 20.526415624289477], [-100.44603986291924, 20.526631840189207], [-100.44586414230504, 20.52689164196838], [-100.44565949610772, 20.52715659628633], [-100.44549338351186, 20.527367013608444], [-100.44529286460036, 20.52759095718883], [-100.44510929454356, 20.5278020180247], [-100.44495836767489, 20.5280976767793], [-100.44486326255682, 20.528334075390443], [-100.44476402848694, 20.528611484315178], [-100.44467457265836, 20.528843588673805], [-100.44454371470114, 20.52923342246607], [-100.44450661051886, 20.52935422115411], [-100.44446784542791, 20.529480427011226]]]]}}, {"type": "Feature", "properties": {"fid": 12944, "CVE_PAIS": "MX", "NOM_PAIS": "MEXICO", "CVE_ENT": "22", "NOM_ENT": "QUERETARO", "CVE_MUN": "006", "CU_MUN": "22006", "NOM_MUN": "CORREGIDORA", "CIRCUNSCRI": "2", "24_D_FEDERAL": 4, "24_D_LOCAL": 8, "24_SECCION": 105, "25_D_FEDERAL": 4, "25_D_LOCAL": 8, "25_SECCION": 105}, "geometry": {"type": "MultiPolygon", "coordinates": [[[[-100.45749934352622, 20.527773636125684], [-100.45668739877634, 20.52812426047046], [-100.45534853215797, 20.528697376402985], [-100.45439638118705, 20.52910494594434], [-100.45385344210608, 20.529332862493856], [-100.45349907922207, 20.529470579739765], [-100.4528822056711, 20.529693379276935], [-100.45234060543007, 20.529037452213455], [-100.45163144177458, 20.529333833058676], [-100.45155453979554, 20.529365667999322], [-100.45109177919376, 20.529557234995973], [-100.45048160977251, 20.52876507069952], [-100.45024958668982, 20.52847928848367], [-100.45019466893608, 20.52841164621956], [-100.4498404224476, 20.527978790956276], [-100.44983342654581, 20.527970625017964], [-100.4495510529581, 20.527641024570762], [-100.44918687925319, 20.527205846577573], [-100.4485329459793, 20.52639074701315], [-100.44853208073638, 20.526389326880338], [-100.44838628198201, 20.526202748219138], [-100.44869754766364, 20.52582185164812], [-100.44922763106841, 20.52518240399653], [-100.44930236547225, 20.525078672252796], [-100.44897050918837, 20.524562637563967], [-100.44867956350713, 20.52416704095485], [-100.4486162295125, 20.52406223335402], [-100.44839046579409, 20.52399458340698], [-100.44820704635846, 20.52393962163048], [-100.44817863552505, 20.523698247258217], [-100.448215065487, 20.52350790931264], [-100.44824221214763, 20.523233633950582], [-100.44831229561225, 20.522931986857053], [-100.44831460790502, 20.522922034471872], [-100.44820605398544, 20.522925222058092], [-100.4479956734146, 20.522919777658608], [-100.4479983281716, 20.522909370093064], [-100.4480557843335, 20.522684121757052], [-100.44806857536159, 20.52243032960981], [-100.44806424871253, 20.522185340674792], [-100.44805122903348, 20.52187121371683], [-100.44799933924725, 20.5216034648496], [-100.44793100841625, 20.521360837434504], [-100.44776510398968, 20.521019877649742], [-100.44759393479526, 20.52083217196504], [-100.44752128525016, 20.520765765602068], [-100.4476981598945, 20.520739282306078], [-100.44844427544098, 20.520338562511093], [-100.4486965571337, 20.52019676115119], [-100.44892222537223, 20.52009678857127], [-100.44914180748431, 20.52005325861175], [-100.44943609442463, 20.520139323533233], [-100.44981532218381, 20.5201488930991], [-100.45025268525437, 20.520080450939883], [-100.45026765147247, 20.519922910386118], [-100.45027889284209, 20.519804578977396], [-100.45026319385403, 20.519660582999414], [-100.45007516080983, 20.518752609264606], [-100.4499959766028, 20.51841936681529], [-100.44995698015002, 20.518255251727247], [-100.44983609142459, 20.518030268908113], [-100.44968901492291, 20.5177782394908], [-100.44966792965272, 20.51749335933457], [-100.44971611141528, 20.51726032834943], [-100.45012157179848, 20.51718040068042], [-100.45016914221553, 20.517055627265986], [-100.45024264095642, 20.516956565122236], [-100.4502447688193, 20.5169048625163], [-100.45028548280423, 20.51591559681701], [-100.45028622434386, 20.5155493994731], [-100.45028480859743, 20.515191700561832], [-100.45172332102727, 20.51431932519753], [-100.45261405921339, 20.513890372234396], [-100.4526376320108, 20.513927166602723], [-100.4527965879306, 20.51417805994366], [-100.45299323230371, 20.514529295797736], [-100.45319396400222, 20.51486499270154], [-100.45323438537034, 20.514932591810584], [-100.45338278976806, 20.51519572319533], [-100.45347415228191, 20.515361513748303], [-100.45357410755977, 20.515545738460577], [-100.45376244559313, 20.51587727221454], [-100.45398179994649, 20.516224408235214], [-100.45434804994395, 20.516418612180733], [-100.45535128687946, 20.516180442712507], [-100.45548586877202, 20.516515826795032], [-100.45564099718871, 20.516599125021987], [-100.45570859058188, 20.516624995289774], [-100.45612600328181, 20.516672480817192], [-100.45656939468981, 20.516702648146744], [-100.45700004026149, 20.516760537578172], [-100.4572055912524, 20.5165512263707], [-100.45735489250231, 20.51645551247538], [-100.45745474512415, 20.51639149892266], [-100.45755459766083, 20.516327485317085], [-100.45819993294909, 20.516286404322788], [-100.45789898909185, 20.51527977503275], [-100.45768082354842, 20.51478142284817], [-100.45747549733173, 20.514439871637304], [-100.45724013971497, 20.514076827035286], [-100.45704509543926, 20.513679973367626], [-100.45781000000025, 20.51339666668867], [-100.45787595011728, 20.513374454118736], [-100.45873463714284, 20.513058620912847], [-100.45879345684529, 20.513036986271313], [-100.45885737432833, 20.513013476571675], [-100.45890794446616, 20.512995019128645], [-100.45891187950951, 20.513033124521467], [-100.45890921327334, 20.513052945819734], [-100.45890045938651, 20.51311802382421], [-100.45887223823833, 20.5131606398474], [-100.45889940020899, 20.513222053267608], [-100.45890613574531, 20.51328556473959], [-100.45889217112958, 20.513322281975114], [-100.45892166955862, 20.51341449664258], [-100.45890224663859, 20.513522533103014], [-100.45892121255035, 20.513582089122156], [-100.45898493795822, 20.51361815309685], [-100.45900638818583, 20.513691203851195], [-100.45903172298387, 20.51380846398428], [-100.45902728567545, 20.51396920342089], [-100.45903453326282, 20.51410509147656], [-100.45905614601351, 20.514228193308792], [-100.45913076939756, 20.514335438882956], [-100.45913363514185, 20.514422098545644], [-100.45909113894469, 20.51446868727093], [-100.45915926400365, 20.514537461355765], [-100.45918266591016, 20.51463357983034], [-100.45918428019169, 20.514796673382246], [-100.45924363279599, 20.514956770214322], [-100.45925708488296, 20.51509144301259], [-100.45925194847108, 20.515191858722126], [-100.45925322562569, 20.51532663391767], [-100.45924656719745, 20.515587658433354], [-100.45923316909423, 20.515779912771986], [-100.45927714036921, 20.51592293221094], [-100.4592905111012, 20.516049002314176], [-100.45927029179853, 20.516163883810123], [-100.45928083620097, 20.516312919967664], [-100.45927548241346, 20.516390395210216], [-100.45927363437565, 20.51651659331756], [-100.45929907156197, 20.51663109077054], [-100.45937326349065, 20.516750913664932], [-100.45940459809769, 20.516845286986868], [-100.45947585516492, 20.516976605654577], [-100.45945522822892, 20.517048473811958], [-100.45940408195106, 20.51711199535506], [-100.45935021798913, 20.517209953168855], [-100.45933263475165, 20.517281795710492], [-100.45934391318089, 20.517508255862985], [-100.45935394143747, 20.517602808411496], [-100.45935169124084, 20.51768344551243], [-100.4593402367085, 20.517726126763563], [-100.45933584464619, 20.51774249221997], [-100.45937883015104, 20.517724364086664], [-100.45961067804726, 20.51762658739678], [-100.45987779991657, 20.517527396450074], [-100.46041425897378, 20.51730789355237], [-100.46127244629164, 20.516975586681554], [-100.46147535215334, 20.516893251835032], [-100.46186163167872, 20.516739169171416], [-100.46224475862931, 20.516592858245414], [-100.46263363275744, 20.516424980977494], [-100.46302188643263, 20.51626560299901], [-100.4636794004894, 20.516014664540688], [-100.46399969704427, 20.516793467649983], [-100.46426937296712, 20.517390577077055], [-100.46436323823981, 20.517762593165866], [-100.46452561129556, 20.518101612718052], [-100.46469364941046, 20.518462608686033], [-100.46480232018902, 20.518742517001233], [-100.4647757095924, 20.518851484914766], [-100.4648315568986, 20.518830510431123], [-100.46485146707856, 20.5188584201054], [-100.46483821133643, 20.51913796183179], [-100.46486556756179, 20.519136435231466], [-100.46492692993915, 20.519133010919038], [-100.46516377188063, 20.519580843729077], [-100.46537801525882, 20.520193451182173], [-100.46506829615598, 20.520314847273738], [-100.46492023364986, 20.520372387666324], [-100.46458636820668, 20.52050213461609], [-100.4644331278217, 20.520566488000064], [-100.46435122098144, 20.520600884746816], [-100.46327926375508, 20.521051976644188], [-100.46276259415635, 20.521244007182993], [-100.46268058870251, 20.52127848433255], [-100.46221172288739, 20.52147560626181], [-100.46213583929749, 20.521503471615688], [-100.46178657668158, 20.521631724441644], [-100.4616504286401, 20.52168171915974], [-100.46117064010782, 20.52186171693033], [-100.46107894435885, 20.52189318343342], [-100.46094511153896, 20.521936083512482], [-100.4608691172283, 20.521997866223145], [-100.46082081567613, 20.522158965509437], [-100.46092358562973, 20.52238559712164], [-100.46125001582402, 20.523153227556403], [-100.46150229942403, 20.523775265278402], [-100.4611157157318, 20.52392380881544], [-100.46078424865813, 20.52404297991063], [-100.46045276404689, 20.524160360099106], [-100.46010987641158, 20.524277835679104], [-100.4597764733095, 20.524393440329487], [-100.45907663291142, 20.524647161341893], [-100.45872366840625, 20.524778470935967], [-100.45837611329142, 20.52490562745774], [-100.45821575507154, 20.524960108194293], [-100.45804372709229, 20.525023415268635], [-100.45730503189402, 20.525279117999506], [-100.45693416065843, 20.525416142934485], [-100.45718226945534, 20.52601738840254], [-100.45734339069249, 20.526407472359], [-100.45741910661066, 20.52661875360249], [-100.45753699977384, 20.526925692953405], [-100.45768493611641, 20.52731337842023], [-100.45774964639683, 20.52747718893607], [-100.4577421920167, 20.52757492815039], [-100.4577085238114, 20.527647242838007], [-100.4576658129566, 20.52770084266305], [-100.45749934352622, 20.527773636125684]]]]}}, {"type": "Feature", "properties": {"fid": 12945, "CVE_PAIS": "MX", "NOM_PAIS": "MEXICO", "CVE_ENT": "22", "NOM_ENT": "QUERETARO", "CVE_MUN": "006", "CU_MUN": "22006", "NOM_MUN": "CORREGIDORA", "CIRCUNSCRI": "2", "24_D_FEDERAL": 4, "24_D_LOCAL": 8, "24_SECCION": 106, "25_D_FEDERAL": 4, "25_D_LOCAL": 8, "25_SECCION": 106}, "geometry": {"type": "MultiPolygon", "coordinates": [[[[-100.4480557843335, 20.522684121757052], [-100.4479983281716, 20.522909370093064], [-100.4479956734146, 20.522919777658608], [-100.44799358587025, 20.52293178200943], [-100.44794857203757, 20.52319063191266], [-100.44788534255466, 20.523352311670937], [-100.44780221850651, 20.523284113362863], [-100.44776946830969, 20.52325724375716], [-100.44727249707012, 20.522856192927335], [-100.44697319357248, 20.523350330863575], [-100.44684277388411, 20.523508095578816], [-100.44648658839432, 20.523879366960884], [-100.44614264156884, 20.52426497361105], [-100.44614587189017, 20.524608794518556], [-100.44612533984385, 20.52480194154336], [-100.44609360228024, 20.52499167334538], [-100.4460887230773, 20.525031291067027], [-100.44608322085145, 20.52507596753698], [-100.44587127247574, 20.525509298761882], [-100.4444723032782, 20.524521941081257], [-100.4441271222564, 20.524934387269017], [-100.44380014801523, 20.52532507617682], [-100.44344785656895, 20.52574601285143], [-100.44308540409132, 20.526179087455088], [-100.4414490915283, 20.52503873521878], [-100.44180616618503, 20.524587346816688], [-100.44214664270476, 20.52420092762524], [-100.44249828272484, 20.523781999070042], [-100.44284423704016, 20.523368519831823], [-100.44320324726453, 20.522945659718065], [-100.44354841325487, 20.522531754378548], [-100.44390028930668, 20.522117792571283], [-100.4442586380766, 20.521678481900153], [-100.4445970272896, 20.521258307549147], [-100.444939536385, 20.520827872772365], [-100.44533149327498, 20.520389231282206], [-100.44515293519686, 20.520270507440266], [-100.44494313078111, 20.51949439806293], [-100.44492679184907, 20.519433956631183], [-100.4447169795033, 20.518657822959582], [-100.444703187495, 20.51860680351397], [-100.4445658231892, 20.51812305151358], [-100.44419159956243, 20.51740300886537], [-100.44484514286101, 20.51699722210249], [-100.44486209761284, 20.516986694792703], [-100.44492326736257, 20.516948714093576], [-100.44539320467325, 20.517916141574826], [-100.44563560161697, 20.518422013876418], [-100.44586399697074, 20.51887120084382], [-100.44604178901493, 20.519224194497575], [-100.44624015149738, 20.51951105617864], [-100.44641750937939, 20.519712890373], [-100.44680081210979, 20.52010324617308], [-100.4471579685907, 20.520425106867087], [-100.44745517738848, 20.520712229096958], [-100.44752128525016, 20.520765765602068], [-100.44759393479526, 20.52083217196504], [-100.44776510398968, 20.521019877649742], [-100.44793100841625, 20.521360837434504], [-100.44799933924725, 20.5216034648496], [-100.44805122903348, 20.52187121371683], [-100.44806424871253, 20.522185340674792], [-100.44806857536159, 20.52243032960981], [-100.4480557843335, 20.522684121757052]]]]}}, {"type": "Feature", "properties": {"fid": 12946, "CVE_PAIS": "MX", "NOM_PAIS": "MEXICO", "CVE_ENT": "22", "NOM_ENT": "QUERETARO", "CVE_MUN": "006", "CU_MUN": "22006", "NOM_MUN": "CORREGIDORA", "CIRCUNSCRI": "2", "24_D_FEDERAL": 4, "24_D_LOCAL": 8, "24_SECCION": 107, "25_D_FEDERAL": 4, "25_D_LOCAL": 8, "25_SECCION": 107}, "geometry": {"type": "MultiPolygon", "coordinates": [[[[-100.44308540409132, 20.526179087455088], [-100.44271651752366, 20.52661977762213], [-100.44236065033412, 20.527044911193947], [-100.4419206350809, 20.527570567426302], [-100.44184830830446, 20.52766565672141], [-100.4412175592616, 20.528494907697112], [-100.44110168491554, 20.527845136672326], [-100.44104995844533, 20.52755507993276], [-100.44099656919906, 20.527369201663827], [-100.4408826904699, 20.52734183273922], [-100.4407481508103, 20.527368371463243], [-100.44073441192691, 20.52737108153089], [-100.44049252149844, 20.527405899840094], [-100.44028292701528, 20.527425256768424], [-100.43991971226527, 20.527421517442562], [-100.43952447500934, 20.527399793136347], [-100.43940989627227, 20.527390997631777], [-100.43893513979617, 20.527347241261513], [-100.43877355812207, 20.527318845417476], [-100.43846558613856, 20.5272269584949], [-100.43822354666014, 20.527140508208856], [-100.43755393179866, 20.526890576352173], [-100.43663001277616, 20.52654629040565], [-100.43635796242167, 20.52644854389237], [-100.43622228997047, 20.526404255504403], [-100.4356499523922, 20.526213949583084], [-100.4361010753566, 20.52571312007763], [-100.43583811067066, 20.525473154177842], [-100.43456414391406, 20.52438101628455], [-100.43450798535771, 20.52433024569224], [-100.43453769302451, 20.524304274485537], [-100.43510408827873, 20.523811032280594], [-100.4352620045808, 20.523704406200956], [-100.43528586600281, 20.523670817652214], [-100.43534324380315, 20.52359004966742], [-100.43538740668245, 20.523632542927878], [-100.43602654332808, 20.524124965068573], [-100.43664452083026, 20.52453031283242], [-100.43669803226628, 20.52456541218482], [-100.43673494368377, 20.524583673179908], [-100.43842867129658, 20.52542158878826], [-100.4385534465044, 20.525467695097962], [-100.43859638311822, 20.525408461259378], [-100.4386393196998, 20.52534922741173], [-100.43881766003632, 20.52510319457601], [-100.43915189718841, 20.524695834438134], [-100.4394979638786, 20.524293165739632], [-100.4398552450799, 20.523863390035242], [-100.44020709312036, 20.52346607473818], [-100.44056426936505, 20.523025493290096], [-100.44090454370645, 20.522617467542233], [-100.44125618394851, 20.522198541446148], [-100.4415880820412, 20.52178290397586], [-100.4419334278694, 20.52138797098326], [-100.44227056495738, 20.520963963298634], [-100.44390028930668, 20.522117792571283], [-100.44354841325487, 20.522531754378548], [-100.44320324726453, 20.522945659718065], [-100.44284423704016, 20.523368519831823], [-100.44249828272484, 20.523781999070042], [-100.44214664270476, 20.52420092762524], [-100.44180616618503, 20.524587346816688], [-100.4414490915283, 20.52503873521878], [-100.44308540409132, 20.526179087455088]]]]}}, {"type": "Feature", "properties": {"fid": 12947, "CVE_PAIS": "MX", "NOM_PAIS": "MEXICO", "CVE_ENT": "22", "NOM_ENT": "QUERETARO", "CVE_MUN": "006", "CU_MUN": "22006", "NOM_MUN": "CORREGIDORA", "CIRCUNSCRI": "2", "24_D_FEDERAL": 4, "24_D_LOCAL": 8, "24_SECCION": 108, "25_D_FEDERAL": 4, "25_D_LOCAL": 8, "25_SECCION": 108}, "geometry": {"type": "MultiPolygon", "coordinates": [[[[-100.43881766003632, 20.52510319457601], [-100.4372114681047, 20.523991916541053], [-100.43756999362189, 20.52356899197614], [-100.43791601186311, 20.52316092404513], [-100.43827695306658, 20.5227436858785], [-100.4386221027055, 20.522332713748423], [-100.43895496625994, 20.521926385022418], [-100.43934543681715, 20.521474243243684], [-100.43969702859188, 20.521049917917868], [-100.44002681292537, 20.520638655145987], [-100.4403588552754, 20.520256482791652], [-100.4406575333523, 20.519878702777973], [-100.44106344902812, 20.519376771543914], [-100.44116934477454, 20.519291715616486], [-100.44133572925348, 20.51922623718025], [-100.44155733859687, 20.51911368435842], [-100.4417834597306, 20.518992577056306], [-100.44212321277118, 20.518717838607355], [-100.44257715151, 20.51833333776724], [-100.44293469893627, 20.518082591057723], [-100.44297228949698, 20.518056228846653], [-100.44297279631007, 20.517998060788727], [-100.44403171368222, 20.517263589889474], [-100.44406951684253, 20.51724113869878], [-100.44419159956243, 20.51740300886537], [-100.4445658231892, 20.51812305151358], [-100.444703187495, 20.51860680351397], [-100.4447169795033, 20.518657822959582], [-100.44492679184907, 20.519433956631183], [-100.44494313078111, 20.51949439806293], [-100.44515293519686, 20.520270507440266], [-100.44533149327498, 20.520389231282206], [-100.444939536385, 20.520827872772365], [-100.4445970272896, 20.521258307549147], [-100.4442586380766, 20.521678481900153], [-100.44390028930668, 20.522117792571283], [-100.44227056495738, 20.520963963298634], [-100.4419334278694, 20.52138797098326], [-100.4415880820412, 20.52178290397586], [-100.44125618394851, 20.522198541446148], [-100.44090454370645, 20.522617467542233], [-100.44056426936505, 20.523025493290096], [-100.44020709312036, 20.52346607473818], [-100.4398552450799, 20.523863390035242], [-100.4394979638786, 20.524293165739632], [-100.43915189718841, 20.524695834438134], [-100.43881766003632, 20.52510319457601]]]]}}, {"type": "Feature", "properties": {"fid": 12948, "CVE_PAIS": "MX", "NOM_PAIS": "MEXICO", "CVE_ENT": "22", "NOM_ENT": "QUERETARO", "CVE_MUN": "006", "CU_MUN": "22006", "NOM_MUN": "CORREGIDORA", "CIRCUNSCRI": "2", "24_D_FEDERAL": 4, "24_D_LOCAL": 8, "24_SECCION": 109, "25_D_FEDERAL": 4, "25_D_LOCAL": 8, "25_SECCION": 109}, "geometry": {"type": "MultiPolygon", "coordinates": [[[[-100.4385534465044, 20.525467695097962], [-100.43842867129658, 20.52542158878826], [-100.43673494368377, 20.524583673179908], [-100.43669803226628, 20.52456541218482], [-100.43664452083026, 20.52453031283242], [-100.43602654332808, 20.524124965068573], [-100.43538740668245, 20.523632542927878], [-100.43534324379668, 20.523590049900736], [-100.43517747797046, 20.523430551580606], [-100.43429487235096, 20.522581308114116], [-100.43392575034335, 20.522226134465175], [-100.4334166981314, 20.521647238752887], [-100.43223030455444, 20.52019643623254], [-100.43162088023381, 20.519269637821175], [-100.43074168733115, 20.517932556599526], [-100.43009924329957, 20.516848863934268], [-100.43003901432506, 20.516747267036976], [-100.43200796282038, 20.51540178187197], [-100.43282758306493, 20.51484167950176], [-100.43335222028368, 20.514699703045203], [-100.43374153263336, 20.514668957824682], [-100.43410145625313, 20.514620102238148], [-100.43467478728219, 20.514477719394304], [-100.43531535076266, 20.514233840317274], [-100.43568355771473, 20.514028917564037], [-100.43602314509053, 20.513888464348145], [-100.43632428867384, 20.513803385939262], [-100.43675238310561, 20.513753960661038], [-100.43718193279915, 20.51386051764824], [-100.4375535619912, 20.514022610605828], [-100.43786769927254, 20.514286117316622], [-100.43823079062189, 20.514576746193093], [-100.43835740005855, 20.514575696652994], [-100.43822479243404, 20.51393446232336], [-100.43820017308816, 20.51338409470222], [-100.43823818700437, 20.513282841468826], [-100.43843254063272, 20.513235349422132], [-100.43854009926483, 20.513280338704863], [-100.43878511977596, 20.51344347865042], [-100.43930635198721, 20.513980551079005], [-100.43954309327844, 20.5142997537528], [-100.43963357626492, 20.514601817277512], [-100.43978930636199, 20.514355499758196], [-100.43981606876238, 20.5143131697143], [-100.43990164765393, 20.5141778095508], [-100.44004420910645, 20.514440660258696], [-100.44013776489246, 20.51469823274262], [-100.44021281981274, 20.514822127248262], [-100.44028197939092, 20.51508515675375], [-100.44027542316758, 20.515489894252205], [-100.44028108743049, 20.51576752106882], [-100.4402686210637, 20.51602947275219], [-100.44031981956283, 20.5162809066401], [-100.44041705907136, 20.51651838633637], [-100.44059541925064, 20.51674470477173], [-100.44081298913933, 20.516932805600344], [-100.4410039080457, 20.517040172069045], [-100.44123200961089, 20.517060365742132], [-100.44169714728118, 20.517035049807184], [-100.44206918968148, 20.51701316433191], [-100.44257336670897, 20.51694554882218], [-100.44289632714347, 20.51686418374941], [-100.44319957945491, 20.51668973583297], [-100.443283364182, 20.51664153795061], [-100.44356373613142, 20.51651679788097], [-100.44383507897629, 20.516314759812754], [-100.44409217623576, 20.51619087709239], [-100.4442604029565, 20.516172416441673], [-100.44438309627063, 20.516180149577096], [-100.44461812484239, 20.516367601747746], [-100.44474977442104, 20.516591552479085], [-100.44492326736257, 20.516948714093576], [-100.44486209761284, 20.516986694792703], [-100.44484514286101, 20.51699722210249], [-100.44419159956243, 20.51740300886537], [-100.44406951684253, 20.51724113869878], [-100.44403171368222, 20.517263589889474], [-100.44297279631007, 20.517998060788727], [-100.44297228949698, 20.518056228846653], [-100.44293469893627, 20.518082591057723], [-100.44257715151, 20.51833333776724], [-100.44212321277118, 20.518717838607355], [-100.4417834597306, 20.518992577056306], [-100.44155733859687, 20.51911368435842], [-100.44133572925348, 20.51922623718025], [-100.44116934477454, 20.519291715616486], [-100.44106344902812, 20.519376771543914], [-100.4406575333523, 20.519878702777973], [-100.4403588552754, 20.520256482791652], [-100.44002681292537, 20.520638655145987], [-100.43969702859188, 20.521049917917868], [-100.43934543681715, 20.521474243243684], [-100.43895496625994, 20.521926385022418], [-100.4386221027055, 20.522332713748423], [-100.43827695306658, 20.5227436858785], [-100.43791601186311, 20.52316092404513], [-100.43756999362189, 20.52356899197614], [-100.4372114681047, 20.523991916541053], [-100.43881766003632, 20.52510319457601], [-100.4386393196998, 20.52534922741173], [-100.43859638311822, 20.525408461259378], [-100.4385534465044, 20.525467695097962]]]]}}, {"type": "Feature", "properties": {"fid": 12949, "CVE_PAIS": "MX", "NOM_PAIS": "MEXICO", "CVE_ENT": "22", "NOM_ENT": "QUERETARO", "CVE_MUN": "006", "CU_MUN": "22006", "NOM_MUN": "CORREGIDORA", "CIRCUNSCRI": "2", "24_D_FEDERAL": 4, "24_D_LOCAL": 6, "24_SECCION": 110, "25_D_FEDERAL": 4, "25_D_LOCAL": 6, "25_SECCION": 110}, "geometry": {"type": "MultiPolygon", "coordinates": [[[[-100.41332160997055, 20.56360228087165], [-100.41326781197516, 20.56357026750019], [-100.41324089066319, 20.563552934695597], [-100.41320111244958, 20.563519782544173], [-100.41296199880077, 20.56337075112298], [-100.41274321909894, 20.56322533305591], [-100.41211845828228, 20.562290537741344], [-100.41282176611966, 20.561595756245723], [-100.41335682281363, 20.561048322163273], [-100.4134403090024, 20.560962904147566], [-100.41365369360132, 20.560724257328097], [-100.41362903877844, 20.560659372537945], [-100.41359792501278, 20.560577487929656], [-100.41344280240784, 20.560169237725674], [-100.41336830342892, 20.559991138375135], [-100.4131903312288, 20.55956567106912], [-100.4128550103738, 20.558764032373265], [-100.41276917971804, 20.558665317101454], [-100.41323601752362, 20.558378492482376], [-100.41361388054501, 20.558110249027735], [-100.41370439700664, 20.558044699604608], [-100.41383745691732, 20.55793362333774], [-100.4139505026974, 20.55780694492338], [-100.4142650350524, 20.557396476592746], [-100.41474698395669, 20.557127749681772], [-100.41459810070054, 20.556929353865875], [-100.41406954349011, 20.556363350157866], [-100.41449414177904, 20.555972880921175], [-100.41513633568053, 20.555796300021754], [-100.41514909016448, 20.555234263696658], [-100.41623838086153, 20.55521764045481], [-100.41618637231957, 20.554223725730548], [-100.41617086799788, 20.55347014478378], [-100.41615650907829, 20.55322084343445], [-100.41614177757059, 20.552205085787172], [-100.41611987178477, 20.55118787541416], [-100.41694014854036, 20.551161543202138], [-100.41706219236492, 20.551202592714795], [-100.41753924813266, 20.550835486594757], [-100.4178597487756, 20.551143848780207], [-100.41812416858288, 20.551417313847292], [-100.41847819149106, 20.55181771269347], [-100.41865290757389, 20.55199182429808], [-100.41900178697183, 20.55235348223265], [-100.41908964631372, 20.55243348661206], [-100.41924802851327, 20.551815486785255], [-100.41965609434067, 20.55197916652326], [-100.41944268140257, 20.552754919220035], [-100.41940520976007, 20.5528839409637], [-100.41931028849523, 20.553082164296022], [-100.41916627489474, 20.553266396903535], [-100.41893582192243, 20.553602328479638], [-100.41853458951714, 20.554011914812676], [-100.41824366607396, 20.554993056488616], [-100.41833633614914, 20.555052072616885], [-100.4183603911557, 20.555067391821712], [-100.41836718666474, 20.554998364868872], [-100.4185743001409, 20.554588016549904], [-100.41887156104605, 20.554238007408223], [-100.41925811301321, 20.553852508839494], [-100.41960359286901, 20.553586514486845], [-100.42015442487367, 20.553294009455083], [-100.42073858518121, 20.552971809562994], [-100.42096926101725, 20.552844576936494], [-100.42111069282463, 20.552766567907756], [-100.4218036376757, 20.552384360088904], [-100.42195371082846, 20.55229486309647], [-100.42213313488938, 20.552267896596607], [-100.42230204212467, 20.552361154806924], [-100.42238197607446, 20.552349925722414], [-100.42245762635295, 20.552410037311027], [-100.4224898975439, 20.55243812133525], [-100.42238120600744, 20.552570503033436], [-100.42235625533864, 20.552600882714025], [-100.42120233923265, 20.55400610302155], [-100.42074802747432, 20.554559347216525], [-100.41969470069263, 20.555842032607355], [-100.41968194374607, 20.55585740636202], [-100.41956869995201, 20.555995467316503], [-100.41800609675022, 20.557898267907103], [-100.4176143185214, 20.558375334280232], [-100.41691935960404, 20.559221573590964], [-100.41657531559505, 20.559640502487493], [-100.41616421910602, 20.56014107483207], [-100.41588585082991, 20.56048002821487], [-100.41447656836887, 20.562196003303065], [-100.4144484892382, 20.56223019262075], [-100.41437879114947, 20.562315057349174], [-100.41436023475997, 20.562337651678693], [-100.4143356639019, 20.562367569235093], [-100.41427427313037, 20.56244231877386], [-100.4141655270967, 20.562574727794107], [-100.41409312812232, 20.56266288069033], [-100.41406586681434, 20.562696074029034], [-100.41401553694382, 20.56275735593712], [-100.413985964529, 20.562793363522015], [-100.41390310540179, 20.56289425327902], [-100.41386893760006, 20.562935856145906], [-100.41332160997055, 20.56360228087165]]]]}}, {"type": "Feature", "properties": {"fid": 12950, "CVE_PAIS": "MX", "NOM_PAIS": "MEXICO", "CVE_ENT": "22", "NOM_ENT": "QUERETARO", "CVE_MUN": "006", "CU_MUN": "22006", "NOM_MUN": "CORREGIDORA", "CIRCUNSCRI": "2", "24_D_FEDERAL": 4, "24_D_LOCAL": 6, "24_SECCION": 111, "25_D_FEDERAL": 4, "25_D_LOCAL": 6, "25_SECCION": 111}, "geometry": {"type": "MultiPolygon", "coordinates": [[[[-100.41043595573552, 20.563942973360792], [-100.41041375626477, 20.56393248881079], [-100.41039128922124, 20.563921930771883], [-100.40961839173038, 20.56354903207299], [-100.40952056100102, 20.56195488616575], [-100.409768141466, 20.562079971233356], [-100.41097793260099, 20.56283824633479], [-100.41169251898047, 20.56206429504219], [-100.41195138787538, 20.561782896507243], [-100.41193755983596, 20.561249471565453], [-100.41193569801275, 20.56073108561474], [-100.41199444466196, 20.560678059566424], [-100.41172309018454, 20.55844912289193], [-100.41172675847967, 20.55831321011591], [-100.41183587345502, 20.55818787670652], [-100.4118988638504, 20.55813784749406], [-100.41199596401135, 20.55806072698732], [-100.41216987544405, 20.55793346444937], [-100.41223806386574, 20.557833100622236], [-100.41228715743537, 20.557730367428096], [-100.41217901798007, 20.557258702494458], [-100.41198574892532, 20.556465903503398], [-100.41186934262568, 20.556022487998128], [-100.41171682682428, 20.55544151944323], [-100.41166633493292, 20.55512418119064], [-100.41158068353127, 20.554746023684665], [-100.41151272924797, 20.55453525277831], [-100.41156799661033, 20.554320319511092], [-100.41157398292255, 20.554297038873443], [-100.41169583489851, 20.553156335487017], [-100.41177426416495, 20.552289961814292], [-100.41236239316646, 20.552304309131323], [-100.41295027376242, 20.55227957568069], [-100.41327060860392, 20.55226356995777], [-100.41349978232941, 20.552257626587455], [-100.41400566430758, 20.552241277264237], [-100.41455911817884, 20.552224538049146], [-100.41508229867068, 20.552208044347147], [-100.41614177755329, 20.552205086474622], [-100.41615650903259, 20.553220843435096], [-100.41617086799788, 20.55347014478378], [-100.41618637231957, 20.554223725730548], [-100.41623838086153, 20.55521764045481], [-100.41514909016448, 20.555234263696658], [-100.41513633568053, 20.555796300021754], [-100.41449414177904, 20.555972880921175], [-100.41406954349011, 20.556363350157866], [-100.41459810070054, 20.556929353865875], [-100.41474698395669, 20.557127749681772], [-100.4142650350524, 20.557396476592746], [-100.4139505026974, 20.55780694492338], [-100.41383745691732, 20.55793362333774], [-100.41370439700664, 20.558044699604608], [-100.41361388054501, 20.558110249027735], [-100.41323601752362, 20.558378492482376], [-100.41276917971804, 20.558665317101454], [-100.4128550103738, 20.558764032373265], [-100.4131903312288, 20.55956567106912], [-100.41336830342892, 20.559991138375135], [-100.41344280240784, 20.560169237725674], [-100.41359792501278, 20.560577487929656], [-100.41362903877844, 20.560659372537945], [-100.41365369318885, 20.56072425746706], [-100.4134403090024, 20.560962904147566], [-100.41335682281363, 20.561048322163273], [-100.41282176611966, 20.561595756245723], [-100.41211845828228, 20.562290537741344], [-100.41205003366147, 20.562222601043466], [-100.41201476142189, 20.562187580287755], [-100.4119510863917, 20.562263842344898], [-100.41153460941698, 20.562684875912467], [-100.4108119662814, 20.56345198115836], [-100.4105430480167, 20.563808799158963], [-100.41043595573552, 20.563942973360792]]]]}}, {"type": "Feature", "properties": {"fid": 12951, "CVE_PAIS": "MX", "NOM_PAIS": "MEXICO", "CVE_ENT": "22", "NOM_ENT": "QUERETARO", "CVE_MUN": "006", "CU_MUN": "22006", "NOM_MUN": "CORREGIDORA", "CIRCUNSCRI": "2", "24_D_FEDERAL": 4, "24_D_LOCAL": 8, "24_SECCION": 113, "25_D_FEDERAL": 4, "25_D_LOCAL": 8, "25_SECCION": 113}, "geometry": {"type": "MultiPolygon", "coordinates": [[[[-100.43810169381395, 20.531350021836577], [-100.43524078045803, 20.531464737628454], [-100.43516662909835, 20.531467710292404], [-100.43345021710634, 20.53153651089214], [-100.43344955416555, 20.53160119094254], [-100.4334403443611, 20.532499761381725], [-100.43484340362129, 20.532386068589815], [-100.43569605027565, 20.53236569446412], [-100.43572847086752, 20.533315278358277], [-100.4359927688096, 20.533361913626415], [-100.43619585919699, 20.533413494095495], [-100.43645127318139, 20.533517903535703], [-100.43666860323982, 20.533602835077286], [-100.43685365520264, 20.533718742926933], [-100.4370474062459, 20.533779276879887], [-100.43729744642012, 20.533812712596934], [-100.43753748310581, 20.533784091064476], [-100.43779631762641, 20.533770418800273], [-100.43736652585683, 20.534305219129394], [-100.43667307280606, 20.535168089946154], [-100.43626976787459, 20.535656031035572], [-100.43478233694773, 20.53745557562291], [-100.43398014619707, 20.53842591253145], [-100.43305501551137, 20.539539531874652], [-100.43229811548895, 20.54045087658745], [-100.4316387591492, 20.541249476670437], [-100.4309521503509, 20.54208108782203], [-100.4306372716582, 20.542462457589295], [-100.43043421364999, 20.542709719133125], [-100.43041682912155, 20.54272944827151], [-100.4290922619664, 20.544333683680602], [-100.42867207950928, 20.5448425744709], [-100.42779988208126, 20.54590486051973], [-100.42698880007376, 20.546892695140862], [-100.42685989651217, 20.547049688170762], [-100.4257311378184, 20.548446098333507], [-100.42566326164224, 20.548532581489702], [-100.42561211055899, 20.54859334753394], [-100.42558616110482, 20.548625449461383], [-100.42388777636404, 20.55072375151871], [-100.42387563893979, 20.550739072337375], [-100.42386313102705, 20.550754126731697], [-100.4237821991564, 20.55085387483864], [-100.42376148231331, 20.550879407934957], [-100.42302583883894, 20.551786075158574], [-100.42292130002514, 20.551913869379145], [-100.42288117958196, 20.551962806089207], [-100.42255324045951, 20.552361191795708], [-100.4225325760939, 20.55238629320888], [-100.42248989754991, 20.55243812110619], [-100.42245762635895, 20.552410037081962], [-100.42238197608046, 20.552349925493353], [-100.42230204213068, 20.552361154577778], [-100.42213313489539, 20.552267896367542], [-100.42195371083444, 20.552294862867313], [-100.42180363768166, 20.552384359859754], [-100.4211106928306, 20.55276656767869], [-100.4209692610232, 20.55284457670743], [-100.42073858518715, 20.552971809334014], [-100.42015442487958, 20.553294009226114], [-100.41960359287492, 20.553586514257873], [-100.41925811301911, 20.553852508610525], [-100.41887156105192, 20.55423800717943], [-100.41857430014677, 20.55458801632112], [-100.4183671866706, 20.554998364640177], [-100.41836039116157, 20.555067391592925], [-100.41833633615498, 20.555052072388097], [-100.41824366607982, 20.55499305625992], [-100.41853458952299, 20.554011914583803], [-100.4189358219283, 20.553602328250673], [-100.41916627490062, 20.553266396674474], [-100.41931028850111, 20.553082164066964], [-100.41940520976597, 20.552883940734635], [-100.41944268140847, 20.55275491899098], [-100.41965609434658, 20.55197916629411], [-100.41924802851915, 20.551815486556016], [-100.41928198278428, 20.551645582619436], [-100.41958087824959, 20.550602777860043], [-100.41979908552506, 20.549971521908112], [-100.41912370934436, 20.549350589218868], [-100.41905909802497, 20.549291359184895], [-100.41859957649912, 20.54887103951761], [-100.41855933147447, 20.548835978630354], [-100.41842691475358, 20.5487189605886], [-100.41888214128006, 20.54820563398616], [-100.41890397595012, 20.54818175398942], [-100.41879639181116, 20.548096499455824], [-100.41874615050921, 20.548056670473596], [-100.41871544589945, 20.54803235450663], [-100.41842302095505, 20.547826422077936], [-100.41838934485699, 20.54780270644905], [-100.41772700316457, 20.547336264395003], [-100.41733161125345, 20.54705781419866], [-100.41706082003114, 20.54688842006434], [-100.4182678681608, 20.546154013238024], [-100.41793460605719, 20.545836599497807], [-100.4178470306058, 20.545753187474702], [-100.417758142224, 20.545673995793386], [-100.41772142225548, 20.545641289632023], [-100.41759231303817, 20.545530335924564], [-100.41729492054566, 20.54527955804401], [-100.41673935378267, 20.544811068204833], [-100.4166819522485, 20.544822979599275], [-100.41662760163453, 20.544776994037594], [-100.41625907548077, 20.54446518243741], [-100.41622528198914, 20.544436589552433], [-100.41618116709706, 20.544398884331688], [-100.41611770329355, 20.544344640753252], [-100.41605389342854, 20.544290101325412], [-100.41497331548199, 20.543356087642472], [-100.41490050445566, 20.543293168071603], [-100.41449382343963, 20.54373023682547], [-100.41437700610176, 20.543855781999216], [-100.41427560205764, 20.54396476213443], [-100.41417407654646, 20.544073872605825], [-100.41410293852589, 20.544150325217654], [-100.41388007472565, 20.54438983810927], [-100.4137920738303, 20.544466395421296], [-100.41331947765045, 20.544877531007348], [-100.41315178416902, 20.544710405466997], [-100.41295593764389, 20.54480584905639], [-100.41293448195086, 20.544816305690226], [-100.41290536831093, 20.544830493395054], [-100.41204656268681, 20.545249018773948], [-100.41187148818791, 20.54533433722775], [-100.41028833448212, 20.546105842236727], [-100.41023513855099, 20.546131765386775], [-100.41020681528504, 20.54614474611083], [-100.40980315918738, 20.546311736325872], [-100.40973889821228, 20.546336570822945], [-100.40969099078376, 20.546140961109778], [-100.40919610216476, 20.544368112333206], [-100.4089564850695, 20.54323160979691], [-100.40902853071547, 20.54331325331275], [-100.4095550182373, 20.543056499267067], [-100.41137700056757, 20.542006503264094], [-100.41167381884102, 20.541786155828603], [-100.41252651198194, 20.5408147978694], [-100.41280307749052, 20.540580628669662], [-100.413591597342, 20.53992845674999], [-100.4140653244747, 20.539548495374778], [-100.41422631168761, 20.539456541500424], [-100.41430884044311, 20.539394067827395], [-100.41441567996519, 20.53931497133823], [-100.4144519922507, 20.539265179113602], [-100.41447017546774, 20.539235223608625], [-100.4145123121995, 20.53916580641101], [-100.41454215008176, 20.539081102288204], [-100.41460186363622, 20.538915814202575], [-100.41472641962717, 20.538691459393302], [-100.41478507627973, 20.538567959618245], [-100.4148401484335, 20.538431309121044], [-100.415149143974, 20.53755762649588], [-100.41517838007141, 20.5374798022262], [-100.41530308431018, 20.53709177665435], [-100.41533391464029, 20.536995845737536], [-100.41538133612235, 20.53684828975585], [-100.41558718788069, 20.536901878370184], [-100.41610405784667, 20.537045660061473], [-100.41615162777319, 20.537058892606517], [-100.4162657595948, 20.537081039526814], [-100.41665117306366, 20.537155826168096], [-100.41682054772878, 20.537195716343263], [-100.4172315130082, 20.537292503804366], [-100.41818277253391, 20.537532211207242], [-100.41874697151994, 20.53769774984852], [-100.41963978416923, 20.537959700719394], [-100.42105321136148, 20.538311773576844], [-100.42153523359896, 20.53855723463191], [-100.42157786292373, 20.538578319706303], [-100.4217030106612, 20.53843525807703], [-100.42174367702998, 20.53846310994234], [-100.42182084329184, 20.538515960052045], [-100.42184942833096, 20.538535537532912], [-100.42174428215641, 20.538647563496877], [-100.42178373786477, 20.538664612075287], [-100.42395845484944, 20.539583561571668], [-100.42443079831452, 20.5396808885046], [-100.42415732545123, 20.53953310872839], [-100.42401650452969, 20.539443128020533], [-100.42393025021299, 20.53935700523337], [-100.4238213962145, 20.539248317017858], [-100.42361702621375, 20.53904425764017], [-100.4235114399917, 20.538938831577447], [-100.42321644490752, 20.538630584349228], [-100.42279056525128, 20.53818556956425], [-100.42248127973419, 20.53786238520445], [-100.42258117715737, 20.537614169755248], [-100.42267200661367, 20.53669562378399], [-100.42296383111233, 20.53671253501972], [-100.42312717438341, 20.534910164120177], [-100.4231348888792, 20.53482503975274], [-100.42324061496784, 20.533766752975872], [-100.42324464325365, 20.533741125978963], [-100.42303680669711, 20.533696548131843], [-100.42297914750205, 20.53368418118604], [-100.4229833613836, 20.533655223355662], [-100.4230328677836, 20.53304932958056], [-100.4230869634146, 20.533053735081978], [-100.42337925767812, 20.531461741140312], [-100.4235817156537, 20.530607939988688], [-100.42373116066983, 20.527842485849906], [-100.42387231791939, 20.52696356339087], [-100.4238886008431, 20.526497875557297], [-100.42374580307606, 20.52615095633975], [-100.42374525430537, 20.52610038355151], [-100.42376243686634, 20.52588760016738], [-100.42371509513927, 20.525731485902458], [-100.42539918263768, 20.525100509210848], [-100.42644496880338, 20.52471892861957], [-100.42680297868098, 20.524588298135644], [-100.42803044024639, 20.524138973051894], [-100.42832494182024, 20.524046807001085], [-100.42862365601646, 20.523988371254234], [-100.4289473421429, 20.523959441928856], [-100.42916841168068, 20.52396551077164], [-100.42938761503108, 20.523985438024923], [-100.42967440908086, 20.524034647691263], [-100.43000152606001, 20.524132439414405], [-100.43100602777098, 20.52449351558909], [-100.43236627637012, 20.524987398458926], [-100.43240771128977, 20.52500243353874], [-100.43564995239868, 20.526213949350225], [-100.43622228997047, 20.526404255504403], [-100.43635796242167, 20.52644854389237], [-100.43663001277616, 20.52654629040565], [-100.43755393179866, 20.526890576352173], [-100.43775329195813, 20.528730221080547], [-100.43783537610909, 20.529347461427843], [-100.43792590122305, 20.53002816717139], [-100.43810169381395, 20.531350021836577]]]]}}, {"type": "Feature", "properties": {"fid": 12952, "CVE_PAIS": "MX", "NOM_PAIS": "MEXICO", "CVE_ENT": "22", "NOM_ENT": "QUERETARO", "CVE_MUN": "006", "CU_MUN": "22006", "NOM_MUN": "CORREGIDORA", "CIRCUNSCRI": "2", "24_D_FEDERAL": 4, "24_D_LOCAL": 8, "24_SECCION": 114, "25_D_FEDERAL": 4, "25_D_LOCAL": 8, "25_SECCION": 114}, "geometry": {"type": "MultiPolygon", "coordinates": [[[[-100.47972691799315, 20.534087622729196], [-100.47978628548196, 20.533490192682123], [-100.4799448673063, 20.53224439942457], [-100.47996451224577, 20.531304110579725], [-100.47994153624991, 20.531022916726613], [-100.47989315703784, 20.530741988240027], [-100.47983283878347, 20.530473960788175], [-100.47958845760186, 20.529748308838855], [-100.47936927726978, 20.529243764258503], [-100.47919340324752, 20.528858006302883], [-100.47888442162491, 20.528149013065224], [-100.47861494748548, 20.5275290495563], [-100.47823807542065, 20.526701477149302], [-100.47796563384235, 20.52613780590897], [-100.47776581034313, 20.525818448174675], [-100.47751332121987, 20.525502848761388], [-100.47725057941904, 20.52521712538521], [-100.47694612477642, 20.52497809545489], [-100.47665255995373, 20.524775381167633], [-100.47635238219328, 20.524615751401395], [-100.47543833908418, 20.524193242112663], [-100.47468312325142, 20.523845505193908], [-100.47417858242994, 20.52362472071349], [-100.47368151294295, 20.52345020992294], [-100.47330810248687, 20.523347465249554], [-100.4730581602974, 20.52329662969841], [-100.47268183900692, 20.523256796644333], [-100.47210881179444, 20.523221942371144], [-100.47167298834604, 20.52320578150842], [-100.470051191323, 20.523153056777186], [-100.47000876428737, 20.523152688595236], [-100.47001028277394, 20.523090945819295], [-100.47000914330518, 20.522971638578323], [-100.4700086564772, 20.522920665351975], [-100.47047955410882, 20.522877446240525], [-100.4712782100594, 20.522550306150514], [-100.47140924290603, 20.522474460115728], [-100.47226659307199, 20.522249588070185], [-100.47286611447194, 20.52212000774437], [-100.47330714187736, 20.522022109735758], [-100.47437857891013, 20.521889561221197], [-100.47699202115656, 20.52159742319277], [-100.47804588553616, 20.521485924669637], [-100.47934997505263, 20.521211181020586], [-100.48037905828974, 20.520946671791148], [-100.48093629199701, 20.520782569351162], [-100.48224273378628, 20.520380105692226], [-100.4828426442077, 20.520201513405755], [-100.48300953817743, 20.520149534695346], [-100.48345528161528, 20.520010708071684], [-100.48514904707555, 20.51936690056921], [-100.48635636242177, 20.5189007106898], [-100.48735256485037, 20.51850506492971], [-100.48852050322664, 20.518010260901313], [-100.48921332692007, 20.51773449851549], [-100.49059202430995, 20.51718738841587], [-100.49197137614956, 20.516708886435868], [-100.49277083334918, 20.51652358627039], [-100.49329351555177, 20.516340665093757], [-100.49380043123548, 20.516034354621777], [-100.49417704148354, 20.515811514079484], [-100.49485888962309, 20.515517418843892], [-100.49613584327855, 20.51499859289848], [-100.4972383866088, 20.51452243763658], [-100.4985580884077, 20.513907152030438], [-100.49967438043127, 20.513348514405525], [-100.50071796468731, 20.51280422367575], [-100.50098300701117, 20.512533568250028], [-100.50180398768, 20.517269119710026], [-100.5025048668947, 20.51717750130688], [-100.50362613351514, 20.51918548408559], [-100.50362887484981, 20.52228498778398], [-100.50363183291115, 20.525629383587525], [-100.5037218579914, 20.525722665029928], [-100.50410585805055, 20.5261205531418], [-100.50458029896913, 20.526653024612493], [-100.5046447121907, 20.527230713321206], [-100.50470747488119, 20.527643188258676], [-100.50476899954354, 20.527931752880654], [-100.50465503159305, 20.528263298847282], [-100.50448118958084, 20.528471493750494], [-100.50430899793054, 20.528844902194724], [-100.50419502842877, 20.529176447928897], [-100.50413969421065, 20.529507434465973], [-100.5042594419344, 20.52975413664267], [-100.50443658767549, 20.529876369209077], [-100.50449811302336, 20.53016493383159], [-100.50444360481895, 20.530578527233878], [-100.50427141107453, 20.53095193570546], [-100.50427512580607, 20.531323666413996], [-100.50421938868053, 20.531735608879856], [-100.50427717271452, 20.53220297620072], [-100.50479933577886, 20.53213982521532], [-100.50698064852901, 20.531875997377515], [-100.50686187421212, 20.533309097287678], [-100.50681085705182, 20.533873275249984], [-100.50680756062758, 20.533904595702232], [-100.50498775277094, 20.551193892704273], [-100.5050610565469, 20.55234852698299], [-100.50488461909919, 20.55284819469511], [-100.50476544601025, 20.555033399815233], [-100.49807721500989, 20.55464073781509], [-100.49591629200975, 20.55446356881511], [-100.49420543100968, 20.554327630815074], [-100.49154056900952, 20.55412115381501], [-100.49150395400953, 20.554115430815095], [-100.49064729200948, 20.55405898481506], [-100.4905544310095, 20.55405286181504], [-100.4905238460095, 20.55405084581504], [-100.4889978620094, 20.553950261815014], [-100.48894729200941, 20.553945230815003], [-100.48666689200928, 20.553845476814935], [-100.48656383100926, 20.553832214814992], [-100.48500338500922, 20.553804214815017], [-100.4849778770092, 20.55421863081503], [-100.4849748620092, 20.55426763081506], [-100.4848477850092, 20.55633175381536], [-100.48483612300922, 20.556408261815374], [-100.4847244000092, 20.558309461815764], [-100.4846939380092, 20.558827584815788], [-100.48469010800919, 20.558896814815796], [-100.48459130800917, 20.55999529181596], [-100.4845096000092, 20.560903937816107], [-100.4845063850092, 20.560973076816104], [-100.48444861500919, 20.562050553816285], [-100.48442470800917, 20.562496261816364], [-100.48441787700918, 20.562623707816428], [-100.48438827700917, 20.563175784816504], [-100.48439364600917, 20.563227307816422], [-100.48434475400919, 20.564196214816608], [-100.48430106200922, 20.565061784816738], [-100.4843081690092, 20.565104476816742], [-100.48424070800918, 20.566852399817062], [-100.48424604600919, 20.566901184817073], [-100.48409258500921, 20.568539445817343], [-100.48400446394741, 20.570132224330486], [-100.48268794398597, 20.57036761206477], [-100.48254370353852, 20.57039340160656], [-100.48239946303461, 20.57041919103091], [-100.4823382144904, 20.57043014190058], [-100.48248350284811, 20.569754059424522], [-100.48325412680994, 20.56578445912369], [-100.4832305473206, 20.56517282150485], [-100.48321227462367, 20.56443278774076], [-100.48316776855991, 20.5641601126003], [-100.4829578227008, 20.564168270682153], [-100.48058521807894, 20.56426044770303], [-100.47939066882424, 20.554470041998986], [-100.47880034785186, 20.553564542053135], [-100.47704983381453, 20.547738927785044], [-100.47712585713096, 20.54751836200119], [-100.477008829811, 20.547062081420563], [-100.47699390632351, 20.546664705343595], [-100.47648917514486, 20.545155206360203], [-100.4762474027497, 20.544759762736227], [-100.47619839134508, 20.544612237227156], [-100.47624518712644, 20.544363772499093], [-100.47606122270102, 20.543875184826856], [-100.47564477689909, 20.5432974197595], [-100.47549306425658, 20.543028229714494], [-100.47518454241927, 20.5426199031146], [-100.47514289117711, 20.5424125395371], [-100.47522554828043, 20.542263892846375], [-100.47569187424502, 20.54175781286636], [-100.4763155740707, 20.541284761917105], [-100.47646329775968, 20.54113854920211], [-100.47656644610508, 20.54097627802008], [-100.47651883567468, 20.54080931369079], [-100.476178173657, 20.54035792560636], [-100.47587187321042, 20.540015333505824], [-100.47524114099211, 20.539121542459924], [-100.4751381030018, 20.539029747394647], [-100.47507952759666, 20.538935852423926], [-100.47501141548474, 20.538851556931153], [-100.47412146546775, 20.5376396988639], [-100.47297738434644, 20.536871557842467], [-100.47214005802783, 20.536032815630875], [-100.47348435954687, 20.535340667031623], [-100.47352690133509, 20.535327280659278], [-100.4737280789372, 20.535292761657203], [-100.47402023883367, 20.535231881156594], [-100.4743660293362, 20.5351370201214], [-100.47556937062545, 20.535151551639316], [-100.47658125268401, 20.53564563308816], [-100.47668329839337, 20.53573117691361], [-100.47671595821389, 20.535838170079835], [-100.47616466076524, 20.53699218767095], [-100.47618637192254, 20.53702820333913], [-100.47620561978148, 20.537058509670132], [-100.47640180767382, 20.537053608484925], [-100.4765822911719, 20.53697728545721], [-100.4766942101351, 20.536965895188082], [-100.47683733396347, 20.536948586632572], [-100.47747822761343, 20.536817975344935], [-100.47803571548299, 20.536499400005503], [-100.47814152239468, 20.536437548204155], [-100.47832918553277, 20.53629034604852], [-100.47842325599173, 20.53620421433276], [-100.4786992415032, 20.536046100251845], [-100.47884800674352, 20.535891102764925], [-100.47893505728757, 20.53582263834376], [-100.47904066802072, 20.535740471172918], [-100.47910276649469, 20.53569389053176], [-100.47915717881453, 20.535670400856393], [-100.4792535327063, 20.53567228754798], [-100.47931587854949, 20.535651438996794], [-100.47945420254854, 20.5356069166167], [-100.47955162937832, 20.535570869799045], [-100.47958328980349, 20.53558068832904], [-100.47959057336817, 20.535459681502825], [-100.47972691799315, 20.534087622729196]]]]}}, {"type": "Feature", "properties": {"fid": 12953, "CVE_PAIS": "MX", "NOM_PAIS": "MEXICO", "CVE_ENT": "22", "NOM_ENT": "QUERETARO", "CVE_MUN": "006", "CU_MUN": "22006", "NOM_MUN": "CORREGIDORA", "CIRCUNSCRI": "2", "24_D_FEDERAL": 4, "24_D_LOCAL": 8, "24_SECCION": 115, "25_D_FEDERAL": 4, "25_D_LOCAL": 8, "25_SECCION": 115}, "geometry": {"type": "MultiPolygon", "coordinates": [[[[-100.4224812797282, 20.537862385435687], [-100.4227905652453, 20.538185569795385], [-100.4232164449015, 20.538630584580275], [-100.42351143998569, 20.538938831808505], [-100.42361702620772, 20.53904425787123], [-100.42382139620847, 20.539248317248905], [-100.42393025020695, 20.539357005464325], [-100.42401650452365, 20.539443128251584], [-100.42415732544518, 20.539533108959347], [-100.42443079830845, 20.53968088873556], [-100.4239584548434, 20.53958356180263], [-100.42178373785883, 20.538664612306338], [-100.42174428215046, 20.538647563727924], [-100.421849428325, 20.538535537764055], [-100.42182084328589, 20.538515960283178], [-100.42174367702403, 20.538463110173385], [-100.42170301065525, 20.538435258308166], [-100.42157786291776, 20.538578319937436], [-100.42153523359302, 20.538557234863042], [-100.42105321135554, 20.53831177380798], [-100.41963978416334, 20.53795970095053], [-100.41874697151408, 20.53769775007975], [-100.4181827725281, 20.537532211438474], [-100.41723151300242, 20.537292504035687], [-100.416820547723, 20.537195716574576], [-100.41665117305789, 20.53715582639941], [-100.4162657595948, 20.537081039526814], [-100.41615162776745, 20.537058892837834], [-100.41610405784667, 20.537045660061473], [-100.41558718787496, 20.536901878601594], [-100.41538133611664, 20.536848289987162], [-100.41533391464029, 20.536995845737536], [-100.41530308431018, 20.53709177665435], [-100.41517838007141, 20.5374798022262], [-100.415149143974, 20.53755762649588], [-100.4148401484335, 20.538431309121044], [-100.41478507627973, 20.538567959618245], [-100.41472641962717, 20.538691459393302], [-100.41460186363054, 20.538915814433626], [-100.41454215007606, 20.53908110251925], [-100.4145123121995, 20.53916580641101], [-100.41447017546774, 20.539235223608625], [-100.4144519922507, 20.539265179113602], [-100.41441567996519, 20.53931497133823], [-100.41430884044311, 20.539394067827395], [-100.41422631168761, 20.539456541500424], [-100.4140653244747, 20.539548495374778], [-100.413591597342, 20.53992845674999], [-100.41280307749052, 20.540580628669662], [-100.41252651198194, 20.5408147978694], [-100.41167381884102, 20.541786155828603], [-100.411377000562, 20.542006503494694], [-100.4095550182318, 20.543056499497578], [-100.40902853070999, 20.54331325354316], [-100.40895648506402, 20.543231610027412], [-100.40846298173388, 20.54354725644103], [-100.40821945716145, 20.543643137880508], [-100.4080751162925, 20.543683689143727], [-100.40798717296371, 20.54373741311535], [-100.4075951318373, 20.543810595488775], [-100.40756029936051, 20.54367925013912], [-100.40707385569256, 20.543791173439278], [-100.4070407811248, 20.543657785632245], [-100.40596476308592, 20.54145159658886], [-100.40512803697312, 20.53965007972334], [-100.4050893901143, 20.539641386172967], [-100.40505800976871, 20.539640463966194], [-100.40502985278852, 20.539639530077604], [-100.40498628410843, 20.53963835584088], [-100.40490185841308, 20.53963587451419], [-100.40480450273908, 20.539631663529693], [-100.40427934251372, 20.539604079659217], [-100.40374741018236, 20.53956297951694], [-100.40291536780998, 20.539498687815968], [-100.40140961734629, 20.539382328516414], [-100.40126667098069, 20.539371281412333], [-100.40120824042707, 20.5393667657792], [-100.40115499811549, 20.53936265108649], [-100.40016378464975, 20.5415727391344], [-100.40007464066872, 20.54145128542343], [-100.39995318440057, 20.541178956308897], [-100.39991319631014, 20.541101491485936], [-100.39948282381769, 20.540276288737868], [-100.39945339667564, 20.54017642897673], [-100.39942719779327, 20.539949084258943], [-100.39936937171485, 20.539846186757114], [-100.39899514287511, 20.539339352453872], [-100.39849855681386, 20.53871780138349], [-100.39831771757108, 20.53844337830168], [-100.39804170389954, 20.53811929351089], [-100.39762440856835, 20.537642833638824], [-100.39734194510122, 20.53732061954681], [-100.39723180114923, 20.53719497469865], [-100.39715047430346, 20.53706646386341], [-100.39662611078239, 20.536541100153045], [-100.39658101654429, 20.536495919872277], [-100.39653470072066, 20.536555766885808], [-100.39643489372486, 20.536684733801085], [-100.39613401260476, 20.536917466964304], [-100.39526817565489, 20.537287842162574], [-100.39456433699775, 20.537389501164093], [-100.3940842049463, 20.537458847379135], [-100.39166237335739, 20.537855080660883], [-100.38960709480494, 20.53832049063494], [-100.38919135153866, 20.538460102792], [-100.3888443364514, 20.538671311442705], [-100.38807340333352, 20.53944070228634], [-100.3879009658571, 20.539612793781046], [-100.38749222659854, 20.539976915934496], [-100.38725332243602, 20.540189740890234], [-100.38718580097816, 20.539947526968387], [-100.38715669267985, 20.53984283098367], [-100.38702252150632, 20.539361410517156], [-100.38655641760818, 20.537688952727937], [-100.38643047545688, 20.537237044197102], [-100.3862605007074, 20.536627131967776], [-100.38614115134695, 20.53619887301639], [-100.38611226586212, 20.536095223383793], [-100.38610053995693, 20.536060033877785], [-100.38605337072859, 20.535883889781925], [-100.38594282055584, 20.535856979217066], [-100.38485789764334, 20.531959425832277], [-100.38480913291724, 20.531784234586844], [-100.38476919102206, 20.53164073973231], [-100.3845786279725, 20.53095612051922], [-100.38441614183795, 20.530366809316423], [-100.3843953004911, 20.53029122070585], [-100.38434793642254, 20.530119437621167], [-100.38418010313653, 20.529524329331217], [-100.38616719667918, 20.529334861756624], [-100.38821328299876, 20.529185897382717], [-100.39019131705994, 20.528712734431984], [-100.39024745976438, 20.52869930424198], [-100.39028800627692, 20.528689604885997], [-100.3913054350398, 20.52844621665643], [-100.39133856787899, 20.526340913204557], [-100.39162609775163, 20.525924647901554], [-100.39198158046995, 20.526291721943387], [-100.39279959728276, 20.526199099603755], [-100.39255962120995, 20.525706786931703], [-100.3912601721893, 20.524690979728536], [-100.3917772227665, 20.52390043593979], [-100.39311973520805, 20.523636262810502], [-100.39322926717794, 20.523015826211854], [-100.39369626815355, 20.52292752571585], [-100.39399673483466, 20.52358418106579], [-100.394577747208, 20.523246837962656], [-100.39575970510221, 20.52422279724773], [-100.39599757509671, 20.527532044013096], [-100.39894627001226, 20.52751693558885], [-100.39922937492325, 20.527332918809083], [-100.39994295012532, 20.52726374269767], [-100.39993921313597, 20.527087288613156], [-100.39994729206701, 20.52657168617489], [-100.39995990745874, 20.526012840716664], [-100.3999747314771, 20.525455994035138], [-100.39998782735638, 20.525010484720056], [-100.4000308393168, 20.525020074693625], [-100.40099671825071, 20.52523542449315], [-100.40158889025321, 20.525357394260084], [-100.4015841646428, 20.525334976533298], [-100.40150284900466, 20.524962975437276], [-100.40142995209732, 20.524629486363555], [-100.40140687847664, 20.524523928711], [-100.4013616224899, 20.5243157378733], [-100.40430842389965, 20.524254109301737], [-100.40435968967506, 20.524252645169177], [-100.4043080804497, 20.524475694434575], [-100.40420268556585, 20.52486660273085], [-100.40410773474633, 20.525250165358432], [-100.40400071239247, 20.525668512683016], [-100.40396125228885, 20.52586981656829], [-100.40384519837936, 20.526631523704424], [-100.40376189734015, 20.52718130512039], [-100.40371153793377, 20.52765539666381], [-100.40369151471124, 20.52791205587163], [-100.40418683707954, 20.528067983618932], [-100.40461188264973, 20.528115335065575], [-100.40496998967701, 20.528065449790944], [-100.40524263513575, 20.527956573672054], [-100.40587592183772, 20.527632709768902], [-100.40600772571905, 20.527452593157776], [-100.40632441579815, 20.5267058966275], [-100.40646381823431, 20.526472384649587], [-100.40658642915537, 20.526319008938728], [-100.40845090567898, 20.52472546128596], [-100.4089762106069, 20.524355757484656], [-100.40910932296013, 20.524551328624064], [-100.4097376393821, 20.52417211353238], [-100.40963093987462, 20.523990963933862], [-100.40961203248307, 20.523952758808846], [-100.41012705742521, 20.52363509079814], [-100.41243123707858, 20.522253432572878], [-100.41267537892669, 20.522104583807437], [-100.41329054857155, 20.521653146979652], [-100.41347875695043, 20.521476136838274], [-100.41360912391166, 20.521340455719432], [-100.41378957329648, 20.52113062199349], [-100.41461707599679, 20.520168359590215], [-100.41475673547335, 20.520345621114373], [-100.41513962472631, 20.52083159700123], [-100.41555176566554, 20.52144554710794], [-100.4155848165283, 20.521433102884753], [-100.41570000848509, 20.521392281561127], [-100.41571771162229, 20.52141886533128], [-100.41627347845053, 20.52214163665975], [-100.41675579027863, 20.522658113558563], [-100.41748695902292, 20.523450081825604], [-100.41778117695497, 20.523801615174538], [-100.41816430192544, 20.52407762561899], [-100.41838127845034, 20.524298139928955], [-100.4185286469429, 20.52441259918598], [-100.41871328769324, 20.524490825583957], [-100.41883416933699, 20.52457725303403], [-100.41896432784347, 20.524600627725828], [-100.41991209758484, 20.52480551322287], [-100.42013284854455, 20.524849271980052], [-100.42037434778732, 20.524811853912325], [-100.4205404719253, 20.524759864172342], [-100.42071211004112, 20.52472301784779], [-100.42109786309986, 20.52459328461825], [-100.42129604314805, 20.52452077986253], [-100.42164389729183, 20.524360978574595], [-100.42187413304646, 20.524267958776477], [-100.42363024475948, 20.525545365223675], [-100.42371509513927, 20.525731485902458], [-100.42376243686634, 20.52588760016738], [-100.42374525430537, 20.52610038355151], [-100.42374580307606, 20.52615095633975], [-100.4238886008431, 20.526497875557297], [-100.42387231791939, 20.52696356339087], [-100.42373116066983, 20.527842485849906], [-100.4235817156537, 20.530607939988688], [-100.42337925767812, 20.531461741140312], [-100.4230869634146, 20.533053735081978], [-100.4230328677836, 20.53304932958056], [-100.4229833613836, 20.533655223355662], [-100.42297914750205, 20.53368418118604], [-100.42303680669711, 20.533696548131843], [-100.42324464324761, 20.533741126210828], [-100.42324061496183, 20.53376675320764], [-100.4231348888792, 20.53482503975274], [-100.42312717438341, 20.534910164120177], [-100.42296383110633, 20.536712535251127], [-100.42267200660767, 20.536695624015408], [-100.4225811771514, 20.537614169986565], [-100.4224812797282, 20.537862385435687]]]]}}, {"type": "Feature", "properties": {"fid": 12954, "CVE_PAIS": "MX", "NOM_PAIS": "MEXICO", "CVE_ENT": "22", "NOM_ENT": "QUERETARO", "CVE_MUN": "006", "CU_MUN": "22006", "NOM_MUN": "CORREGIDORA", "CIRCUNSCRI": "2", "24_D_FEDERAL": 4, "24_D_LOCAL": 8, "24_SECCION": 117, "25_D_FEDERAL": 4, "25_D_LOCAL": 8, "25_SECCION": 117}, "geometry": {"type": "MultiPolygon", "coordinates": [[[[-100.377353923343, 20.506701661814322], [-100.37661329762666, 20.504479717167214], [-100.37607885653954, 20.502863713248583], [-100.37535120335362, 20.500659042324305], [-100.37457308682426, 20.499182724030565], [-100.37543469019325, 20.49785147386679], [-100.37577922897383, 20.49731071943323], [-100.37484092158732, 20.497115814505552], [-100.37237693356201, 20.491615321560932], [-100.37098609454219, 20.488381302647817], [-100.36809236857584, 20.486416574961346], [-100.37821437937465, 20.48527572506994], [-100.3783297068007, 20.485558077713364], [-100.380098836973, 20.491644768073403], [-100.38077431969604, 20.494319267947642], [-100.3813651391564, 20.494807306204482], [-100.38178098833157, 20.49533875829733], [-100.38254580037159, 20.495700842668132], [-100.38383256974289, 20.495685070248726], [-100.38494089950915, 20.495423841321685], [-100.38645617246047, 20.494951246990116], [-100.38698158354926, 20.494862250944294], [-100.38844182660657, 20.494679223943685], [-100.3893171764685, 20.494503375493785], [-100.39048546462158, 20.494365192723013], [-100.3912448256924, 20.494273306444533], [-100.39224112238024, 20.494426136149844], [-100.39288847634255, 20.49474834724279], [-100.39377177855827, 20.495232739784626], [-100.39447613518936, 20.49543042475196], [-100.39524147171703, 20.49583371785597], [-100.39536442449612, 20.4963274727773], [-100.39531390073972, 20.496988456364516], [-100.39543536119643, 20.497358411892804], [-100.39596575391764, 20.49768205245571], [-100.39655364241582, 20.49792243702721], [-100.39725552237874, 20.49791377789187], [-100.3979583992582, 20.49798764863251], [-100.39854280037127, 20.497939161794758], [-100.39935766795575, 20.497598919172486], [-100.40023251895686, 20.49738174917814], [-100.40075692892066, 20.497210178824297], [-100.40181623683912, 20.497733625585735], [-100.40240313381234, 20.49789145725278], [-100.40287555164788, 20.498257065433357], [-100.40352344196573, 20.498620500755152], [-100.40440329471012, 20.49881597212257], [-100.40504568509822, 20.498725472958796], [-100.40603701168958, 20.498465558886252], [-100.40708632338988, 20.498163648133808], [-100.40784669086463, 20.498154221101952], [-100.40849208414427, 20.498311306421883], [-100.40902250508725, 20.498634905265966], [-100.40914500259942, 20.49908738143041], [-100.40915503495685, 20.499912704248374], [-100.4092195451748, 20.50040717211299], [-100.40916908092625, 20.501068156054203], [-100.40946956309068, 20.50172478485445], [-100.40965256345939, 20.50234159882974], [-100.4095441111993, 20.503044574771792], [-100.40961063193679, 20.503704106619573], [-100.41019806030032, 20.503903176132187], [-100.41084599071603, 20.504266581495884], [-100.41160839648091, 20.504422200540567], [-100.4124832642742, 20.504204967703934], [-100.4131261729908, 20.504155703695496], [-100.41412204464675, 20.504267136617617], [-100.4147745140475, 20.50500192078224], [-100.41495351367661, 20.505288599430127], [-100.41496257310169, 20.50603138749328], [-100.41532107978823, 20.506646009913148], [-100.41602853316199, 20.507091198380532], [-100.41667699360477, 20.50749584621455], [-100.4173204175929, 20.50748783190956], [-100.4176708719716, 20.50744219352202], [-100.41825529818591, 20.50739363861887], [-100.41872122490034, 20.50722274233251], [-100.4191286576459, 20.507052574143103], [-100.42005697290593, 20.50642191457911], [-100.42081081313101, 20.505875971784302], [-100.42133572938097, 20.505745604943062], [-100.42221665056134, 20.506023513869238], [-100.42304009314212, 20.50638468041739], [-100.42415145042258, 20.506370795775354], [-100.42491792422996, 20.50685648141986], [-100.4255754411079, 20.506823831371406], [-100.42597220363311, 20.50680412828765], [-100.42602877765343, 20.506801318768144], [-100.42685425832899, 20.507327529514825], [-100.42723573028603, 20.507668773222186], [-100.42744577273837, 20.507856664529477], [-100.42875036393166, 20.50928485417253], [-100.42913097301891, 20.51042751553995], [-100.42943833383661, 20.511157533354773], [-100.4297856422564, 20.51208858166212], [-100.43008110024434, 20.51275187240379], [-100.43037698426087, 20.513284400505324], [-100.4305332330995, 20.513540144130893], [-100.4307469916525, 20.513777428174244], [-100.43087034525216, 20.513865758054482], [-100.43125133195585, 20.51399584737112], [-100.43156687266747, 20.514016922038575], [-100.43196587791799, 20.513896133883012], [-100.43324163048712, 20.513509926648535], [-100.43415190107345, 20.513116864386042], [-100.43476256947743, 20.512947291518646], [-100.43541447071344, 20.512788455674674], [-100.43653512104197, 20.51255106695695], [-100.43767474134891, 20.512349744655655], [-100.43838406488489, 20.51231135710683], [-100.43891639776933, 20.512361204024174], [-100.43990164766058, 20.514177809316134], [-100.43981606876902, 20.514313169479728], [-100.43978930636861, 20.51435549952362], [-100.43963357627156, 20.51460181704293], [-100.43954309328507, 20.514299753518223], [-100.43930635199384, 20.513980550844344], [-100.43878511978254, 20.51344347841566], [-100.4385400992714, 20.513280338470107], [-100.4384325406393, 20.513235349187372], [-100.43823818701094, 20.51328284123407], [-100.43820017309473, 20.513384094467547], [-100.43822479244061, 20.51393446208869], [-100.43835740006513, 20.514575696418504], [-100.43823079062847, 20.51457674595851], [-100.4378676992791, 20.514286117081966], [-100.43755356199775, 20.51402261037125], [-100.43718193280567, 20.51386051741357], [-100.43675238311214, 20.513753960426378], [-100.43632428868032, 20.51380338570459], [-100.43602314509701, 20.513888464113474], [-100.43568355772119, 20.514028917329462], [-100.43531535076912, 20.514233840082696], [-100.43467478728861, 20.514477719159732], [-100.43410145625953, 20.514620102003573], [-100.43374153263976, 20.514668957590192], [-100.43335222029008, 20.514699702810628], [-100.43282758307127, 20.514841679267274], [-100.4320079628267, 20.515401781637486], [-100.43003901433131, 20.51674726680267], [-100.4300992433058, 20.51684886370005], [-100.43074168733743, 20.517932556365412], [-100.43162088024012, 20.519269637587325], [-100.43223030456078, 20.520196435998773], [-100.43341669813778, 20.521647238519307], [-100.43392575034976, 20.522226134231683], [-100.4342948723574, 20.522581307880714], [-100.43517747797691, 20.523430551347293], [-100.43534324380315, 20.52359004966742], [-100.43528586600281, 20.523670817652214], [-100.4352620045808, 20.523704406200956], [-100.43510408827873, 20.523811032280594], [-100.43453769302451, 20.524304274485537], [-100.43450798535771, 20.52433024569224], [-100.43456414391406, 20.52438101628455], [-100.43583811067066, 20.525473154177842], [-100.4361010753566, 20.52571312007763], [-100.43564995239868, 20.526213949350225], [-100.43240771128977, 20.52500243353874], [-100.43236627637012, 20.524987398458926], [-100.43100602777098, 20.52449351558909], [-100.43000152606001, 20.524132439414405], [-100.42967440908086, 20.524034647691263], [-100.42938761503108, 20.523985438024923], [-100.42916841168068, 20.52396551077164], [-100.4289473421429, 20.523959441928856], [-100.42862365601646, 20.523988371254234], [-100.42832494182024, 20.524046807001085], [-100.42803044024639, 20.524138973051894], [-100.42680297868098, 20.524588298135644], [-100.42644496880338, 20.52471892861957], [-100.42539918263768, 20.525100509210848], [-100.42371509513927, 20.525731485902458], [-100.42363024475948, 20.525545365223675], [-100.42187413304646, 20.524267958776477], [-100.42164389729183, 20.524360978574595], [-100.42129604314805, 20.52452077986253], [-100.42109786309986, 20.52459328461825], [-100.42071211004112, 20.52472301784779], [-100.4205404719253, 20.524759864172342], [-100.42037434778732, 20.524811853912325], [-100.42013284854455, 20.524849271980052], [-100.41991209758484, 20.52480551322287], [-100.41896432784347, 20.524600627725828], [-100.41883416933699, 20.52457725303403], [-100.41871328769324, 20.524490825583957], [-100.4185286469429, 20.52441259918598], [-100.41838127845034, 20.524298139928955], [-100.41816430192544, 20.52407762561899], [-100.41778117695497, 20.523801615174538], [-100.41748695902292, 20.523450081825604], [-100.41675579027863, 20.522658113558563], [-100.41627347845053, 20.52214163665975], [-100.41571771162229, 20.52141886533128], [-100.41570000848509, 20.521392281561127], [-100.4155848165283, 20.521433102884753], [-100.41555176566554, 20.52144554710794], [-100.41513962472631, 20.52083159700123], [-100.41475673547335, 20.520345621114373], [-100.41461707599679, 20.520168359590215], [-100.41378957329648, 20.52113062199349], [-100.41360912391166, 20.521340455719432], [-100.41347875695043, 20.521476136838274], [-100.41329054857154, 20.521653146979652], [-100.41267537892669, 20.522104583807437], [-100.41243123707858, 20.522253432572878], [-100.41012705742521, 20.52363509079814], [-100.40961203248307, 20.523952758808846], [-100.40963093987462, 20.523990963933862], [-100.4097376393821, 20.52417211353238], [-100.40910932296013, 20.524551328624064], [-100.4089762106069, 20.524355757484656], [-100.40845090567898, 20.52472546128596], [-100.40658642915537, 20.526319008938728], [-100.4064638182343, 20.526472384649587], [-100.40632441579815, 20.5267058966275], [-100.40600772571905, 20.527452593157776], [-100.40587592183772, 20.527632709768902], [-100.40524263513575, 20.527956573672054], [-100.40496998967701, 20.528065449790944], [-100.40461188264973, 20.528115335065575], [-100.40418683707954, 20.528067983618932], [-100.40369151471124, 20.52791205587163], [-100.40371153793377, 20.52765539666381], [-100.40376189734015, 20.52718130512039], [-100.40384519837936, 20.526631523704424], [-100.40396125229412, 20.52586981633534], [-100.40400071239775, 20.52566851245008], [-100.4041077347516, 20.525250165125403], [-100.40420268557115, 20.52486660249773], [-100.404308080455, 20.524475694201453], [-100.40435968967506, 20.524252645169177], [-100.40430842389965, 20.524254109301737], [-100.4013616224899, 20.5243157378733], [-100.40140687847664, 20.524523928711], [-100.40142995209732, 20.524629486363555], [-100.40150284900466, 20.524962975437276], [-100.4015841646428, 20.525334976533298], [-100.40158889025321, 20.525357394260084], [-100.40099671825071, 20.52523542449315], [-100.4000308393168, 20.525020074693625], [-100.39998782735638, 20.525010484720056], [-100.3999747314771, 20.525455994035138], [-100.39995990745874, 20.526012840716664], [-100.39994729206701, 20.52657168617498], [-100.39993921313597, 20.527087288613156], [-100.39994295012532, 20.52726374269767], [-100.39922937492325, 20.527332918809083], [-100.39894627001226, 20.52751693558885], [-100.39599757509671, 20.527532044013096], [-100.39575970510221, 20.52422279724773], [-100.39457774721295, 20.523246837729353], [-100.39399673483958, 20.523584180832486], [-100.39369626815848, 20.522927525482466], [-100.39322926718286, 20.523015825978554], [-100.39311973521296, 20.523636262577202], [-100.39177722277135, 20.52390043570658], [-100.39126017219414, 20.524690979495414], [-100.39255962121484, 20.525706786698763], [-100.39279959728765, 20.5261990993709], [-100.3919815804748, 20.52629172171054], [-100.39162609775649, 20.525924647668617], [-100.39133856788384, 20.526340912971705], [-100.39130543504466, 20.528446216423852], [-100.39028800628174, 20.52868960465351], [-100.39024745976917, 20.528699304009397], [-100.39019131706475, 20.528712734199406], [-100.38821328300351, 20.52918589715023], [-100.38616719668387, 20.529334861524227], [-100.38418010314113, 20.529524329098738], [-100.38235622511007, 20.52380983771706], [-100.38170826976997, 20.52344632759121], [-100.38129233867717, 20.52291488132327], [-100.37858895937362, 20.51213455220669], [-100.377353923343, 20.506701661814322]]]]}}, {"type": "Feature", "properties": {"fid": 12955, "CVE_PAIS": "MX", "NOM_PAIS": "MEXICO", "CVE_ENT": "22", "NOM_ENT": "QUERETARO", "CVE_MUN": "006", "CU_MUN": "22006", "NOM_MUN": "CORREGIDORA", "CIRCUNSCRI": "2", "24_D_FEDERAL": 4, "24_D_LOCAL": 8, "24_SECCION": 118, "25_D_FEDERAL": 4, "25_D_LOCAL": 8, "25_SECCION": 118}, "geometry": {"type": "MultiPolygon", "coordinates": [[[[-100.47928443879572, 20.49444722384387], [-100.4792906821922, 20.4949424008769], [-100.47935489223148, 20.4953955647315], [-100.47924312157723, 20.495809711588812], [-100.47842009840227, 20.495719006399213], [-100.47460208943673, 20.495298171686745], [-100.4681719834268, 20.494589225700008], [-100.45699634286086, 20.494359873715226], [-100.4567690801281, 20.494899289027124], [-100.4565428443429, 20.495521234641096], [-100.45637355204039, 20.496018642653667], [-100.45608625480317, 20.49643500301519], [-100.45567992402061, 20.49668778462434], [-100.45503861200618, 20.496860999521527], [-100.45457173525192, 20.49694945864858], [-100.45422697042335, 20.497449087881243], [-100.4540012346996, 20.49811229615336], [-100.45406999557332, 20.498936861334208], [-100.45407821375255, 20.49959710608614], [-100.45437939256412, 20.500294911316754], [-100.45462105705076, 20.50091092635786], [-100.45468622653708, 20.50144663384182], [-100.45487043216812, 20.50214591994633], [-100.45505361172452, 20.502762675177447], [-100.45423937180917, 20.503144438716866], [-100.45397793781763, 20.503318222424546], [-100.45354313601021, 20.503607247689196], [-100.45290641359826, 20.504151844106925], [-100.4523897486082, 20.50494254941978], [-100.45239950163277, 20.505726590117963], [-100.45229073158362, 20.506388315770526], [-100.45294132911665, 20.50695788374176], [-100.45289362057345, 20.507825195293194], [-100.4531394018057, 20.508771333692756], [-100.45332258423385, 20.509388090238513], [-100.45327230973993, 20.510049075275877], [-100.45317452530547, 20.51107534254016], [-100.45304973999632, 20.511157580638194], [-100.45290269692265, 20.511265155356043], [-100.45275582282028, 20.511376809524812], [-100.45255759981548, 20.51151487434065], [-100.45240423033196, 20.51161042479631], [-100.45225566384823, 20.51168128292524], [-100.451982310766, 20.511834378325783], [-100.45181865741725, 20.511962994431094], [-100.45170121123606, 20.512081732942317], [-100.45163443735707, 20.512157742622346], [-100.45155788762419, 20.51227905708996], [-100.45152003558978, 20.512349913230892], [-100.45144795072262, 20.51243837633604], [-100.45138767139456, 20.51253048942027], [-100.45128219923099, 20.51265695725731], [-100.45113102662597, 20.51280554107072], [-100.45102403181828, 20.51289529265963], [-100.45091669861256, 20.512976885052538], [-100.45080388529958, 20.513066851285313], [-100.45067994271884, 20.513169485676578], [-100.45051594860229, 20.513289941546237], [-100.45032935761765, 20.513427574546096], [-100.45021654362317, 20.513517540432762], [-100.45005322522321, 20.513654314184176], [-100.44990685406455, 20.513778204882748], [-100.44981217087869, 20.513883844609786], [-100.44971302212488, 20.514022335586976], [-100.44955755028967, 20.514207849045537], [-100.4494809979482, 20.51432916272826], [-100.44940082547916, 20.514503725530012], [-100.44933827691425, 20.514681723721637], [-100.44930346708666, 20.514826011742326], [-100.44928881779515, 20.515034928751213], [-100.44929060892484, 20.515218724177664], [-100.44927494501543, 20.515403163752286], [-100.449264761243, 20.515579229464596], [-100.44924842089453, 20.5157473507492], [-100.4492207819778, 20.51592406060667], [-100.44915857093167, 20.51611021789456], [-100.4491134767138, 20.51628757188261], [-100.44903793766433, 20.51643336285198], [-100.44894578875649, 20.51660019577892], [-100.44882657673178, 20.516817057053508], [-100.44873440053205, 20.517036894204963], [-100.44871521187947, 20.51708265842065], [-100.44863723544331, 20.517310255387084], [-100.44858868915158, 20.51754493797811], [-100.4485511032752, 20.51776287287472], [-100.44851663037136, 20.517915319917552], [-100.44853519986492, 20.51808215296488], [-100.44857755053015, 20.51826036592027], [-100.448601600444, 20.518418825104142], [-100.44868721703473, 20.518656728665203], [-100.44875747682508, 20.51880531102137], [-100.44880175724575, 20.518889479047964], [-100.44886704427122, 20.519058673904343], [-100.4489017170511, 20.519192226161454], [-100.4489406864802, 20.519288847561032], [-100.44895174716068, 20.51941509951603], [-100.4489583421835, 20.519574202742287], [-100.4489464670578, 20.519709472694284], [-100.44899699013794, 20.519912984051924], [-100.44914180748431, 20.52005325861175], [-100.44892222537223, 20.52009678857127], [-100.4486965571337, 20.52019676115119], [-100.44844427544098, 20.520338562511093], [-100.4476981598945, 20.520739282306078], [-100.44752128525016, 20.520765765602068], [-100.44745517738848, 20.520712229096958], [-100.4471579685907, 20.520425106867087], [-100.44680081210979, 20.52010324617308], [-100.44641750937939, 20.519712890373], [-100.44624015149738, 20.51951105617864], [-100.44604178901493, 20.519224194497575], [-100.44586399697074, 20.51887120084382], [-100.44563560161697, 20.518422013876418], [-100.44539320467325, 20.517916141574826], [-100.44492326736257, 20.516948714093576], [-100.44474977442104, 20.516591552479085], [-100.44461812484239, 20.516367601747746], [-100.44438309627063, 20.516180149577096], [-100.4442604029565, 20.516172416441673], [-100.44409217623576, 20.51619087709239], [-100.44383507897629, 20.516314759812754], [-100.44356373613142, 20.51651679788097], [-100.443283364182, 20.51664153795061], [-100.44319957945491, 20.51668973583297], [-100.44289632714347, 20.51686418374941], [-100.44257336670897, 20.51694554882218], [-100.44206918968148, 20.51701316433191], [-100.44169714728118, 20.517035049807184], [-100.44123200961089, 20.517060365742132], [-100.4410039080457, 20.517040172069045], [-100.44081298913933, 20.516932805600344], [-100.44059541925064, 20.51674470477173], [-100.44041705907136, 20.51651838633637], [-100.44031981956283, 20.5162809066401], [-100.4402686210637, 20.51602947275219], [-100.44028108743049, 20.51576752106882], [-100.44027542316758, 20.515489894252205], [-100.44028197939092, 20.51508515675375], [-100.44021281981274, 20.514822127248262], [-100.44013776489246, 20.51469823274262], [-100.44004420910645, 20.514440660258696], [-100.43990164765393, 20.5141778095508], [-100.43891639776274, 20.512361204259115], [-100.4383840648783, 20.512311357341773], [-100.43767474134235, 20.512349744890503], [-100.43653512103548, 20.512551067191794], [-100.43541447070699, 20.512788455909433], [-100.434762569471, 20.512947291753402], [-100.43415190106704, 20.513116864620798], [-100.43324163048077, 20.513509926883287], [-100.43196587791168, 20.513896134117672], [-100.43156687266115, 20.514016922273242], [-100.43125133194957, 20.513995847605784], [-100.43087034524589, 20.513865758289153], [-100.43074699164623, 20.513777428408996], [-100.43053323309324, 20.51354014436556], [-100.43037698425462, 20.513284400740083], [-100.4300811002381, 20.51275187263863], [-100.42978564225018, 20.512088581897046], [-100.42943833383042, 20.511157533589802], [-100.4291309730127, 20.510427515775156], [-100.42875036392545, 20.509284854407824], [-100.42744577273221, 20.507856664764944], [-100.4272357302799, 20.507668773457752], [-100.42685425832289, 20.5073275297504], [-100.42602877764737, 20.506801319003806], [-100.42597220362703, 20.50680412852331], [-100.42557544110184, 20.506823831607065], [-100.42491792422392, 20.506856481655507], [-100.42415145041659, 20.5063707960111], [-100.42304009313617, 20.50638468065314], [-100.4222166505554, 20.50602351410508], [-100.42133572937509, 20.505745605178895], [-100.42081081312514, 20.505875972020142], [-100.42005697290008, 20.506421914814858], [-100.4191286576401, 20.507052574378754], [-100.41872122489455, 20.507222742568068], [-100.41825529818014, 20.507393638854523], [-100.41767087196583, 20.507442193757665], [-100.41732041758716, 20.507487832145124], [-100.41667699359905, 20.50749584645011], [-100.41602853315631, 20.507091198616184], [-100.41532107978257, 20.506646010148803], [-100.41496257309603, 20.506031387729113], [-100.41495351367095, 20.505288599666056], [-100.41477451404185, 20.505001921018167], [-100.41412204464112, 20.504267136853727], [-100.41312617298522, 20.504155703931513], [-100.41248326426866, 20.504204967939955], [-100.41160839647539, 20.50442220077668], [-100.41084599071053, 20.50426658173199], [-100.41019806029485, 20.503903176368297], [-100.40961063193133, 20.503704106855768], [-100.40954411119385, 20.503044575007994], [-100.40965256345395, 20.50234159906612], [-100.40946956308525, 20.501724785090826], [-100.40916908092082, 20.501068156290767], [-100.40921954516939, 20.500407172349636], [-100.40915503495144, 20.499912704485112], [-100.409145002594, 20.499087381667238], [-100.40902250508182, 20.498634905502794], [-100.40849208413889, 20.498311306658803], [-100.40784669085926, 20.498154221338872], [-100.40708632338453, 20.49816364837073], [-100.40603701168428, 20.49846555912317], [-100.40504568509294, 20.498725473195716], [-100.40440329470485, 20.4988159723594], [-100.4035234419605, 20.49862050099198], [-100.4028755516427, 20.49825706567027], [-100.40240313380717, 20.497891457489786], [-100.40181623683398, 20.49773362582274], [-100.40075692891556, 20.497210179061398], [-100.40051348460895, 20.49642901045816], [-100.40021404970084, 20.495854895589904], [-100.39985562916998, 20.495240236246456], [-100.40044301410828, 20.495439341575885], [-100.40091442107173, 20.495722423276266], [-100.40132784001668, 20.496047492940587], [-100.40162228397209, 20.496208942664893], [-100.40203520602051, 20.496492744176358], [-100.40227166186436, 20.496696182265524], [-100.4029160448284, 20.496770756489433], [-100.40297853352708, 20.497100163024786], [-100.4035109399282, 20.497588844698342], [-100.4041578281787, 20.49786974526994], [-100.40468323539191, 20.497780695687258], [-100.40520463772583, 20.49736151476198], [-100.40560855779287, 20.496902515244695], [-100.40607096467495, 20.49644279026536], [-100.40659436212391, 20.49618867041036], [-100.40723273159415, 20.49576803427598], [-100.40769763588288, 20.495514636329656], [-100.40880440973886, 20.495129458932], [-100.40915233228095, 20.49487750836376], [-100.40955773882786, 20.49454229907081], [-100.41002163183596, 20.49420636300212], [-100.41100890362546, 20.49361629349541], [-100.41211063174052, 20.49281843501424], [-100.41221705893008, 20.491950393291358], [-100.41227102562475, 20.491578271582064], [-100.4124429708434, 20.4912872287786], [-100.41296533465109, 20.490950558980412], [-100.41343121965492, 20.49077967915336], [-100.4141915485113, 20.490770226474513], [-100.41436801463674, 20.490850576786514], [-100.41483087983421, 20.490432096832198], [-100.41535222901766, 20.49001288815069], [-100.41576012494397, 20.48988399606051], [-100.41605306040881, 20.489921623046836], [-100.41663792482748, 20.48991434341582], [-100.41686784270773, 20.489581302658003], [-100.4170392734534, 20.489248989833353], [-100.41720969639181, 20.48883414478626], [-100.4172621396689, 20.488338224036138], [-100.41731558983196, 20.48792483535247], [-100.41731156138056, 20.48759470698776], [-100.41713056626651, 20.48714296505018], [-100.41700906439625, 20.48677302684671], [-100.41659513766447, 20.486406728600425], [-100.41630271212037, 20.486410368200485], [-100.41589230998603, 20.486332930657298], [-100.41565887267483, 20.48637710750717], [-100.4153644350416, 20.486215681173043], [-100.41518495622346, 20.485887734989923], [-100.41500547820264, 20.485559788564505], [-100.41499793492021, 20.48494079705438], [-100.41493492460661, 20.484570129505535], [-100.41498737470235, 20.484074208861976], [-100.4151577984957, 20.483659365600698], [-100.41521427096639, 20.483493573747396], [-100.41549763758631, 20.482747146473663], [-100.41554907969204, 20.482168693491623], [-100.41554505598553, 20.48183856464281], [-100.41583445476263, 20.481587330211994], [-100.4160653693957, 20.481336823035473], [-100.41623679393268, 20.48100451113393], [-100.41629024562425, 20.48059112241527], [-100.41616824884152, 20.480179916828423], [-100.41604524667827, 20.47968617888324], [-100.41609517731348, 20.478983927391763], [-100.41621063269078, 20.478858673754456], [-100.41579874204962, 20.47865743639387], [-100.41556229880013, 20.47845401574184], [-100.41532434769861, 20.478126796341165], [-100.41525681533383, 20.47738473331683], [-100.41519965215774, 20.47721066747621], [-100.41513532710768, 20.47701479268404], [-100.41507131551818, 20.476561592404707], [-100.41530121891857, 20.476228554194886], [-100.41541013668277, 20.475566841333613], [-100.41546358968623, 20.475153452599034], [-100.41527708679283, 20.474247779313576], [-100.41456878731094, 20.47372004485475], [-100.41421388571915, 20.473394277166094], [-100.41362807870297, 20.473319012611135], [-100.4133351753612, 20.4732813795801], [-100.41298429401155, 20.473285738714647], [-100.41263542061137, 20.473455161948277], [-100.41246248949916, 20.473663671929245], [-100.41223258317909, 20.473996706612926], [-100.4117652407452, 20.47404378200975], [-100.41135286680644, 20.47380126668336], [-100.41094049412463, 20.473558750295567], [-100.41058710446305, 20.473356773438574], [-100.41023521977469, 20.473278594544727], [-100.4098838366642, 20.473241681170105], [-100.40953095016576, 20.473080968293896], [-100.40929352144985, 20.472795005466978], [-100.40893763054915, 20.472386693642076], [-100.40840830537313, 20.472145620878024], [-100.40817638882507, 20.472313585477046], [-100.40782751163715, 20.47248299925492], [-100.40730319322493, 20.472654586078797], [-100.40700979151066, 20.472575675908256], [-100.40653744728147, 20.47221007391325], [-100.40576670429807, 20.471352894717967], [-100.40517690762763, 20.470947470165697], [-100.40499746967829, 20.470619510591835], [-100.40481553328335, 20.470085218967725], [-100.40469607574279, 20.4698803343952], [-100.40451514091208, 20.46942857504201], [-100.40439068721392, 20.46881102644368], [-100.40391036780494, 20.467785153928173], [-100.40372843908438, 20.467250860582606], [-100.40349103027977, 20.466964888489763], [-100.40319414569507, 20.466597106230566], [-100.40294825145708, 20.46560960419211], [-100.40271134593706, 20.465364897173668], [-100.40246945004978, 20.464707525479028], [-100.40222855444438, 20.464132686157015], [-100.40210810735887, 20.46384526631777], [-100.40192718815938, 20.463393503112375], [-100.40174726785007, 20.46302427254008], [-100.40156585198028, 20.46253124234188], [-100.40120751235987, 20.461916579313705], [-100.40073571369538, 20.46159222488955], [-100.40043884653842, 20.461224436719647], [-100.40020245038181, 20.461020992028683], [-100.40002502907723, 20.46085809164893], [-100.39949326562895, 20.460410655781743], [-100.39908293933148, 20.460333173777144], [-100.39890253162143, 20.4599226730118], [-100.39866142630935, 20.45902321417862], [-100.39857433583866, 20.458698314576118], [-100.39819616899395, 20.457346479295786], [-100.3980009024776, 20.456648448086245], [-100.39755431762057, 20.455475381801342], [-100.39760875110127, 20.453868422877086], [-100.39772711155103, 20.45386271694045], [-100.39982237689719, 20.453761694738137], [-100.40111127930822, 20.45395214714489], [-100.401927909415, 20.453776970608676], [-100.40280550532638, 20.453807400134192], [-100.40374157441157, 20.453837102292862], [-100.40438377980821, 20.453746616011774], [-100.40491203546057, 20.453905172703298], [-100.40567268549728, 20.453937034285175], [-100.4061949443514, 20.453600389967928], [-100.40672420102463, 20.453841473890098], [-100.40736790453374, 20.453874775872944], [-100.40818702724518, 20.453905902277754], [-100.40882972982008, 20.453856666079318], [-100.40877726367738, 20.454352587094046], [-100.40965586356693, 20.454465514471963], [-100.41000970817304, 20.454708762592038], [-100.40995975029281, 20.455411015400255], [-100.4100317493084, 20.456524481344143], [-100.41044657880666, 20.456973334705168], [-100.41595940082685, 20.453437984368264], [-100.43176387136981, 20.449856432340233], [-100.43183278083761, 20.45546860055728], [-100.43146653857671, 20.458981330736567], [-100.43084286659646, 20.465345068675074], [-100.43090641054818, 20.465756995351594], [-100.43011306049479, 20.467830541284357], [-100.42917514402566, 20.47242350006069], [-100.42900578198794, 20.472920886433275], [-100.42901489681094, 20.473663672565724], [-100.43252115320435, 20.473413396240442], [-100.43246723923403, 20.473785521736204], [-100.43760379755548, 20.47293689029284], [-100.43816416935891, 20.47094878690774], [-100.43833960533541, 20.470946582181195], [-100.43904134907206, 20.47093776150629], [-100.44049363590051, 20.4701353278462], [-100.44085775228625, 20.47120382145247], [-100.43986717905327, 20.47150518696635], [-100.43982244972614, 20.472620096281354], [-100.44303625502499, 20.4723732872699], [-100.44333936447131, 20.473236182469588], [-100.44352449763616, 20.474018019163626], [-100.44348081586918, 20.475215458798502], [-100.4433171112709, 20.476166778144847], [-100.44332629618933, 20.476909559136896], [-100.4439126351905, 20.477025987444563], [-100.44425892521282, 20.47665017506772], [-100.44454724365598, 20.476316364830595], [-100.44477861243782, 20.47610708816062], [-100.44536239506247, 20.476017183824048], [-100.44571327732959, 20.47601275898114], [-100.446177543088, 20.475717999172126], [-100.4466392513548, 20.475216910451433], [-100.44698553060434, 20.474841093205406], [-100.44745388103262, 20.474876454643574], [-100.44821360794846, 20.474825592254703], [-100.44885535108106, 20.474693672707932], [-100.44943707765059, 20.47443869310452], [-100.44978283614178, 20.474021605263783], [-100.44995520270986, 20.473771795622472], [-100.45100117232083, 20.473222040852], [-100.45135153495542, 20.473176339536444], [-100.45181680568518, 20.47296409666046], [-100.45210817581898, 20.472877867910842], [-100.45257293183553, 20.472624357665005], [-100.45268886424651, 20.47254034719677], [-100.45326852437546, 20.472120293797396], [-100.45367274574264, 20.471702459058687], [-100.45425650466683, 20.471612526105684], [-100.45513214153394, 20.471477623073955], [-100.45589287402863, 20.47150925904164], [-100.45642123409334, 20.471667652099537], [-100.45741742289344, 20.471820113120298], [-100.45806685525784, 20.472307141035028], [-100.45923179754537, 20.47192091707957], [-100.46039776299513, 20.471617216267568], [-100.46115352591659, 20.471759634977836], [-100.46121851883746, 20.471771882311963], [-100.46172301517576, 20.471448847959483], [-100.4618826663741, 20.47134662103527], [-100.46220492211592, 20.471140275283616], [-100.46354991723541, 20.471123181816406], [-100.46670617867849, 20.47095921290897], [-100.46957055800347, 20.470840179637996], [-100.47225638951022, 20.470475748008777], [-100.47423995909314, 20.470078975891724], [-100.47628458879478, 20.469887759134817], [-100.47774807626074, 20.469992856091796], [-100.47938647669358, 20.47005442957084], [-100.48113975071523, 20.46994942927019], [-100.48277398444199, 20.469680851632567], [-100.48411686949643, 20.46949854041517], [-100.48475802979385, 20.46932522654759], [-100.48557461849508, 20.469149658145945], [-100.48615938501823, 20.469142149356763], [-100.48656924314062, 20.469178156849996], [-100.48698223209969, 20.46946175219759], [-100.48803898970183, 20.469778344580998], [-100.48886967822958, 20.47071690950177], [-100.4888331388, 20.47245078104613], [-100.49095181906358, 20.475887541192147], [-100.49244232892323, 20.480660520860017], [-100.49262226019584, 20.481445972740847], [-100.4926538694737, 20.481901028528533], [-100.49268547903131, 20.482356084275832], [-100.49275056141182, 20.4836386199774], [-100.49263508733016, 20.484011562899695], [-100.49252664762783, 20.485791441990777], [-100.49251873493343, 20.486353080459363], [-100.4914080812936, 20.486408657654096], [-100.48973560364261, 20.488287400555016], [-100.48852991675162, 20.490077582628597], [-100.48631272433911, 20.490518802378208], [-100.4852270826447, 20.492555048981757], [-100.48330018667279, 20.492827416747694], [-100.4800907569146, 20.493446375702113], [-100.47974192178631, 20.493615932368257], [-100.47939724918893, 20.49411560566389], [-100.47928443879572, 20.49444722384387]]]]}}, {"type": "Feature", "properties": {"fid": 12956, "CVE_PAIS": "MX", "NOM_PAIS": "MEXICO", "CVE_ENT": "22", "NOM_ENT": "QUERETARO", "CVE_MUN": "006", "CU_MUN": "22006", "NOM_MUN": "CORREGIDORA", "CIRCUNSCRI": "2", "24_D_FEDERAL": 4, "24_D_LOCAL": 8, "24_SECCION": 119, "25_D_FEDERAL": 4, "25_D_LOCAL": 8, "25_SECCION": 119}, "geometry": {"type": "MultiPolygon", "coordinates": [[[[-100.42138649795238, 20.437425137400158], [-100.4219199599952, 20.437381826085808], [-100.42213319002573, 20.43734873738034], [-100.4223746651208, 20.43734181461546], [-100.42415030617356, 20.437244803210223], [-100.42456831765705, 20.437211685559124], [-100.42520861255393, 20.437178396616176], [-100.42529015473008, 20.43710018765093], [-100.4255331760797, 20.437086648612762], [-100.42557912754283, 20.437574581517627], [-100.42568416385045, 20.437571562070417], [-100.42574781953805, 20.437650132470313], [-100.42587955456935, 20.43771825860604], [-100.42599478316185, 20.43770248478768], [-100.42616235932594, 20.437676395457245], [-100.42647635356307, 20.43760461677913], [-100.42726190446979, 20.437665008375514], [-100.42814536566547, 20.437749112647428], [-100.42832342912585, 20.437722935192042], [-100.42845429766083, 20.437697144925707], [-100.42861740570392, 20.437755124946648], [-100.42879031653004, 20.43773887578566], [-100.4289174081378, 20.437713853864185], [-100.42908107093575, 20.43773733466241], [-100.4292279758504, 20.437738555224062], [-100.42935156472882, 20.437724582881888], [-100.42951033156808, 20.43779843159833], [-100.4297178828993, 20.43782825669153], [-100.42985399071924, 20.4377981999822], [-100.43000802314167, 20.437806004571588], [-100.43012820732262, 20.437869803830317], [-100.43050765255835, 20.43787445978711], [-100.43068102452524, 20.437892470699243], [-100.43125927907424, 20.437990079284923], [-100.43145368445401, 20.43806537504497], [-100.431607340231, 20.438099759375753], [-100.43162374636337, 20.43887653661416], [-100.4316856437623, 20.448247792065835], [-100.43176387136981, 20.449856432340233], [-100.41595940082685, 20.453437984368264], [-100.41044657880666, 20.456973334705168], [-100.4100317493084, 20.456524481344143], [-100.40995975029281, 20.455411015400255], [-100.41000970817304, 20.454708762592038], [-100.40965586356693, 20.454465514471963], [-100.40877726367738, 20.454352587094046], [-100.40882972982008, 20.453856666079318], [-100.40818702724518, 20.453905902277754], [-100.40736790453374, 20.453874775872944], [-100.40672420102463, 20.453841473890098], [-100.4061949443514, 20.453600389967928], [-100.40567268549728, 20.453937034285175], [-100.40491203546057, 20.453905172703298], [-100.40438377980821, 20.453746616011774], [-100.40374157441157, 20.453837102292862], [-100.40280550532638, 20.453807400134192], [-100.401927909415, 20.453776970608676], [-100.40111127930822, 20.45395214714489], [-100.39982237689719, 20.453761694738137], [-100.39772711155103, 20.45386271694045], [-100.39760875110127, 20.453868422877086], [-100.39755431762057, 20.455475381801342], [-100.3980009024776, 20.456648448086245], [-100.39819616899395, 20.457346479295786], [-100.39857433583866, 20.458698314576118], [-100.39866142630935, 20.45902321417862], [-100.39890253162143, 20.4599226730118], [-100.39908293933148, 20.460333173777144], [-100.39949326562895, 20.460410655781743], [-100.40002502907723, 20.46085809164893], [-100.40020245038181, 20.461020992028683], [-100.40043884653842, 20.461224436719647], [-100.40073571369538, 20.46159222488955], [-100.40120751235987, 20.461916579313705], [-100.40156585198028, 20.46253124234188], [-100.40174726785007, 20.46302427254008], [-100.40192718815938, 20.463393503112375], [-100.40210810735887, 20.46384526631777], [-100.40222855444438, 20.464132686157015], [-100.40246945004978, 20.464707525479028], [-100.40271134593706, 20.465364897173668], [-100.40294825145708, 20.46560960419211], [-100.40319414569507, 20.466597106230566], [-100.40349103027977, 20.466964888489763], [-100.40372843908438, 20.467250860582606], [-100.40391036780494, 20.467785153928173], [-100.40439068721392, 20.46881102644368], [-100.40451514091208, 20.46942857504201], [-100.40469607574279, 20.4698803343952], [-100.40481553328335, 20.470085218967725], [-100.40499746967829, 20.470619510591835], [-100.40517690762763, 20.470947470165697], [-100.40576670429807, 20.471352894717967], [-100.40653744728147, 20.47221007391325], [-100.40700979151066, 20.472575675908256], [-100.40730319322493, 20.472654586078797], [-100.40782751163715, 20.47248299925492], [-100.40817638882507, 20.472313585477046], [-100.40840830537313, 20.472145620878024], [-100.40893763054915, 20.472386693642076], [-100.40929352144985, 20.472795005466978], [-100.40953095016576, 20.473080968293896], [-100.4098838366642, 20.473241681170105], [-100.41023521977469, 20.473278594544727], [-100.41058710446305, 20.473356773438574], [-100.41094049412463, 20.473558750295567], [-100.41135286680644, 20.47380126668336], [-100.4117652407452, 20.47404378200975], [-100.41223258317909, 20.473996706612926], [-100.41246248949916, 20.473663671929245], [-100.41263542061137, 20.473455161948277], [-100.41298429401155, 20.473285738714647], [-100.4133351753612, 20.4732813795801], [-100.41362807870297, 20.473319012611135], [-100.41421388571915, 20.473394277166094], [-100.41456878731094, 20.47372004485475], [-100.41527708679283, 20.474247779313576], [-100.41546358968623, 20.475153452599034], [-100.41541013668277, 20.475566841333613], [-100.41530121891857, 20.476228554194886], [-100.41507131551818, 20.476561592404707], [-100.41513532710768, 20.47701479268404], [-100.41519965215774, 20.47721066747621], [-100.41525681533383, 20.47738473331683], [-100.41532434769861, 20.478126796341165], [-100.41556229880013, 20.47845401574184], [-100.41579874204962, 20.47865743639387], [-100.41621063269078, 20.478858673754456], [-100.41609517731348, 20.478983927391763], [-100.41604524667827, 20.47968617888324], [-100.41616824884152, 20.480179916828423], [-100.41629024562425, 20.48059112241527], [-100.41623679393268, 20.48100451113393], [-100.4160653693957, 20.481336823035473], [-100.41583445476263, 20.481587330211994], [-100.41554505598553, 20.48183856464281], [-100.41554907969204, 20.482168693491623], [-100.41549763758631, 20.482747146473663], [-100.41521427096639, 20.483493573747396], [-100.4151577984957, 20.483659365600698], [-100.41498737470235, 20.484074208861976], [-100.41493492460661, 20.484570129505535], [-100.41499793492021, 20.48494079705438], [-100.41500547820264, 20.485559788564505], [-100.41518495622346, 20.485887734989923], [-100.4153644350416, 20.486215681173043], [-100.41565887267483, 20.48637710750717], [-100.41589230998603, 20.486332930657298], [-100.41630271212037, 20.486410368200485], [-100.41659513766447, 20.486406728600425], [-100.41700906439625, 20.48677302684671], [-100.41713056626651, 20.48714296505018], [-100.41731156138056, 20.48759470698776], [-100.41731558983196, 20.48792483535247], [-100.4172621396689, 20.488338224036138], [-100.41720969639181, 20.48883414478626], [-100.4170392734534, 20.489248989833353], [-100.41686784270773, 20.489581302658003], [-100.41663792482748, 20.48991434341582], [-100.41605306040881, 20.489921623046836], [-100.41576012494397, 20.48988399606051], [-100.41535222901766, 20.49001288815069], [-100.41483087983421, 20.490432096832198], [-100.41436801463674, 20.490850576786514], [-100.4141915485113, 20.490770226474513], [-100.41343121965492, 20.49077967915336], [-100.41296533465109, 20.490950558980412], [-100.4124429708434, 20.4912872287786], [-100.41227102562475, 20.491578271582064], [-100.41221705893008, 20.491950393291358], [-100.41211063174052, 20.49281843501424], [-100.41100890362546, 20.49361629349541], [-100.41002163183596, 20.49420636300212], [-100.40955773882786, 20.49454229907081], [-100.40915233228095, 20.49487750836376], [-100.40880440973886, 20.495129458932], [-100.40769763588288, 20.495514636329656], [-100.40723273159415, 20.49576803427598], [-100.40659436212391, 20.49618867041036], [-100.40607096467495, 20.49644279026536], [-100.40560855779287, 20.496902515244695], [-100.40520463772583, 20.49736151476198], [-100.40468323539191, 20.497780695687258], [-100.4041578281787, 20.49786974526994], [-100.4035109399282, 20.497588844698342], [-100.40297853352708, 20.497100163024786], [-100.4029160448284, 20.496770756489433], [-100.40227166186436, 20.496696182265524], [-100.40203520602051, 20.496492744176358], [-100.40162228397209, 20.496208942664893], [-100.40132784001668, 20.496047492940587], [-100.40091442107173, 20.495722423276266], [-100.40044301410828, 20.495439341575885], [-100.39985562916998, 20.495240236246456], [-100.40021404970084, 20.495854895589904], [-100.40051348460895, 20.49642901045816], [-100.40075692891556, 20.497210179061398], [-100.40023251895177, 20.497381749415236], [-100.3993576679507, 20.497598919409487], [-100.39854280036624, 20.49793916203167], [-100.39795839925318, 20.497987648869515], [-100.39725552237374, 20.497913778128787], [-100.39655364241082, 20.497922437264208], [-100.39596575391269, 20.497682052692713], [-100.3954353611915, 20.497358412129906], [-100.39531390073478, 20.49698845660161], [-100.39536442449118, 20.496327473014485], [-100.39524147171211, 20.495833718093248], [-100.39447613518446, 20.495430424989326], [-100.39377177855337, 20.495232740021994], [-100.39288847633769, 20.494748347480158], [-100.39224112237542, 20.494426136387393], [-100.3912448256876, 20.49427330668199], [-100.3904854646168, 20.494365192960554], [-100.38931717646376, 20.494503375731245], [-100.38844182660188, 20.49467922418114], [-100.38698158354461, 20.494862251181754], [-100.38645617245582, 20.49495124722757], [-100.38494089950457, 20.49542384155905], [-100.38383256973835, 20.495685070486], [-100.38254580036708, 20.495700842905407], [-100.3817809883271, 20.495338758534686], [-100.38136513915194, 20.494807306441935], [-100.38077431969158, 20.494319268185194], [-100.38009883696857, 20.491644768311307], [-100.37832970679634, 20.48555807795218], [-100.37821437937029, 20.485275725308746], [-100.37843647634806, 20.485250686043933], [-100.38735001135467, 20.485014997298194], [-100.38741569710078, 20.485013258759416], [-100.38752250896601, 20.48499700345631], [-100.38761181159344, 20.485012851032092], [-100.38769096744043, 20.48502689792643], [-100.38825798376318, 20.48497906974778], [-100.38830533472938, 20.48495311844402], [-100.3883522962383, 20.484927380566383], [-100.38963199315077, 20.484226017716143], [-100.38968916632699, 20.48420055459902], [-100.3897580161415, 20.484169891042548], [-100.39293208697367, 20.48328494608169], [-100.39267414355653, 20.482357363924226], [-100.39235566876542, 20.481198692568693], [-100.39217072581556, 20.480409228466986], [-100.39200834645236, 20.4797160734669], [-100.39187975270681, 20.47882838027987], [-100.39186103901473, 20.47870293084482], [-100.39173263560807, 20.478461312546326], [-100.39145719673454, 20.478086526193813], [-100.39121791344532, 20.477843804111036], [-100.39081965556865, 20.4777599681592], [-100.39061359999279, 20.477755311415702], [-100.3904281139564, 20.47776840201819], [-100.39037160206158, 20.47700324290638], [-100.39036937071056, 20.47697303065884], [-100.39013314844877, 20.476128945319797], [-100.39051124719913, 20.475682589388327], [-100.3904935081415, 20.475539628973678], [-100.39042349599379, 20.475417287358447], [-100.38960869017504, 20.4723480512338], [-100.38942155949084, 20.472306490088016], [-100.38930698256632, 20.472161873331416], [-100.38842327677571, 20.46983686079979], [-100.38804294053485, 20.469849266914103], [-100.38807270630697, 20.465983073123823], [-100.38800710511383, 20.465625524148848], [-100.38781340743382, 20.46487463009807], [-100.38728825894376, 20.462838781162137], [-100.38689741651653, 20.462829025399607], [-100.38627535379601, 20.462599736832885], [-100.38593796975798, 20.462107872697487], [-100.38521457908888, 20.459892887434286], [-100.38515380487003, 20.459404400687095], [-100.38443855555248, 20.458034989768205], [-100.38427046682467, 20.45758539103437], [-100.3843109324444, 20.457501893440263], [-100.38459144732828, 20.45650790770951], [-100.38523318522648, 20.456376224110862], [-100.38575006149105, 20.455585703637787], [-100.38867327686219, 20.455508566398816], [-100.3877719106403, 20.453497261957963], [-100.38734577265853, 20.452099214317883], [-100.38715501683338, 20.450822096326014], [-100.38719963673408, 20.44966590917113], [-100.38741620789064, 20.448218702502647], [-100.38793453258636, 20.44755197737929], [-100.38833541613627, 20.44684541938083], [-100.38727156247748, 20.445909196614924], [-100.38759141890853, 20.445760817825352], [-100.38791127469642, 20.44561243848064], [-100.38896621765645, 20.445805855437012], [-100.39288224683345, 20.44563391955013], [-100.39322860245169, 20.44525820436274], [-100.39502925531626, 20.444245499586824], [-100.39682932562624, 20.44319150741986], [-100.3967208383166, 20.443894480979267], [-100.39660539054663, 20.444019721555986], [-100.39523043531467, 20.44638920295411], [-100.39500052705948, 20.44672221565862], [-100.39506446210038, 20.44717542899445], [-100.39525179840936, 20.448163668810867], [-100.40566270153525, 20.448282808841835], [-100.40647679637617, 20.44790128068422], [-100.40811297750349, 20.447798476149167], [-100.40928189088872, 20.44774272058571], [-100.41027238606404, 20.44744153404792], [-100.41102598935252, 20.446895645006244], [-100.41143277574517, 20.446684236220268], [-100.41223882516674, 20.445642420869575], [-100.41223431333849, 20.445271023783878], [-100.41327523042385, 20.444308834451245], [-100.41374348612264, 20.44434429278826], [-100.41415628353018, 20.444628073948444], [-100.41457058820396, 20.4450356529362], [-100.41498389097639, 20.44536069820595], [-100.41533018939175, 20.444984942172603], [-100.41567497949875, 20.44448538668326], [-100.41631713648528, 20.44439485892955], [-100.41707824121076, 20.444467939527748], [-100.417721402472, 20.444459939137538], [-100.41864986736775, 20.443870570752278], [-100.41946491000009, 20.443571517304743], [-100.41981119320657, 20.44319575315381], [-100.4204478034739, 20.442651282350663], [-100.42108541644028, 20.44218934183755], [-100.42143421108878, 20.44201990576129], [-100.4218414730364, 20.441849740295805], [-100.42224419891619, 20.441308178348045], [-100.422119705264, 20.440690643337813], [-100.42187777414459, 20.440033299416427], [-100.42175378703232, 20.439457030103398], [-100.42122758220039, 20.439463587239803], [-100.42064039284162, 20.439264540005617], [-100.4202245796816, 20.43873317656537], [-100.4217166863574, 20.43834963623015], [-100.42138649795238, 20.437425137400158]]]]}}, {"type": "Feature", "properties": {"fid": 12957, "CVE_PAIS": "MX", "NOM_PAIS": "MEXICO", "CVE_ENT": "22", "NOM_ENT": "QUERETARO", "CVE_MUN": "006", "CU_MUN": "22006", "NOM_MUN": "CORREGIDORA", "CIRCUNSCRI": "2", "24_D_FEDERAL": 4, "24_D_LOCAL": 6, "24_SECCION": 688, "25_D_FEDERAL": 4, "25_D_LOCAL": 6, "25_SECCION": 688}, "geometry": {"type": "MultiPolygon", "coordinates": [[[[-100.43994003996451, 20.589683206768633], [-100.43927873568116, 20.58964846665251], [-100.43748289450858, 20.589715905737787], [-100.43351386259035, 20.58995217924333], [-100.43342664932841, 20.589957369956714], [-100.43342889709712, 20.58993518901124], [-100.43341261727177, 20.589589875617325], [-100.43342347094574, 20.589428058947306], [-100.43350445260093, 20.58927213023244], [-100.43359528093022, 20.589140702347994], [-100.43361923679957, 20.589057699734905], [-100.43361293881641, 20.588824865431533], [-100.43358867965158, 20.588568230685244], [-100.43264578796592, 20.583783155883737], [-100.43197083695962, 20.580471093474515], [-100.43196861684653, 20.58044812304069], [-100.4319626488088, 20.580386374601137], [-100.43178434871376, 20.579333264874283], [-100.4316765488797, 20.578400895478485], [-100.43152589948699, 20.577655532579865], [-100.43106936395405, 20.576520729073028], [-100.43104801713466, 20.576407005058773], [-100.43098942035452, 20.576287430555816], [-100.43018648095186, 20.574648893185078], [-100.42867230240354, 20.57170713336203], [-100.42845904015562, 20.571443168289548], [-100.4280123171446, 20.571184183680217], [-100.42742867725117, 20.571198160215733], [-100.42620224186251, 20.571537383465223], [-100.42572876729668, 20.571534774526775], [-100.42537481811647, 20.57137821446834], [-100.42522329226126, 20.57124927839188], [-100.42507176665897, 20.57112034216583], [-100.42491982469004, 20.57076033330262], [-100.42435523701148, 20.567912187129988], [-100.42409256367225, 20.56752339221355], [-100.42372076657932, 20.564198103790023], [-100.42370472913359, 20.564054663412907], [-100.42369624445455, 20.563978775508836], [-100.42368831637977, 20.563907865862593], [-100.42355396272353, 20.562706177657024], [-100.42354475340562, 20.562623806617967], [-100.42387204531342, 20.562492409335093], [-100.42387010012912, 20.562469435829776], [-100.42386705047588, 20.562433418027588], [-100.42386296801402, 20.5623852022455], [-100.42376761677315, 20.56125904743125], [-100.42363275372597, 20.5599795199073], [-100.42163836636833, 20.560647606025686], [-100.42155486748662, 20.56063299564084], [-100.42135594159315, 20.56059818731983], [-100.42032347731386, 20.560966787140284], [-100.41966428644697, 20.561195486115817], [-100.4191099160442, 20.561373919753954], [-100.41882829180624, 20.56146703261315], [-100.41825790014609, 20.561654112704396], [-100.4180945273586, 20.56170103289687], [-100.41711056457103, 20.562061587469255], [-100.41710352227457, 20.56170131268982], [-100.41710062157695, 20.561552914777646], [-100.41709653461831, 20.561343827166553], [-100.41708937460689, 20.560977519372006], [-100.41708792081387, 20.560903142527316], [-100.41708151107864, 20.560575214981196], [-100.41705887415709, 20.55941705889793], [-100.41697483385319, 20.559299303198472], [-100.41695885465718, 20.55927691342175], [-100.41694400820056, 20.559256110812512], [-100.4169309716888, 20.559237844262015], [-100.41691935960404, 20.559221573590964], [-100.4176143185214, 20.558375334280232], [-100.41800609675022, 20.557898267907103], [-100.41956869995201, 20.555995467316503], [-100.41968194374607, 20.55585740636202], [-100.41969470070454, 20.555842032140472], [-100.42074802747432, 20.554559347216525], [-100.4212023392447, 20.55400610255403], [-100.42235625535079, 20.55260088224605], [-100.42238120600744, 20.552570503033436], [-100.4224898975439, 20.55243812133525], [-100.42253257608787, 20.55238629343803], [-100.42255324045348, 20.55236119202486], [-100.42288117957594, 20.551962806318453], [-100.42292112429693, 20.551956405063443], [-100.42295240346995, 20.55195139248035], [-100.42300136247943, 20.55194354663763], [-100.42308431660031, 20.551874850950473], [-100.42309643902662, 20.551893209022555], [-100.42311460318389, 20.551903584418767], [-100.42313321717945, 20.55191503728835], [-100.42316698942547, 20.551938050652186], [-100.4232155874364, 20.552045482005703], [-100.42367992370737, 20.553071940425323], [-100.42439703474996, 20.55269496075918], [-100.42505656984335, 20.552317236786973], [-100.42534506919031, 20.55215200827596], [-100.42548958376561, 20.5520452972208], [-100.42577173784686, 20.551836950981553], [-100.42601167655556, 20.55165977634034], [-100.4267123153532, 20.551163028069926], [-100.42749794063654, 20.550573157231277], [-100.42781480587995, 20.550265014897093], [-100.42788002374012, 20.550113686363662], [-100.4280250739746, 20.54988432971534], [-100.42823843480824, 20.54974683779669], [-100.42886820139772, 20.549384668266743], [-100.42884139974883, 20.549624257802154], [-100.428800821111, 20.549987003760148], [-100.42876380582686, 20.55037136103635], [-100.42876327320153, 20.550621956364655], [-100.4287521638538, 20.55168216871654], [-100.42882082612704, 20.55224884898256], [-100.42886539554483, 20.552384210879627], [-100.42899933265555, 20.55279098995854], [-100.4291783126474, 20.553221722564686], [-100.42952464983476, 20.55392325041377], [-100.42955310427887, 20.55398088634619], [-100.429793116674, 20.554404756895476], [-100.43034782810915, 20.55537119110884], [-100.43075542773241, 20.555859797159695], [-100.43117656032848, 20.55630516641242], [-100.43136632806468, 20.556496773546876], [-100.43258916407144, 20.557160488514906], [-100.43278849863366, 20.557418524392908], [-100.43303580863935, 20.557810064028263], [-100.43311366380094, 20.558066701594534], [-100.43277639553145, 20.558026686034914], [-100.43256542922049, 20.55807412964186], [-100.43242905229327, 20.558168318582307], [-100.43231179457018, 20.55829225418344], [-100.43222501313217, 20.558536997124182], [-100.4323614880892, 20.55974135673345], [-100.43243475148441, 20.559743569163942], [-100.43250045772918, 20.559772779480838], [-100.43255043330741, 20.5598166556541], [-100.43321189849308, 20.559707225488506], [-100.43322854582382, 20.559820901072218], [-100.43331574996947, 20.55980393508643], [-100.43331954721438, 20.55985832140138], [-100.43339879666384, 20.560414819828633], [-100.43341881277088, 20.560572377988635], [-100.43343348994048, 20.56065795739766], [-100.43350989542037, 20.56128231451636], [-100.43362092333572, 20.56203994352855], [-100.43363468139641, 20.5621338247263], [-100.43374088140482, 20.562908997118868], [-100.43383929601133, 20.563630689975312], [-100.43391718451652, 20.564287570035646], [-100.43391373915262, 20.5643530915403], [-100.43395762143201, 20.564520688843782], [-100.43399288826814, 20.564736752931577], [-100.43401799814214, 20.564836182676842], [-100.43405787482708, 20.56489848183067], [-100.43416095740213, 20.56493178956158], [-100.4349832258238, 20.564942057805553], [-100.43504332923494, 20.564904551420774], [-100.43510051705569, 20.56478066441133], [-100.43558097678476, 20.564980142661295], [-100.43587868391002, 20.565184265275], [-100.43613594901997, 20.565422148173894], [-100.43609167992275, 20.565468221348098], [-100.43606496634268, 20.565572761050152], [-100.43608003002824, 20.565703033789685], [-100.4361595794775, 20.565819731894205], [-100.43628478964708, 20.56588389212874], [-100.43644185660355, 20.56589997550723], [-100.43657060340513, 20.565834986573268], [-100.4366208275668, 20.565987051777753], [-100.43664966211217, 20.56606207879931], [-100.4370299520438, 20.567328936834908], [-100.4370773189968, 20.567474945403468], [-100.4371036822234, 20.567580046181156], [-100.43719629154431, 20.567896043742483], [-100.43743490124847, 20.56871021055383], [-100.43746990200545, 20.5688296367613], [-100.43749520051789, 20.56892133116065], [-100.43754119865545, 20.569074790434357], [-100.43758131030587, 20.569208160926195], [-100.43760591330742, 20.56929460250968], [-100.43793519155017, 20.5704343239686], [-100.43796549919303, 20.57053922595972], [-100.43798636576663, 20.57062324954318], [-100.43803701700881, 20.570774874054607], [-100.43833755053404, 20.570699432744057], [-100.43940723306314, 20.570432409596773], [-100.44057315538255, 20.57011269969851], [-100.44064774856017, 20.57009141152302], [-100.44082115187555, 20.57004814068548], [-100.44089118229431, 20.57005689895499], [-100.4409910189279, 20.570321378625458], [-100.4409703454444, 20.570373339835946], [-100.44102260198923, 20.570548730306633], [-100.44103807722077, 20.570597959481113], [-100.44109870777613, 20.570790834572016], [-100.4411809946395, 20.571129185746376], [-100.44121554240765, 20.5711974514284], [-100.44132427818012, 20.57163838608909], [-100.44144362767724, 20.572019937712266], [-100.44165067073905, 20.572669834769716], [-100.44166545313594, 20.572716235674118], [-100.441893786571, 20.573456471690523], [-100.44194823323438, 20.573641135647502], [-100.44231965594722, 20.574900857154578], [-100.4425526873241, 20.57570799804118], [-100.4426405236153, 20.57601984107301], [-100.44239163568972, 20.57605106611537], [-100.44085640609737, 20.576235841069032], [-100.44037364201996, 20.576278924054364], [-100.43973015267959, 20.57630087517335], [-100.43870753264723, 20.57631956007196], [-100.43803767556935, 20.576309413788366], [-100.4378607544088, 20.57632011703599], [-100.43767603562148, 20.576322659211925], [-100.4345481896824, 20.576365675986214], [-100.4363516037803, 20.58004311634565], [-100.43862857620275, 20.579483021409178], [-100.43875696255549, 20.57998989629279], [-100.43906057263386, 20.57994216099797], [-100.43912519487495, 20.580348520424113], [-100.4413539235895, 20.580125004030897], [-100.44134534876228, 20.580371193153955], [-100.44118198102758, 20.581975318162286], [-100.440988976586, 20.583347030426275], [-100.44063867349746, 20.585508508731518], [-100.44033561832742, 20.586855285556737], [-100.43988740437258, 20.58882369487214], [-100.43994003996451, 20.589683206768633]]]]}}, {"type": "Feature", "properties": {"fid": 12958, "CVE_PAIS": "MX", "NOM_PAIS": "MEXICO", "CVE_ENT": "22", "NOM_ENT": "QUERETARO", "CVE_MUN": "006", "CU_MUN": "22006", "NOM_MUN": "CORREGIDORA", "CIRCUNSCRI": "2", "24_D_FEDERAL": 4, "24_D_LOCAL": 6, "24_SECCION": 689, "25_D_FEDERAL": 4, "25_D_LOCAL": 6, "25_SECCION": 689}, "geometry": {"type": "MultiPolygon", "coordinates": [[[[-100.40646830330725, 20.555566389223838], [-100.40567227876258, 20.555536544116162], [-100.40462076411828, 20.555526113046366], [-100.4050163286417, 20.555064729811146], [-100.4052221800655, 20.554817043861718], [-100.40539282475038, 20.554609981107394], [-100.40570475621135, 20.554242258136647], [-100.40649515016801, 20.554322801562122], [-100.4065332819383, 20.554326687250324], [-100.40673595600441, 20.554347339915697], [-100.40677845613112, 20.554353017338006], [-100.40691047250888, 20.554212032481296], [-100.40774241549326, 20.55332356441264], [-100.40767547882898, 20.553673373502523], [-100.40825168202582, 20.55328740423033], [-100.40824352896642, 20.55334392389183], [-100.40811114735101, 20.553621026778274], [-100.40764138363627, 20.55458435594195], [-100.40704005450175, 20.555084794754052], [-100.40646830330725, 20.555566389223838]]]]}}, {"type": "Feature", "properties": {"fid": 12959, "CVE_PAIS": "MX", "NOM_PAIS": "MEXICO", "CVE_ENT": "22", "NOM_ENT": "QUERETARO", "CVE_MUN": "006", "CU_MUN": "22006", "NOM_MUN": "CORREGIDORA", "CIRCUNSCRI": "2", "24_D_FEDERAL": 4, "24_D_LOCAL": 6, "24_SECCION": 690, "25_D_FEDERAL": 4, "25_D_LOCAL": 6, "25_SECCION": 690}, "geometry": {"type": "MultiPolygon", "coordinates": [[[[-100.40264891654066, 20.552819956998306], [-100.40269381048148, 20.553020903034167], [-100.40288357635944, 20.5538702914316], [-100.40289355479223, 20.553916829063244], [-100.40294172389721, 20.55427128856363], [-100.40294786705718, 20.55431649376862], [-100.40299511635381, 20.55466882634247], [-100.40302134679662, 20.554988811763316], [-100.40302507311885, 20.555035239106626], [-100.40305544023067, 20.555413590387822], [-100.40306110242837, 20.55548413067002], [-100.40135747715343, 20.555435589637085], [-100.40025172966357, 20.555408835653424], [-100.40010105643887, 20.555405189508857], [-100.39876158111653, 20.555337879862186], [-100.39886108033814, 20.554797495524934], [-100.3989905740369, 20.554052517683154], [-100.39999759074891, 20.554004038262754], [-100.39992525229368, 20.55384811728972], [-100.3998358372274, 20.55365538824058], [-100.39998461859489, 20.55365147028979], [-100.3999571082695, 20.553389121520226], [-100.39995210511451, 20.55334141009414], [-100.39991889126769, 20.55328782848279], [-100.3998864374514, 20.55315918627312], [-100.40065570068879, 20.55303783759896], [-100.40147511382523, 20.55294442647683], [-100.40223628368734, 20.552857605794152], [-100.40264891654066, 20.552819956998306]]]]}}, {"type": "Feature", "properties": {"fid": 12960, "CVE_PAIS": "MX", "NOM_PAIS": "MEXICO", "CVE_ENT": "22", "NOM_ENT": "QUERETARO", "CVE_MUN": "006", "CU_MUN": "22006", "NOM_MUN": "CORREGIDORA", "CIRCUNSCRI": "2", "24_D_FEDERAL": 4, "24_D_LOCAL": 6, "24_SECCION": 694, "25_D_FEDERAL": 4, "25_D_LOCAL": 6, "25_SECCION": 694}, "geometry": {"type": "MultiPolygon", "coordinates": [[[[-100.39581336023137, 20.55525717815852], [-100.395647660529, 20.55524846334341], [-100.39558454634178, 20.555114183188966], [-100.39499659479395, 20.555153555215618], [-100.39422102870269, 20.55519103445766], [-100.3937965022365, 20.555220899983148], [-100.39330705215286, 20.555256763891197], [-100.39293266943766, 20.555255191271144], [-100.3925622626219, 20.55527940243932], [-100.39219267248168, 20.555299905968113], [-100.39181236010768, 20.555341788529084], [-100.39161313674343, 20.554649293922996], [-100.39147788848686, 20.554179171619815], [-100.39131579979716, 20.55361574707589], [-100.39105695076256, 20.552644327006274], [-100.39102666248867, 20.552531387424718], [-100.39108028154406, 20.552463588740828], [-100.3915227965149, 20.551903704796516], [-100.39178112984285, 20.551576851255916], [-100.39189349350812, 20.55139237647347], [-100.39195316384388, 20.55140766938348], [-100.3919899446471, 20.551417095923327], [-100.3921915469872, 20.55171281665547], [-100.39232530271622, 20.5519090156666], [-100.39242080634956, 20.552049104364063], [-100.39243972540258, 20.552076856060882], [-100.39277510779561, 20.551881998568767], [-100.39308313574035, 20.55170333259024], [-100.39325590110084, 20.551603123252722], [-100.3933830018118, 20.55152939985561], [-100.39357638132651, 20.551413665671554], [-100.39366362134906, 20.55154800212518], [-100.39380432907585, 20.55147883044888], [-100.39467211489432, 20.55314571674826], [-100.39519216939084, 20.554144642468184], [-100.39528061219261, 20.554301521551757], [-100.39548651899396, 20.554684515149564], [-100.39581336023137, 20.55525717815852]]]]}}, {"type": "Feature", "properties": {"fid": 12961, "CVE_PAIS": "MX", "NOM_PAIS": "MEXICO", "CVE_ENT": "22", "NOM_ENT": "QUERETARO", "CVE_MUN": "006", "CU_MUN": "22006", "NOM_MUN": "CORREGIDORA", "CIRCUNSCRI": "2", "24_D_FEDERAL": 4, "24_D_LOCAL": 6, "24_SECCION": 695, "25_D_FEDERAL": 4, "25_D_LOCAL": 6, "25_SECCION": 695}, "geometry": {"type": "MultiPolygon", "coordinates": [[[[-100.39189349350812, 20.55139237647347], [-100.39178112984285, 20.551576851255916], [-100.3915227965149, 20.551903704796516], [-100.39108028154406, 20.552463588740828], [-100.39102666248867, 20.552531387424718], [-100.39099140762254, 20.552414051461497], [-100.39075176969236, 20.55161879191487], [-100.39051997856633, 20.550849563553843], [-100.39041098617291, 20.55048907737847], [-100.39034665403021, 20.550276301531156], [-100.39012893673247, 20.549556205663933], [-100.38984056490294, 20.548602409159592], [-100.38963885928587, 20.5479352549632], [-100.3897135278423, 20.547964424365983], [-100.39003757340623, 20.547942276229648], [-100.39039298817542, 20.54791655934294], [-100.39048090820788, 20.547909440537868], [-100.39075097435092, 20.547887573246097], [-100.39086483826487, 20.547878361079682], [-100.3911052266526, 20.547858912195487], [-100.39147874771153, 20.54780846367477], [-100.39170713258014, 20.547782290696226], [-100.39181392074055, 20.548033360431884], [-100.39184102786443, 20.54804525113209], [-100.39189110703202, 20.548058800988112], [-100.39189993835697, 20.548036030007125], [-100.3919655099401, 20.547866957189605], [-100.39199490558953, 20.547847251369603], [-100.39206938702436, 20.54779731992969], [-100.39222437179713, 20.547755560785728], [-100.39274157314749, 20.547721468399097], [-100.39276754364016, 20.5477685336204], [-100.3927920333604, 20.547807802116505], [-100.39295348704702, 20.54807223278038], [-100.39313066233105, 20.548350045765496], [-100.39331539910778, 20.54862151541178], [-100.39350912206272, 20.548907443901623], [-100.39368026395931, 20.549204602321762], [-100.39385226838725, 20.549507822513814], [-100.39403345900818, 20.549829885696766], [-100.39425760186134, 20.550022144656783], [-100.3944584712631, 20.55031168953958], [-100.39453388844983, 20.55027393689602], [-100.39486994500663, 20.550331841283793], [-100.39491166666808, 20.550342916689015], [-100.39503595814499, 20.550329909980366], [-100.39510061056173, 20.55031812226815], [-100.39518957211038, 20.550858870230332], [-100.39494685026995, 20.550874072725435], [-100.3947859424906, 20.550937113989225], [-100.39413130781281, 20.551293034880775], [-100.39380432907585, 20.55147883044888], [-100.39366362134906, 20.55154800212518], [-100.39357638132651, 20.551413665671554], [-100.3933830018118, 20.55152939985561], [-100.39325590110084, 20.551603123252722], [-100.39308313574035, 20.55170333259024], [-100.39277510779561, 20.551881998568767], [-100.39243972540258, 20.552076856060882], [-100.39242080634956, 20.552049104364063], [-100.39232530271622, 20.5519090156666], [-100.3921915469872, 20.55171281665547], [-100.3919899446471, 20.551417095923327], [-100.39195316384388, 20.55140766938348], [-100.39189349350812, 20.55139237647347]]]]}}, {"type": "Feature", "properties": {"fid": 12962, "CVE_PAIS": "MX", "NOM_PAIS": "MEXICO", "CVE_ENT": "22", "NOM_ENT": "QUERETARO", "CVE_MUN": "006", "CU_MUN": "22006", "NOM_MUN": "CORREGIDORA", "CIRCUNSCRI": "2", "24_D_FEDERAL": 4, "24_D_LOCAL": 6, "24_SECCION": 764, "25_D_FEDERAL": 4, "25_D_LOCAL": 6, "25_SECCION": 764}, "geometry": {"type": "MultiPolygon", "coordinates": [[[[-100.41614177757059, 20.552205085787172], [-100.41508229867068, 20.552208044347147], [-100.41455911817884, 20.552224538049146], [-100.41400566430758, 20.552241277264237], [-100.41349978234088, 20.552257626119488], [-100.41327060861536, 20.552263569489714], [-100.41295027377384, 20.552279575212722], [-100.41236239316646, 20.552304309131323], [-100.41177426416495, 20.552289961814292], [-100.41182079868507, 20.55129741994057], [-100.41184697873356, 20.551100692564322], [-100.41212134958995, 20.550864943334467], [-100.41222659340548, 20.55078425472843], [-100.41230259647385, 20.550733214623403], [-100.41277785114815, 20.550414054336468], [-100.41323827077801, 20.550157729086944], [-100.41360414539152, 20.549967353507217], [-100.41374629767914, 20.549905087948904], [-100.41394091019302, 20.549903804668144], [-100.41415712741163, 20.54990171352035], [-100.41461984339932, 20.549895466318223], [-100.41500907999144, 20.549890007809612], [-100.41575058258134, 20.549891090439676], [-100.41646257087056, 20.54985800877383], [-100.41650419500482, 20.549777075294553], [-100.41677958029855, 20.550063628077027], [-100.41753924813266, 20.550835486594757], [-100.41706219236492, 20.551202592714795], [-100.41694014854036, 20.551161543202138], [-100.41611987178477, 20.55118787541416], [-100.41614177757059, 20.552205085787172]]]]}}, {"type": "Feature", "properties": {"fid": 12963, "CVE_PAIS": "MX", "NOM_PAIS": "MEXICO", "CVE_ENT": "22", "NOM_ENT": "QUERETARO", "CVE_MUN": "006", "CU_MUN": "22006", "NOM_MUN": "CORREGIDORA", "CIRCUNSCRI": "2", "24_D_FEDERAL": 4, "24_D_LOCAL": 6, "24_SECCION": 765, "25_D_FEDERAL": 4, "25_D_LOCAL": 6, "25_SECCION": 765}, "geometry": {"type": "MultiPolygon", "coordinates": [[[[-100.41093257682908, 20.551239747315684], [-100.41134068445464, 20.55078539680114], [-100.41224470020477, 20.549815490924434], [-100.41248847411653, 20.549516122518785], [-100.4127320820457, 20.549236256185797], [-100.41300234143901, 20.54895790731529], [-100.41325039974383, 20.54865442929718], [-100.41351146842717, 20.548354918543545], [-100.41368269300709, 20.548162057054412], [-100.41375399267578, 20.548099416512095], [-100.41394812211172, 20.5478665838508], [-100.4141065966002, 20.547698268315497], [-100.41444808879629, 20.547300845837253], [-100.41475456195025, 20.54754493046732], [-100.41515007700437, 20.54787496467789], [-100.41592442954837, 20.54851833906296], [-100.41574556639544, 20.548721271177392], [-100.4155197346474, 20.54898624432449], [-100.41524459981609, 20.549263572916338], [-100.41495405594475, 20.549553037091172], [-100.41461984339932, 20.549895466318223], [-100.41415712741163, 20.54990171352035], [-100.41394091019302, 20.549903804668144], [-100.41374629767914, 20.549905087948904], [-100.41360414539152, 20.549967353507217], [-100.41323827077801, 20.550157729086944], [-100.41277785114815, 20.550414054336468], [-100.41230259647385, 20.550733214623403], [-100.41222659340548, 20.55078425472843], [-100.41212134958995, 20.550864943334467], [-100.41184697873356, 20.551100692564322], [-100.41182079868507, 20.55129741994057], [-100.41177426416495, 20.552289961814292], [-100.41169583489851, 20.553156335487017], [-100.41157398292255, 20.554297038873443], [-100.41156799661033, 20.554320319511092], [-100.41151272924797, 20.55453525277831], [-100.41134988157512, 20.554030154750986], [-100.41124423063779, 20.55389388320196], [-100.41111125467626, 20.553793005711842], [-100.4108771562866, 20.553692748768487], [-100.41078347111349, 20.55365261092656], [-100.4105048643221, 20.553531538046286], [-100.41039699528552, 20.553484661715732], [-100.4100670413246, 20.553348841290454], [-100.41003655630468, 20.55333172612911], [-100.40993426063706, 20.55328323798564], [-100.40986280527898, 20.55324458640603], [-100.40975966389023, 20.55313198040206], [-100.40961213618137, 20.55281681715223], [-100.40965383964846, 20.552755309298885], [-100.40966796912667, 20.552733632459454], [-100.40968535623946, 20.55270772763215], [-100.4097054901525, 20.552677730371308], [-100.40972969303353, 20.552641504769955], [-100.40975190945915, 20.55261199529823], [-100.41015093845253, 20.552151165825297], [-100.41027401755741, 20.552005358492504], [-100.41046375052707, 20.55178423871476], [-100.41093257682908, 20.551239747315684]]]]}}, {"type": "Feature", "properties": {"fid": 12964, "CVE_PAIS": "MX", "NOM_PAIS": "MEXICO", "CVE_ENT": "22", "NOM_ENT": "QUERETARO", "CVE_MUN": "006", "CU_MUN": "22006", "NOM_MUN": "CORREGIDORA", "CIRCUNSCRI": "2", "24_D_FEDERAL": 4, "24_D_LOCAL": 6, "24_SECCION": 766, "25_D_FEDERAL": 4, "25_D_LOCAL": 6, "25_SECCION": 766}, "geometry": {"type": "MultiPolygon", "coordinates": [[[[-100.40899337590326, 20.551458416906065], [-100.40901420441294, 20.551508910250384], [-100.40913471267012, 20.55180105064186], [-100.40916667962081, 20.55187767502227], [-100.40961213619256, 20.552816816684356], [-100.40975966389023, 20.55313198040206], [-100.40986280527898, 20.55324458640603], [-100.40993426063706, 20.55328323798564], [-100.41003655630468, 20.55333172612911], [-100.4100670413246, 20.553348841290454], [-100.41039699528552, 20.553484661715732], [-100.4105048643221, 20.553531538046286], [-100.41078347111349, 20.55365261092656], [-100.4108771562866, 20.553692748768487], [-100.41111125467626, 20.553793005711842], [-100.41099438917236, 20.553798468582894], [-100.41094633407701, 20.55380109981719], [-100.4108965266883, 20.553804599261582], [-100.41083703877794, 20.553807386279622], [-100.41055170576078, 20.553856044491624], [-100.40985297475524, 20.553975164165642], [-100.40984941151477, 20.55395155237881], [-100.40867998426384, 20.55415807230118], [-100.40809629938529, 20.554401436721225], [-100.40797187920317, 20.554453312948326], [-100.40783133845949, 20.554511910252025], [-100.4077189831547, 20.554558755822672], [-100.40764138363627, 20.55458435594195], [-100.40811114735101, 20.553621026778274], [-100.40824352896642, 20.55334392389183], [-100.40825168202582, 20.55328740423033], [-100.40767547881806, 20.553673373960365], [-100.40774241549326, 20.55332356441264], [-100.40691047250888, 20.554212032481296], [-100.40677845613112, 20.554353017338006], [-100.40673595600441, 20.554347339915697], [-100.4065332819383, 20.554326687250324], [-100.40649515016801, 20.554322801562122], [-100.40570475621135, 20.554242258136647], [-100.40539282475038, 20.554609981107394], [-100.4052221800655, 20.554817043861718], [-100.4050163286417, 20.555064729811146], [-100.40462076411828, 20.555526113046366], [-100.40438374585545, 20.555519771471584], [-100.40352046685453, 20.555496534993594], [-100.40306110242837, 20.55548413067002], [-100.40305544023067, 20.555413590387822], [-100.40302507311885, 20.555035239106626], [-100.40302134679662, 20.554988811763316], [-100.40299511635381, 20.55466882634247], [-100.40294786705718, 20.55431649376862], [-100.40294172389721, 20.55427128856363], [-100.40289355479223, 20.553916829063244], [-100.40288357635944, 20.5538702914316], [-100.40269381048148, 20.553020903034167], [-100.40264891654066, 20.552819956998306], [-100.40280947865253, 20.55280545142186], [-100.40267370644833, 20.5522658398709], [-100.40425957447815, 20.55197156930885], [-100.404319112929, 20.55194631109858], [-100.40445677912066, 20.552066680754685], [-100.40476847908913, 20.552339216707722], [-100.40492084370244, 20.55247243665741], [-100.40498646235304, 20.55252981018556], [-100.40511281391275, 20.552493902048987], [-100.40594194116898, 20.552091675202224], [-100.4057710701831, 20.55173780385703], [-100.40624042896276, 20.551507024357612], [-100.40614442681456, 20.551320306336997], [-100.40713633803118, 20.55088790353306], [-100.40736320455503, 20.551553579704855], [-100.4076419156078, 20.5520482156104], [-100.40768292076731, 20.552035193843466], [-100.407736450619, 20.552018194666264], [-100.40785170179277, 20.55195585550123], [-100.4083179869236, 20.55174580653995], [-100.40899337590326, 20.551458416906065]]]]}}, {"type": "Feature", "properties": {"fid": 12965, "CVE_PAIS": "MX", "NOM_PAIS": "MEXICO", "CVE_ENT": "22", "NOM_ENT": "QUERETARO", "CVE_MUN": "006", "CU_MUN": "22006", "NOM_MUN": "CORREGIDORA", "CIRCUNSCRI": "2", "24_D_FEDERAL": 4, "24_D_LOCAL": 6, "24_SECCION": 767, "25_D_FEDERAL": 4, "25_D_LOCAL": 6, "25_SECCION": 767}, "geometry": {"type": "MultiPolygon", "coordinates": [[[[-100.39581336023137, 20.55525717815852], [-100.39548651899396, 20.554684515149564], [-100.39528061219261, 20.554301521551757], [-100.39519216939084, 20.554144642468184], [-100.3960539705992, 20.553939917200896], [-100.39633752630182, 20.553927916299855], [-100.39654586167303, 20.553867943794305], [-100.39679213581717, 20.553715640022734], [-100.39695794417477, 20.553582446848356], [-100.39712480172547, 20.553311435298074], [-100.39744615450142, 20.552469534409095], [-100.39753058341141, 20.55222302743199], [-100.3980100605917, 20.55099103989778], [-100.398079250441, 20.550917891360978], [-100.39816312058917, 20.55096292821462], [-100.3985579786168, 20.550983141650356], [-100.39875645197806, 20.550999271578934], [-100.39876734424948, 20.551027676461448], [-100.39891674764957, 20.551417331628898], [-100.39906412250745, 20.551766987546607], [-100.39924618611755, 20.552155343513444], [-100.3994144521937, 20.552598220394486], [-100.39943740058533, 20.55265862040746], [-100.39975286606663, 20.553448768982555], [-100.39983583723789, 20.55365538777298], [-100.39992525229368, 20.55384811728972], [-100.39999759074891, 20.554004038262754], [-100.3989905740369, 20.554052517683154], [-100.39886108033814, 20.554797495524934], [-100.39876158111653, 20.555337879862186], [-100.39806487940409, 20.555328933883953], [-100.39786054344884, 20.555326089508693], [-100.39682599240295, 20.555310433086554], [-100.39581336023137, 20.55525717815852]]]]}}, {"type": "Feature", "properties": {"fid": 12966, "CVE_PAIS": "MX", "NOM_PAIS": "MEXICO", "CVE_ENT": "22", "NOM_ENT": "QUERETARO", "CVE_MUN": "006", "CU_MUN": "22006", "NOM_MUN": "CORREGIDORA", "CIRCUNSCRI": "2", "24_D_FEDERAL": 4, "24_D_LOCAL": 6, "24_SECCION": 768, "25_D_FEDERAL": 4, "25_D_LOCAL": 6, "25_SECCION": 768}, "geometry": {"type": "MultiPolygon", "coordinates": [[[[-100.3960539705992, 20.553939917200896], [-100.39519216939084, 20.554144642468184], [-100.39467211489432, 20.55314571674826], [-100.39380432907585, 20.55147883044888], [-100.39413130781281, 20.551293034880775], [-100.39478594248048, 20.55093711445772], [-100.39494685026995, 20.550874072725527], [-100.39518957211038, 20.550858870230332], [-100.39557210268393, 20.550860146258767], [-100.39561080975464, 20.550858811109435], [-100.39581962660728, 20.550852271125567], [-100.39661751693272, 20.55082680947853], [-100.39766481832689, 20.550782696366493], [-100.398079250441, 20.550917891360978], [-100.3980100605917, 20.55099103989778], [-100.39753058341141, 20.55222302743199], [-100.39744615450142, 20.552469534409095], [-100.39712480172547, 20.553311435298074], [-100.39695794417477, 20.553582446848356], [-100.39679213581717, 20.553715640022734], [-100.39654586167303, 20.553867943794305], [-100.39633752630182, 20.553927916299855], [-100.3960539705992, 20.553939917200896]]]]}}, {"type": "Feature", "properties": {"fid": 12967, "CVE_PAIS": "MX", "NOM_PAIS": "MEXICO", "CVE_ENT": "22", "NOM_ENT": "QUERETARO", "CVE_MUN": "006", "CU_MUN": "22006", "NOM_MUN": "CORREGIDORA", "CIRCUNSCRI": "2", "24_D_FEDERAL": 4, "24_D_LOCAL": 6, "24_SECCION": 769, "25_D_FEDERAL": 4, "25_D_LOCAL": 6, "25_SECCION": 769}, "geometry": {"type": "MultiPolygon", "coordinates": [[[[-100.40165717912463, 20.55048617484153], [-100.40160539128226, 20.550870370488223], [-100.40169728585171, 20.550858576139635], [-100.40171182820426, 20.55091146921723], [-100.40178674265846, 20.551168159265657], [-100.40179859449094, 20.551215823170462], [-100.40181044632122, 20.551263487532434], [-100.40189022279463, 20.55153229264026], [-100.40190229935979, 20.55157879308375], [-100.4019143759226, 20.551625293984298], [-100.4019914635931, 20.551893196128106], [-100.40200377237421, 20.551943327755055], [-100.40201608116435, 20.5519934593803], [-100.40209149021122, 20.552260376558664], [-100.40210414591918, 20.55231409416058], [-100.40211654311166, 20.552361389143034], [-100.40220496707985, 20.552727827260735], [-100.4022199098725, 20.55278975154392], [-100.40222421567881, 20.552807594932677], [-100.4022362836821, 20.552857606023206], [-100.40147511382523, 20.55294442647683], [-100.40065570068879, 20.55303783759896], [-100.3998864374514, 20.55315918627312], [-100.39991889126769, 20.55328782848279], [-100.39995210511451, 20.55334141009414], [-100.3999571082695, 20.553389121520226], [-100.39998461860539, 20.553651469822192], [-100.3998358372274, 20.55365538824058], [-100.39975286606663, 20.553448768982555], [-100.39943740058533, 20.55265862040746], [-100.3994144521937, 20.552598220394486], [-100.39924618611755, 20.552155343513444], [-100.39906412250745, 20.551766987546607], [-100.39891674764957, 20.551417331628898], [-100.39876734424948, 20.551027676461448], [-100.39875645197806, 20.550999271578934], [-100.39925060659303, 20.550917381196975], [-100.39964614472218, 20.55084651401447], [-100.4006246541484, 20.550671187162887], [-100.40165717912463, 20.55048617484153]]]]}}, {"type": "Feature", "properties": {"fid": 12968, "CVE_PAIS": "MX", "NOM_PAIS": "MEXICO", "CVE_ENT": "22", "NOM_ENT": "QUERETARO", "CVE_MUN": "006", "CU_MUN": "22006", "NOM_MUN": "CORREGIDORA", "CIRCUNSCRI": "2", "24_D_FEDERAL": 4, "24_D_LOCAL": 6, "24_SECCION": 770, "25_D_FEDERAL": 4, "25_D_LOCAL": 6, "25_SECCION": 770}, "geometry": {"type": "MultiPolygon", "coordinates": [[[[-100.40777452146104, 20.548871253382185], [-100.40784949017676, 20.54903846620737], [-100.40790573206536, 20.54915656263408], [-100.40798176941452, 20.54932381103555], [-100.40820959554266, 20.54980031400589], [-100.40835695458597, 20.55010851736873], [-100.408728009974, 20.55089040710686], [-100.40899337591439, 20.551458416437743], [-100.4083179869236, 20.55174580653995], [-100.40785170179277, 20.55195585550123], [-100.407736450619, 20.552018194666264], [-100.40768292076731, 20.552035193843466], [-100.4076419156078, 20.5520482156104], [-100.40736320455503, 20.551553579704855], [-100.40713633803118, 20.55088790353306], [-100.40614442681456, 20.551320306336997], [-100.40624042896276, 20.551507024357612], [-100.4057710701831, 20.55173780385703], [-100.40594194116898, 20.552091675202224], [-100.40511281391275, 20.552493902048987], [-100.40498646235304, 20.55252981018556], [-100.40492084370244, 20.55247243665741], [-100.40476847908913, 20.552339216707722], [-100.40445677912066, 20.552066680754685], [-100.404319112929, 20.55194631109858], [-100.40425957447815, 20.55197156930885], [-100.40267370644833, 20.5522658398709], [-100.40280947865253, 20.55280545142186], [-100.40264891654066, 20.552819956998306], [-100.4022362836821, 20.552857606023206], [-100.40222421567881, 20.552807594932677], [-100.4022199098725, 20.55278975154392], [-100.40220496707985, 20.552727827260735], [-100.40211654311166, 20.552361389143034], [-100.40210414591918, 20.55231409416058], [-100.40209149021122, 20.552260376558664], [-100.40201608116435, 20.5519934593803], [-100.40200377237421, 20.551943327755055], [-100.4019914635931, 20.551893196128106], [-100.4019143759226, 20.551625293984298], [-100.40190229935979, 20.55157879308375], [-100.40189022279463, 20.55153229264026], [-100.40181044632122, 20.551263487532434], [-100.40179859449094, 20.551215823170462], [-100.40178674265846, 20.551168159265657], [-100.40171182820426, 20.55091146921723], [-100.40169728585171, 20.550858576139635], [-100.40160539128226, 20.550870370488223], [-100.40165717912463, 20.55048617484153], [-100.40203353421477, 20.55045850255672], [-100.40247156913317, 20.5504262938686], [-100.40266438584149, 20.5504121158117], [-100.4027621330859, 20.55040401695121], [-100.40275733724751, 20.550351970934962], [-100.40279025612452, 20.550307865925948], [-100.40267887276742, 20.54889431011821], [-100.40268310464293, 20.54860055125395], [-100.40269500000257, 20.54777483336049], [-100.40265527975153, 20.547370977612243], [-100.4026373439902, 20.54727812374515], [-100.40260621603855, 20.54719610732039], [-100.40253289502917, 20.54706793287905], [-100.4023845669026, 20.546846636182895], [-100.40234896885879, 20.546793524270214], [-100.40239298064468, 20.54678643599027], [-100.40294313976084, 20.54670785158869], [-100.40301695385988, 20.54669740351248], [-100.40317829722854, 20.547140827940595], [-100.40344260634608, 20.54772581361556], [-100.4034834338602, 20.547877117468552], [-100.40432448912759, 20.547846046211284], [-100.40559149569164, 20.547804208678233], [-100.40607226261625, 20.547762153363575], [-100.4060987522842, 20.54775929268188], [-100.40617964812887, 20.547750556523173], [-100.40629473889565, 20.547738127497002], [-100.40653813381411, 20.54771184223155], [-100.40672752430741, 20.547678664318394], [-100.40714958592027, 20.547591483183858], [-100.4071712556682, 20.547581940366523], [-100.4071888075752, 20.547618296535703], [-100.40731857583481, 20.547874964644063], [-100.40747138433301, 20.54820577300711], [-100.40762414041298, 20.548542863426682], [-100.40777452146104, 20.548871253382185]]]]}}, {"type": "Feature", "properties": {"fid": 12969, "CVE_PAIS": "MX", "NOM_PAIS": "MEXICO", "CVE_ENT": "22", "NOM_ENT": "QUERETARO", "CVE_MUN": "006", "CU_MUN": "22006", "NOM_MUN": "CORREGIDORA", "CIRCUNSCRI": "2", "24_D_FEDERAL": 4, "24_D_LOCAL": 6, "24_SECCION": 771, "25_D_FEDERAL": 4, "25_D_LOCAL": 6, "25_SECCION": 771}, "geometry": {"type": "MultiPolygon", "coordinates": [[[[-100.40910535563101, 20.549065186011276], [-100.40926268755815, 20.548924806166607], [-100.40941626285448, 20.5487724357414], [-100.40973114259556, 20.548519441448473], [-100.41019725205473, 20.54810856243045], [-100.41034234166015, 20.548758258926032], [-100.41062890077414, 20.54996266923383], [-100.41069415505727, 20.55020532153582], [-100.41093257682908, 20.551239747315684], [-100.41046375052707, 20.55178423871476], [-100.41027401755741, 20.552005358492504], [-100.41015093845253, 20.552151165825297], [-100.40975190945915, 20.55261199529823], [-100.40972969303353, 20.552641504769955], [-100.4097054901525, 20.552677730371308], [-100.40968535623946, 20.55270772763215], [-100.40966796912667, 20.552733632459454], [-100.40965383964846, 20.552755309298885], [-100.40961213618137, 20.55281681715223], [-100.40916667962081, 20.55187767502227], [-100.40913471267012, 20.55180105064186], [-100.40901420441294, 20.551508910250384], [-100.40899337590326, 20.551458416906065], [-100.408728009974, 20.55089040710686], [-100.40835695458597, 20.55010851736873], [-100.40820959554266, 20.54980031400589], [-100.40825798295569, 20.549765208841226], [-100.40831478785869, 20.54972398215201], [-100.40834674723348, 20.549700971926068], [-100.40837870659853, 20.549677961694726], [-100.40847197205606, 20.5496111001015], [-100.40850846279244, 20.54958522551546], [-100.40877071578933, 20.549354694167338], [-100.40910535563101, 20.549065186011276]]]]}}, {"type": "Feature", "properties": {"fid": 12970, "CVE_PAIS": "MX", "NOM_PAIS": "MEXICO", "CVE_ENT": "22", "NOM_ENT": "QUERETARO", "CVE_MUN": "006", "CU_MUN": "22006", "NOM_MUN": "CORREGIDORA", "CIRCUNSCRI": "2", "24_D_FEDERAL": 4, "24_D_LOCAL": 6, "24_SECCION": 772, "25_D_FEDERAL": 4, "25_D_LOCAL": 6, "25_SECCION": 772}, "geometry": {"type": "MultiPolygon", "coordinates": [[[[-100.41093257682908, 20.551239747315684], [-100.41069415505727, 20.55020532153582], [-100.41062890077414, 20.54996266923383], [-100.41034234166015, 20.548758258926032], [-100.41019725205473, 20.54810856243045], [-100.4105137398289, 20.547825321384327], [-100.41079255983298, 20.547574554637816], [-100.41107559136464, 20.547311532028825], [-100.41134527418899, 20.547007880534416], [-100.41143921816828, 20.54690432488044], [-100.41160216920532, 20.546724701427387], [-100.41186338786277, 20.546441486750815], [-100.41211148220225, 20.546142083797115], [-100.4123897726748, 20.54583428698277], [-100.4125046161308, 20.54570585130822], [-100.41254874841704, 20.545743490009933], [-100.4131549600552, 20.546260501081946], [-100.41319198957312, 20.546292081729256], [-100.4138920669781, 20.54685590419244], [-100.41423491260365, 20.547130257806376], [-100.41444808879629, 20.547300845837253], [-100.4141065966002, 20.547698268315497], [-100.41394812211172, 20.5478665838508], [-100.41375399267578, 20.548099416512095], [-100.41368269300709, 20.548162057054412], [-100.41351146842717, 20.548354918543545], [-100.41325039974383, 20.54865442929718], [-100.41300234143901, 20.54895790731529], [-100.4127320820457, 20.549236256185797], [-100.41248847411653, 20.549516122518785], [-100.41224470020477, 20.549815490924434], [-100.41134068445464, 20.55078539680114], [-100.41093257682908, 20.551239747315684]]]]}}, {"type": "Feature", "properties": {"fid": 12971, "CVE_PAIS": "MX", "NOM_PAIS": "MEXICO", "CVE_ENT": "22", "NOM_ENT": "QUERETARO", "CVE_MUN": "006", "CU_MUN": "22006", "NOM_MUN": "CORREGIDORA", "CIRCUNSCRI": "2", "24_D_FEDERAL": 4, "24_D_LOCAL": 6, "24_SECCION": 773, "25_D_FEDERAL": 4, "25_D_LOCAL": 6, "25_SECCION": 773}, "geometry": {"type": "MultiPolygon", "coordinates": [[[[-100.41733161124763, 20.547057814428534], [-100.41772700315876, 20.547336264624875], [-100.41838934485114, 20.547802706678837], [-100.4184230209492, 20.547826422307722], [-100.41871544589358, 20.548032354736407], [-100.41874615050337, 20.548056670703374], [-100.41879639180529, 20.548096499685606], [-100.41890397594425, 20.548181754219115], [-100.4188821412742, 20.54820563421585], [-100.41842691474771, 20.5487189608183], [-100.41855933146861, 20.548835978859955], [-100.41859957649324, 20.5488710397473], [-100.41905909801909, 20.549291359414408], [-100.41912370933848, 20.54935058944838], [-100.41979908551916, 20.549971522137533], [-100.41958087824369, 20.55060277808937], [-100.4192819827784, 20.551645582848675], [-100.41924802851327, 20.551815486785255], [-100.41908964631372, 20.55243348661206], [-100.41900178697183, 20.55235348223265], [-100.41865290757389, 20.55199182429808], [-100.41847819149106, 20.55181771269347], [-100.41812416857717, 20.551417314066864], [-100.4178597487756, 20.551143848780207], [-100.41753924812694, 20.550835486814325], [-100.41677958029855, 20.550063628077027], [-100.41650419500482, 20.549777075294553], [-100.41646257087056, 20.54985800877383], [-100.41575058258134, 20.549891090439676], [-100.41500907999144, 20.549890007809612], [-100.41461984339932, 20.549895466318223], [-100.41495405594475, 20.549553037091172], [-100.41524459981609, 20.549263572916338], [-100.4155197346474, 20.54898624432449], [-100.41574556639544, 20.548721271177392], [-100.41592442954837, 20.54851833906296], [-100.41595252275664, 20.54848935176543], [-100.41622966020557, 20.548203393392722], [-100.41653510586318, 20.547885857123685], [-100.41685258095242, 20.54755581336904], [-100.41704279963695, 20.547358063109336], [-100.41706679414877, 20.547333118502696], [-100.41713527314197, 20.547261927813164], [-100.41733161124763, 20.547057814428534]]]]}}, {"type": "Feature", "properties": {"fid": 12972, "CVE_PAIS": "MX", "NOM_PAIS": "MEXICO", "CVE_ENT": "22", "NOM_ENT": "QUERETARO", "CVE_MUN": "006", "CU_MUN": "22006", "NOM_MUN": "CORREGIDORA", "CIRCUNSCRI": "2", "24_D_FEDERAL": 4, "24_D_LOCAL": 8, "24_SECCION": 774, "25_D_FEDERAL": 4, "25_D_LOCAL": 8, "25_SECCION": 774}, "geometry": {"type": "MultiPolygon", "coordinates": [[[[-100.41733161124763, 20.547057814428534], [-100.41713527314197, 20.547261927813164], [-100.41706679414877, 20.547333118502696], [-100.41704279963695, 20.547358063109336], [-100.41685258095242, 20.54755581336904], [-100.41653510586318, 20.547885857123685], [-100.41622966020557, 20.548203393392722], [-100.41595252275664, 20.54848935176543], [-100.41592442954837, 20.54851833906296], [-100.41515007700437, 20.54787496467789], [-100.41475456195025, 20.54754493046732], [-100.41444808879629, 20.547300845837253], [-100.41423491260365, 20.547130257806376], [-100.4138920669781, 20.54685590419244], [-100.4146158161597, 20.54610407807273], [-100.41502387964914, 20.545680179872303], [-100.41513112128575, 20.545569173553535], [-100.41569266354469, 20.54498791497795], [-100.4162252819834, 20.544436589782663], [-100.416259075475, 20.544465182667647], [-100.41662760162876, 20.54477699426782], [-100.41668195223104, 20.54482298029974], [-100.4167393537769, 20.54481106843498], [-100.41729492053985, 20.545279558274153], [-100.4175923130206, 20.545530336624658], [-100.41772142224967, 20.54564128986208], [-100.41775814220644, 20.545673996493488], [-100.41784703058822, 20.545753188174714], [-100.41793460605719, 20.545836599497807], [-100.41826786814316, 20.546154013937862], [-100.41706082002536, 20.546888420294216], [-100.41733161124763, 20.547057814428534]]]]}}, {"type": "Feature", "properties": {"fid": 12973, "CVE_PAIS": "MX", "NOM_PAIS": "MEXICO", "CVE_ENT": "22", "NOM_ENT": "QUERETARO", "CVE_MUN": "006", "CU_MUN": "22006", "NOM_MUN": "CORREGIDORA", "CIRCUNSCRI": "2", "24_D_FEDERAL": 4, "24_D_LOCAL": 8, "24_SECCION": 775, "25_D_FEDERAL": 4, "25_D_LOCAL": 8, "25_SECCION": 775}, "geometry": {"type": "MultiPolygon", "coordinates": [[[[-100.41490050444996, 20.543293168302018], [-100.41497331547627, 20.543356087872894], [-100.41605389342278, 20.544290101555738], [-100.4161177032878, 20.544344640983482], [-100.41618116709132, 20.54439888456192], [-100.41622528197175, 20.544436590253074], [-100.41569266354469, 20.54498791497795], [-100.41513112128575, 20.545569173553535], [-100.41502387964914, 20.545680179872303], [-100.4146158161597, 20.54610407807273], [-100.4138920669781, 20.54685590419244], [-100.41319198957312, 20.546292081729256], [-100.4131549600552, 20.546260501081946], [-100.41254874841704, 20.545743490009933], [-100.4125046161308, 20.54570585130822], [-100.4123897726748, 20.54583428698277], [-100.41211148220225, 20.546142083797115], [-100.41186338786277, 20.546441486750815], [-100.41160216920532, 20.546724701427387], [-100.41143921816828, 20.54690432488044], [-100.41134527418899, 20.547007880534416], [-100.41107559136464, 20.547311532028825], [-100.41079255983298, 20.547574554637816], [-100.4105137398289, 20.547825321384327], [-100.41019725205473, 20.54810856243045], [-100.41001885174657, 20.547284325204455], [-100.40979840019801, 20.546425415847747], [-100.4097388981956, 20.54633657152277], [-100.40980315918185, 20.546311736555833], [-100.4102068152795, 20.54614474634079], [-100.41023513854545, 20.54613176561674], [-100.41028833446538, 20.546105842936637], [-100.41187148818229, 20.5453343374579], [-100.41204656268121, 20.54524901900409], [-100.41290536830526, 20.544830493625287], [-100.4129344819452, 20.544816305920456], [-100.41295593763826, 20.54480584928662], [-100.41315178416902, 20.544710405466997], [-100.41331947765045, 20.544877531007348], [-100.4137920738303, 20.544466395421296], [-100.41388007472565, 20.54438983810927], [-100.41410293852589, 20.544150325217654], [-100.41417407654646, 20.544073872605825], [-100.41427560205764, 20.54396476213443], [-100.41437700610176, 20.543855781999216], [-100.41449382343963, 20.54373023682547], [-100.41490050444996, 20.543293168302018]]]]}}, {"type": "Feature", "properties": {"fid": 12974, "CVE_PAIS": "MX", "NOM_PAIS": "MEXICO", "CVE_ENT": "22", "NOM_ENT": "QUERETARO", "CVE_MUN": "006", "CU_MUN": "22006", "NOM_MUN": "CORREGIDORA", "CIRCUNSCRI": "2", "24_D_FEDERAL": 4, "24_D_LOCAL": 6, "24_SECCION": 776, "25_D_FEDERAL": 4, "25_D_LOCAL": 6, "25_SECCION": 776}, "geometry": {"type": "MultiPolygon", "coordinates": [[[[-100.40895648506402, 20.543231610027412], [-100.40919610214813, 20.544368113033844], [-100.40969099077823, 20.54614096133983], [-100.40973889820678, 20.546336571052993], [-100.40979840019801, 20.546425415847747], [-100.41001885174657, 20.547284325204455], [-100.41019725205473, 20.54810856243045], [-100.40973114259556, 20.548519441448473], [-100.40941626285448, 20.5487724357414], [-100.40926268755815, 20.548924806166607], [-100.40910535563101, 20.549065186011276], [-100.40853556589606, 20.54733501402512], [-100.40852042452397, 20.547279108070654], [-100.40851078801138, 20.54724051152224], [-100.40862693080581, 20.546873180422597], [-100.40858573318474, 20.546783873622765], [-100.40845956757873, 20.546428505521057], [-100.40838295478362, 20.54617795840573], [-100.40786800676221, 20.544606608775414], [-100.40785172752906, 20.54457702966629], [-100.4078609879965, 20.5445480113025], [-100.40786944507329, 20.544521510414107], [-100.40781872983138, 20.544396472873302], [-100.4078318409142, 20.544362313726495], [-100.40794889654187, 20.544039518130678], [-100.40765507602741, 20.543958869026604], [-100.40756708837581, 20.543921213255814], [-100.4075951318373, 20.543810595488775], [-100.40798717296371, 20.54373741311535], [-100.4080751162925, 20.543683689143727], [-100.40821945716145, 20.543643137880508], [-100.40846298173388, 20.54354725644103], [-100.40895648506402, 20.543231610027412]]]]}}, {"type": "Feature", "properties": {"fid": 12975, "CVE_PAIS": "MX", "NOM_PAIS": "MEXICO", "CVE_ENT": "22", "NOM_ENT": "QUERETARO", "CVE_MUN": "006", "CU_MUN": "22006", "NOM_MUN": "CORREGIDORA", "CIRCUNSCRI": "2", "24_D_FEDERAL": 4, "24_D_LOCAL": 6, "24_SECCION": 777, "25_D_FEDERAL": 4, "25_D_LOCAL": 6, "25_SECCION": 777}, "geometry": {"type": "MultiPolygon", "coordinates": [[[[-100.40665644990655, 20.54617192337521], [-100.40664749953751, 20.545974089388686], [-100.40664183154054, 20.545366577632258], [-100.40666519840858, 20.54471190062126], [-100.40668960573873, 20.544403705931856], [-100.40676436262173, 20.544128169623264], [-100.40695387592615, 20.5438688532371], [-100.4070561280171, 20.54382940281804], [-100.40707385569256, 20.543791173439278], [-100.40756029936051, 20.54367925013912], [-100.4075951318373, 20.543810595488775], [-100.40756708837581, 20.543921213255814], [-100.40765507602741, 20.543958869026604], [-100.40794889654187, 20.544039518130678], [-100.4078318409142, 20.544362313726495], [-100.40781872983138, 20.544396472873302], [-100.40786944507329, 20.544521510414107], [-100.4078609879965, 20.5445480113025], [-100.40785172752906, 20.54457702966629], [-100.40786800676221, 20.544606608775414], [-100.40838295478362, 20.54617795840573], [-100.40845956757873, 20.546428505521057], [-100.40858573318474, 20.546783873622765], [-100.40862693080581, 20.546873180422597], [-100.40851078801138, 20.54724051152224], [-100.40852042452397, 20.547279108070654], [-100.40853556589606, 20.54733501402512], [-100.40910535563101, 20.549065186011276], [-100.40877071578933, 20.549354694167338], [-100.40850846279244, 20.54958522551546], [-100.40847197205606, 20.5496111001015], [-100.40837870659853, 20.549677961694726], [-100.40834674723348, 20.549700971926068], [-100.40831478785869, 20.54972398215201], [-100.40825798295569, 20.549765208841226], [-100.40820959554266, 20.54980031400589], [-100.40798176941452, 20.54932381103555], [-100.40790573206536, 20.54915656263408], [-100.40784949017676, 20.54903846620737], [-100.40777452146104, 20.548871253382185], [-100.40762414040195, 20.54854286389591], [-100.40747138432202, 20.548205773476337], [-100.40731857583481, 20.547874964644063], [-100.4071888075752, 20.547618296535703], [-100.40717125567919, 20.547581939897114], [-100.40709851550996, 20.547427662033748], [-100.40677434685429, 20.546913551612786], [-100.40667871981523, 20.54676189251814], [-100.40656154862033, 20.54657613501102], [-100.4062264137019, 20.546314095527137], [-100.40607940199851, 20.546217788592084], [-100.40603072122971, 20.54618641141903], [-100.40606777100689, 20.54610870637032], [-100.40609841466673, 20.546042147579385], [-100.40610631798992, 20.546024981355444], [-100.40642833194558, 20.546107185313506], [-100.40658751618604, 20.546183778117697], [-100.40665644990655, 20.54617192337521]]]]}}, {"type": "Feature", "properties": {"fid": 12976, "CVE_PAIS": "MX", "NOM_PAIS": "MEXICO", "CVE_ENT": "22", "NOM_ENT": "QUERETARO", "CVE_MUN": "006", "CU_MUN": "22006", "NOM_MUN": "CORREGIDORA", "CIRCUNSCRI": "2", "24_D_FEDERAL": 4, "24_D_LOCAL": 6, "24_SECCION": 778, "25_D_FEDERAL": 4, "25_D_LOCAL": 6, "25_SECCION": 778}, "geometry": {"type": "MultiPolygon", "coordinates": [[[[-100.40653813381411, 20.54771184223155], [-100.40629473889565, 20.547738127497002], [-100.40617964812887, 20.547750556523173], [-100.4060987522842, 20.54775929268188], [-100.40607226261625, 20.547762153363575], [-100.40559149569164, 20.547804208678233], [-100.40432448912759, 20.547846046211284], [-100.4034834338602, 20.547877117468552], [-100.40344260634608, 20.54772581361556], [-100.40317829722854, 20.547140827940595], [-100.40301695385988, 20.54669740351248], [-100.40294313976084, 20.54670785158869], [-100.40239298064468, 20.54678643599027], [-100.40234896885879, 20.546793524270214], [-100.40217043056793, 20.54652714628302], [-100.40195170594652, 20.546262696115676], [-100.40191290299373, 20.546213798444583], [-100.40186898039961, 20.546176666547527], [-100.40212739780036, 20.54582869826028], [-100.40233606884576, 20.545547713856724], [-100.40249195107674, 20.545392873931636], [-100.40251579537413, 20.54537974500784], [-100.40253417410467, 20.545369625479708], [-100.40249226683135, 20.545320554361865], [-100.40247779672059, 20.54530110868812], [-100.40245971147489, 20.545273402563478], [-100.40241513417935, 20.54519509837917], [-100.40236322427374, 20.545116160833288], [-100.40272178529327, 20.544936435364455], [-100.40306687038621, 20.5447725908621], [-100.40339817200923, 20.544617562781518], [-100.4037662796882, 20.544444825057255], [-100.4038766999014, 20.54439169787467], [-100.40391398962885, 20.544374412433484], [-100.40412518483527, 20.544276513876177], [-100.40436908842932, 20.544165719389973], [-100.40440773325324, 20.54414994842344], [-100.40451569134225, 20.544104534158482], [-100.40471372171312, 20.54449710088778], [-100.4049316933591, 20.544902510645507], [-100.40518484110322, 20.545354565749985], [-100.40541982257453, 20.545817944341874], [-100.40537110222532, 20.545874871956666], [-100.40534737787803, 20.54590268017283], [-100.4053236535223, 20.54593048838616], [-100.40528012311492, 20.54598153021661], [-100.40566499271941, 20.546080879750996], [-100.40597228725926, 20.54615888719288], [-100.40603072124061, 20.546186410949165], [-100.40607940199851, 20.546217788592084], [-100.40622641369099, 20.546314095996912], [-100.40656154860939, 20.546576135480798], [-100.40667871981523, 20.54676189251814], [-100.40677434685429, 20.546913551612786], [-100.40709851550996, 20.547427662033748], [-100.40717125567919, 20.547581939897114], [-100.40714958592027, 20.547591483183858], [-100.40672752430741, 20.547678664318394], [-100.40653813381411, 20.54771184223155]]]]}}, {"type": "Feature", "properties": {"fid": 12977, "CVE_PAIS": "MX", "NOM_PAIS": "MEXICO", "CVE_ENT": "22", "NOM_ENT": "QUERETARO", "CVE_MUN": "006", "CU_MUN": "22006", "NOM_MUN": "CORREGIDORA", "CIRCUNSCRI": "2", "24_D_FEDERAL": 4, "24_D_LOCAL": 6, "24_SECCION": 779, "25_D_FEDERAL": 4, "25_D_LOCAL": 6, "25_SECCION": 779}, "geometry": {"type": "MultiPolygon", "coordinates": [[[[-100.3994960917961, 20.549150178204197], [-100.40158124814472, 20.548981336559777], [-100.40186592947165, 20.548961226870887], [-100.40228200943734, 20.54892769097526], [-100.40267887276742, 20.54889431011821], [-100.40279025611396, 20.550307866384788], [-100.40275733724751, 20.550351970934962], [-100.40276213307536, 20.550404017410038], [-100.40266438583622, 20.550412116041112], [-100.40247156913317, 20.5504262938686], [-100.40203353421477, 20.55045850255672], [-100.40165717912463, 20.55048617484153], [-100.4006246541484, 20.550671187162887], [-100.39964614472218, 20.55084651401447], [-100.39925060659303, 20.550917381196975], [-100.39875645197806, 20.550999271578934], [-100.3985579786168, 20.550983141650356], [-100.39816312058917, 20.55096292821462], [-100.398079250441, 20.550917891360978], [-100.39850167883306, 20.549793046688006], [-100.39858705793601, 20.549565659714613], [-100.39863460659778, 20.549215729333493], [-100.39868084397061, 20.549211973486123], [-100.3987133644182, 20.5492094580158], [-100.39875603007296, 20.549206540105715], [-100.3994960917961, 20.549150178204197]]]]}}, {"type": "Feature", "properties": {"fid": 12978, "CVE_PAIS": "MX", "NOM_PAIS": "MEXICO", "CVE_ENT": "22", "NOM_ENT": "QUERETARO", "CVE_MUN": "006", "CU_MUN": "22006", "NOM_MUN": "CORREGIDORA", "CIRCUNSCRI": "2", "24_D_FEDERAL": 4, "24_D_LOCAL": 6, "24_SECCION": 780, "25_D_FEDERAL": 4, "25_D_LOCAL": 6, "25_SECCION": 780}, "geometry": {"type": "MultiPolygon", "coordinates": [[[[-100.398079250441, 20.550917891360978], [-100.39766481832689, 20.550782696366493], [-100.39661751693272, 20.55082680947853], [-100.39581962660728, 20.550852271125567], [-100.39561080975464, 20.550858811109435], [-100.39557210268393, 20.550860146258767], [-100.39518957211038, 20.550858870230332], [-100.39510061056173, 20.55031812226815], [-100.39504049703697, 20.549952722824475], [-100.39508457068634, 20.549924245222265], [-100.39534452761768, 20.549890223563967], [-100.39541249847952, 20.549907780176056], [-100.3956761750494, 20.549898838697228], [-100.39581505994475, 20.549896124998586], [-100.39665243294824, 20.549871448810187], [-100.3972417027004, 20.54984982569516], [-100.39765666639504, 20.549827047707705], [-100.39806159270657, 20.54980580080671], [-100.39850167883306, 20.549793046688006], [-100.398079250441, 20.550917891360978]]]]}}, {"type": "Feature", "properties": {"fid": 12979, "CVE_PAIS": "MX", "NOM_PAIS": "MEXICO", "CVE_ENT": "22", "NOM_ENT": "QUERETARO", "CVE_MUN": "006", "CU_MUN": "22006", "NOM_MUN": "CORREGIDORA", "CIRCUNSCRI": "2", "24_D_FEDERAL": 4, "24_D_LOCAL": 6, "24_SECCION": 781, "25_D_FEDERAL": 4, "25_D_LOCAL": 6, "25_SECCION": 781}, "geometry": {"type": "MultiPolygon", "coordinates": [[[[-100.3956192143834, 20.549259944195807], [-100.39564928517615, 20.549276657702674], [-100.39574349131412, 20.54926949544346], [-100.39575375847365, 20.549298416759633], [-100.39577908788561, 20.549369766520577], [-100.39578534757109, 20.54949116009893], [-100.39581505994475, 20.549896124998586], [-100.3956761750494, 20.549898838697228], [-100.39541249847952, 20.549907780176056], [-100.39534452761768, 20.549890223563967], [-100.39508457068634, 20.549924245222265], [-100.39504049703697, 20.549952722824475], [-100.39510061056173, 20.55031812226815], [-100.39503595814499, 20.550329909980366], [-100.39491166666808, 20.550342916689015], [-100.39486994500663, 20.550331841283793], [-100.39453388844983, 20.55027393689602], [-100.3944584712631, 20.55031168953958], [-100.39425760186134, 20.550022144656783], [-100.39403345900818, 20.549829885696766], [-100.39385226838725, 20.549507822513814], [-100.39368026395931, 20.549204602321762], [-100.39350912206272, 20.548907443901623], [-100.39331539910778, 20.54862151541178], [-100.39313066233105, 20.548350045765496], [-100.39295348704701, 20.54807223278038], [-100.3927920333604, 20.547807802116505], [-100.39276754364016, 20.5477685336204], [-100.39274157314749, 20.547721468399097], [-100.39311319382743, 20.547692544652097], [-100.39411663333571, 20.54761420694732], [-100.39415228189445, 20.547612216306202], [-100.39419314181232, 20.54761049127988], [-100.39469147942424, 20.54756859181668], [-100.39472916109435, 20.547565423540597], [-100.39565613845744, 20.547487480645568], [-100.39565489052589, 20.547524152072306], [-100.39565325906965, 20.547572093664844], [-100.39564743651168, 20.547849206751383], [-100.3956192143834, 20.549259944195807]]]]}}, {"type": "Feature", "properties": {"fid": 12980, "CVE_PAIS": "MX", "NOM_PAIS": "MEXICO", "CVE_ENT": "22", "NOM_ENT": "QUERETARO", "CVE_MUN": "006", "CU_MUN": "22006", "NOM_MUN": "CORREGIDORA", "CIRCUNSCRI": "2", "24_D_FEDERAL": 4, "24_D_LOCAL": 6, "24_SECCION": 782, "25_D_FEDERAL": 4, "25_D_LOCAL": 6, "25_SECCION": 782}, "geometry": {"type": "MultiPolygon", "coordinates": [[[[-100.39870605575267, 20.547326214600368], [-100.3987076415241, 20.548138023572047], [-100.39869720619002, 20.548523277372507], [-100.39866334617105, 20.548848749064074], [-100.39863460659778, 20.549215729333493], [-100.39858705793601, 20.549565659714613], [-100.39850167883306, 20.549793046688006], [-100.39806159270657, 20.54980580080671], [-100.39765666639504, 20.549827047707705], [-100.3972417027004, 20.54984982569516], [-100.39665243294824, 20.549871448810187], [-100.39581505994475, 20.549896124998586], [-100.39578534757109, 20.54949116009893], [-100.39577908788561, 20.549369766520577], [-100.39575375847365, 20.549298416759633], [-100.39574349131412, 20.54926949544346], [-100.39564928517615, 20.549276657702674], [-100.3956192143834, 20.549259944195807], [-100.39564743651168, 20.547849206751383], [-100.39565325906965, 20.547572093664844], [-100.39565489052589, 20.547524152072306], [-100.39565613845744, 20.547487480645568], [-100.39699981265845, 20.547374491794447], [-100.39704060202301, 20.547371061673683], [-100.39866103925674, 20.547231333934498], [-100.39868955547237, 20.547225488207634], [-100.39870142990979, 20.54729945415053], [-100.39870605575267, 20.547326214600368]]]]}}, {"type": "Feature", "properties": {"fid": 12981, "CVE_PAIS": "MX", "NOM_PAIS": "MEXICO", "CVE_ENT": "22", "NOM_ENT": "QUERETARO", "CVE_MUN": "006", "CU_MUN": "22006", "NOM_MUN": "CORREGIDORA", "CIRCUNSCRI": "2", "24_D_FEDERAL": 4, "24_D_LOCAL": 6, "24_SECCION": 783, "25_D_FEDERAL": 4, "25_D_LOCAL": 6, "25_SECCION": 783}, "geometry": {"type": "MultiPolygon", "coordinates": [[[[-100.39883480912926, 20.547210243184228], [-100.39930331668862, 20.547177094267425], [-100.40103892598687, 20.54695761175956], [-100.40124294383031, 20.5468938622252], [-100.40144255789733, 20.546750855630076], [-100.40186898039961, 20.546176666547527], [-100.40191290299373, 20.546213798444583], [-100.40195170594652, 20.546262696115676], [-100.40217043056793, 20.54652714628302], [-100.40234896885879, 20.546793524270214], [-100.4023845669026, 20.546846636182895], [-100.40253289502917, 20.54706793287905], [-100.40260621603855, 20.54719610732039], [-100.4026373439902, 20.54727812374515], [-100.40265527975153, 20.547370977612243], [-100.40269500000257, 20.54777483336049], [-100.40268310464293, 20.54860055125395], [-100.40267887276742, 20.54889431011821], [-100.40228200942684, 20.54892769143455], [-100.40186592946118, 20.548961227330082], [-100.40158124814472, 20.548981336559777], [-100.3994960917961, 20.549150178204197], [-100.39875603007296, 20.549206540105715], [-100.3987133644182, 20.5492094580158], [-100.39868084397061, 20.549211973486123], [-100.3986346065875, 20.549215729792696], [-100.39866334617105, 20.548848749064074], [-100.39869720619002, 20.548523277372507], [-100.3987076415241, 20.548138023572047], [-100.39870605575267, 20.547326214600368], [-100.39870142990979, 20.54729945415053], [-100.39868955547237, 20.547225488207634], [-100.3987136632954, 20.547221009834477], [-100.39876094326492, 20.547214102375506], [-100.39883480912926, 20.547210243184228]]]]}}, {"type": "Feature", "properties": {"fid": 12982, "CVE_PAIS": "MX", "NOM_PAIS": "MEXICO", "CVE_ENT": "22", "NOM_ENT": "QUERETARO", "CVE_MUN": "006", "CU_MUN": "22006", "NOM_MUN": "CORREGIDORA", "CIRCUNSCRI": "2", "24_D_FEDERAL": 4, "24_D_LOCAL": 6, "24_SECCION": 784, "25_D_FEDERAL": 4, "25_D_LOCAL": 6, "25_SECCION": 784}, "geometry": {"type": "MultiPolygon", "coordinates": [[[[-100.40665644990655, 20.54617192337521], [-100.40658751618604, 20.546183778117697], [-100.40642833194558, 20.546107185313506], [-100.40610631798992, 20.546024981355444], [-100.40609841466673, 20.546042147579385], [-100.40606777100689, 20.54610870637032], [-100.40603072122971, 20.54618641141903], [-100.40597228725926, 20.54615888719288], [-100.40566499271941, 20.546080879750996], [-100.40528012311492, 20.54598153021661], [-100.4053236535223, 20.54593048838616], [-100.40534737787803, 20.54590268017283], [-100.40537110222532, 20.545874871956666], [-100.40541982257453, 20.545817944341874], [-100.40518484110322, 20.545354565749985], [-100.4049316933591, 20.544902510645507], [-100.40471372171312, 20.54449710088778], [-100.40451569134225, 20.544104534158482], [-100.40389178864666, 20.542928028664143], [-100.4030203680161, 20.541285296366617], [-100.40346481040844, 20.54130847857068], [-100.40391343424479, 20.54133600197159], [-100.40437779618294, 20.54136273690356], [-100.40479766558872, 20.5413847210752], [-100.40522468624555, 20.541411662959653], [-100.40567064771032, 20.541443496250693], [-100.40596476308592, 20.54145159658886], [-100.4070407811248, 20.543657785632245], [-100.40707385569256, 20.543791173439278], [-100.4070561280171, 20.54382940281804], [-100.40695387592615, 20.5438688532371], [-100.40676436262173, 20.544128169623264], [-100.40668960573873, 20.544403705931856], [-100.40666519840858, 20.54471190062126], [-100.40664183154054, 20.545366577632258], [-100.40664749953751, 20.545974089388686], [-100.40665644990655, 20.54617192337521]]]]}}, {"type": "Feature", "properties": {"fid": 12983, "CVE_PAIS": "MX", "NOM_PAIS": "MEXICO", "CVE_ENT": "22", "NOM_ENT": "QUERETARO", "CVE_MUN": "006", "CU_MUN": "22006", "NOM_MUN": "CORREGIDORA", "CIRCUNSCRI": "2", "24_D_FEDERAL": 4, "24_D_LOCAL": 6, "24_SECCION": 785, "25_D_FEDERAL": 4, "25_D_LOCAL": 6, "25_SECCION": 785}, "geometry": {"type": "MultiPolygon", "coordinates": [[[[-100.40451569134225, 20.544104534158482], [-100.40440773325324, 20.54414994842344], [-100.40436908842932, 20.544165719389973], [-100.40412518483527, 20.544276513876177], [-100.40391398962885, 20.544374412433484], [-100.4038766999014, 20.54439169787467], [-100.4037662796882, 20.544444825057255], [-100.40339817200923, 20.544617562781518], [-100.40306687038621, 20.5447725908621], [-100.40272178529327, 20.544936435364455], [-100.40236322427374, 20.545116160833288], [-100.40113098608839, 20.54278164436649], [-100.40045048260487, 20.541473679346286], [-100.40059062505007, 20.54114353796813], [-100.4006912721545, 20.541153207331647], [-100.40112118722007, 20.541180087226262], [-100.40115355587537, 20.541182110991645], [-100.40159264121719, 20.54120032095477], [-100.4020587419173, 20.541225564633123], [-100.40249407667169, 20.541254682686667], [-100.4030203680161, 20.541285296366617], [-100.40389178864666, 20.542928028664143], [-100.40451569134225, 20.544104534158482]]]]}}, {"type": "Feature", "properties": {"fid": 12984, "CVE_PAIS": "MX", "NOM_PAIS": "MEXICO", "CVE_ENT": "22", "NOM_ENT": "QUERETARO", "CVE_MUN": "006", "CU_MUN": "22006", "NOM_MUN": "CORREGIDORA", "CIRCUNSCRI": "2", "24_D_FEDERAL": 4, "24_D_LOCAL": 6, "24_SECCION": 786, "25_D_FEDERAL": 4, "25_D_LOCAL": 6, "25_SECCION": 786}, "geometry": {"type": "MultiPolygon", "coordinates": [[[[-100.40016378464975, 20.5415727391344], [-100.40045048260487, 20.541473679346286], [-100.40113098608839, 20.54278164436649], [-100.40236322427374, 20.545116160833288], [-100.40241513417935, 20.54519509837917], [-100.40245971147489, 20.545273402563478], [-100.40247779672059, 20.54530110868812], [-100.40249226683135, 20.545320554361865], [-100.40253417410467, 20.545369625479708], [-100.40251579537413, 20.54537974500784], [-100.40249195107674, 20.545392873931636], [-100.40233606884576, 20.545547713856724], [-100.40212739780036, 20.54582869826028], [-100.40186898039961, 20.546176666547527], [-100.40183385894812, 20.546142262720778], [-100.40181185174842, 20.546120705174655], [-100.40122893355536, 20.545739621529595], [-100.40044565002708, 20.545246045750325], [-100.40038329185192, 20.545234753310954], [-100.40033263004868, 20.545280485757793], [-100.40025882480435, 20.5453047895926], [-100.40018708142861, 20.545311644794097], [-100.40012695285364, 20.545293304124446], [-100.40007402323461, 20.545252592382305], [-100.40005224600301, 20.545218601716464], [-100.40003335343869, 20.545176220408532], [-100.39992661464422, 20.545168331658463], [-100.39868958051972, 20.54524325349451], [-100.39864617599781, 20.545292559183032], [-100.3985718513975, 20.545306369373034], [-100.39854800491109, 20.544947459024836], [-100.39856377971584, 20.54485334074216], [-100.39858854503923, 20.544760195510605], [-100.39897300368509, 20.5440986727249], [-100.39910141937071, 20.543870468390335], [-100.39922641252635, 20.54365352336475], [-100.39931965803568, 20.54344120764389], [-100.39933277819497, 20.54339156386235], [-100.39948556508092, 20.542907053347985], [-100.39970647029543, 20.54232428152011], [-100.39975226035399, 20.5421963298065], [-100.39979359152376, 20.542100810868558], [-100.40007464066872, 20.54145128542343], [-100.40016378464975, 20.5415727391344]]]]}}, {"type": "Feature", "properties": {"fid": 12985, "CVE_PAIS": "MX", "NOM_PAIS": "MEXICO", "CVE_ENT": "22", "NOM_ENT": "QUERETARO", "CVE_MUN": "006", "CU_MUN": "22006", "NOM_MUN": "CORREGIDORA", "CIRCUNSCRI": "2", "24_D_FEDERAL": 4, "24_D_LOCAL": 6, "24_SECCION": 787, "25_D_FEDERAL": 4, "25_D_LOCAL": 6, "25_SECCION": 787}, "geometry": {"type": "MultiPolygon", "coordinates": [[[[-100.39883480912926, 20.547210243184228], [-100.39876094326492, 20.547214102375506], [-100.3987136632954, 20.547221009834477], [-100.39868955547237, 20.547225488207634], [-100.39868397234984, 20.547148649881873], [-100.39858748608081, 20.54554168357961], [-100.3985718513975, 20.545306369373034], [-100.39864617599781, 20.545292559183032], [-100.39868958051972, 20.54524325349451], [-100.39992661464422, 20.545168331658463], [-100.40003335343869, 20.545176220408532], [-100.40005224600301, 20.545218601716464], [-100.40007402323461, 20.545252592382305], [-100.40012695285364, 20.545293304124446], [-100.40018708142861, 20.545311644794097], [-100.40025882480435, 20.5453047895926], [-100.40033263004868, 20.545280485757793], [-100.40038329185192, 20.545234753310954], [-100.40044565002708, 20.545246045750325], [-100.40122893355536, 20.545739621529595], [-100.40181185174842, 20.546120705174655], [-100.40183385894812, 20.546142262720778], [-100.40186898039961, 20.546176666547527], [-100.40144255789733, 20.546750855630076], [-100.40124294383031, 20.5468938622252], [-100.40103892598687, 20.54695761175956], [-100.39930331668862, 20.547177094267425], [-100.39883480912926, 20.547210243184228]]]]}}, {"type": "Feature", "properties": {"fid": 12986, "CVE_PAIS": "MX", "NOM_PAIS": "MEXICO", "CVE_ENT": "22", "NOM_ENT": "QUERETARO", "CVE_MUN": "006", "CU_MUN": "22006", "NOM_MUN": "CORREGIDORA", "CIRCUNSCRI": "2", "24_D_FEDERAL": 4, "24_D_LOCAL": 6, "24_SECCION": 788, "25_D_FEDERAL": 4, "25_D_LOCAL": 6, "25_SECCION": 788}, "geometry": {"type": "MultiPolygon", "coordinates": [[[[-100.39311319382743, 20.547692544652097], [-100.39274157314749, 20.547721468399097], [-100.39222437178718, 20.547755561255126], [-100.39206938701443, 20.547797320399095], [-100.39199490558953, 20.547847251369603], [-100.39196550993019, 20.547866957659007], [-100.39189993835697, 20.548036030007125], [-100.39189110703202, 20.548058800988112], [-100.39184102786443, 20.54804525113209], [-100.39181392074055, 20.548033360431884], [-100.39170713258014, 20.547782290696226], [-100.39147874770163, 20.547808464144172], [-100.3911052266526, 20.547858912195487], [-100.39086483826487, 20.547878361079682], [-100.39075097435092, 20.547887573246097], [-100.39048090819806, 20.547909441007175], [-100.3903929881656, 20.54791655981225], [-100.39003757339644, 20.547942276698958], [-100.38971352783254, 20.54796442483529], [-100.38963885929563, 20.547935254493797], [-100.38940022199623, 20.547194299421346], [-100.38916331420701, 20.54645870565428], [-100.389000928006, 20.545979660960896], [-100.38898565981424, 20.545930531057703], [-100.38887867979139, 20.545612472540775], [-100.38878055795551, 20.54532074863777], [-100.38875642902022, 20.545249011225867], [-100.38862907109531, 20.544870363805718], [-100.38850357502983, 20.544497249348513], [-100.38986406050284, 20.54435467588918], [-100.39174674955082, 20.544218092349364], [-100.39191583586702, 20.54419411959209], [-100.39223130721489, 20.544147084284422], [-100.39264650089912, 20.54409740629141], [-100.39302804119046, 20.544073066862072], [-100.39343198969298, 20.54402720281128], [-100.39382182447277, 20.543984114877347], [-100.39423988579415, 20.54393547192489], [-100.39464115082534, 20.543905607868986], [-100.3950480223313, 20.543870370696357], [-100.39537857503494, 20.543838410626872], [-100.39652013523005, 20.54372787508092], [-100.3969315871813, 20.543690799354515], [-100.3973160210045, 20.543653828290104], [-100.39772939818995, 20.543604242263562], [-100.39814156628556, 20.5435680873291], [-100.39854354955477, 20.54353855825211], [-100.39894258312037, 20.54348976520366], [-100.39931965803568, 20.54344120764389], [-100.39922641252635, 20.54365352336475], [-100.39910141937071, 20.543870468390335], [-100.39897300368509, 20.5440986727249], [-100.39858854503923, 20.544760195510605], [-100.39856377971584, 20.54485334074216], [-100.39854800491109, 20.544947459024836], [-100.3985718513975, 20.545306369373034], [-100.39858748608081, 20.54554168357961], [-100.39868397234984, 20.547148649881873], [-100.39868955547237, 20.547225488207634], [-100.39866103925674, 20.547231333934498], [-100.39704060202301, 20.547371061673683], [-100.39699981265845, 20.547374491794447], [-100.39565613845744, 20.547487480645568], [-100.39472916109435, 20.547565423540597], [-100.39469147942424, 20.54756859181668], [-100.39419314181232, 20.54761049127988], [-100.39415228189445, 20.547612216306202], [-100.39411663333571, 20.54761420694723], [-100.39311319382743, 20.547692544652097]]]]}}, {"type": "Feature", "properties": {"fid": 12987, "CVE_PAIS": "MX", "NOM_PAIS": "MEXICO", "CVE_ENT": "22", "NOM_ENT": "QUERETARO", "CVE_MUN": "006", "CU_MUN": "22006", "NOM_MUN": "CORREGIDORA", "CIRCUNSCRI": "2", "24_D_FEDERAL": 4, "24_D_LOCAL": 6, "24_SECCION": 789, "25_D_FEDERAL": 4, "25_D_LOCAL": 6, "25_SECCION": 789}, "geometry": {"type": "MultiPolygon", "coordinates": [[[[-100.39174674955082, 20.544218092349364], [-100.38986406050284, 20.54435467588918], [-100.38850357502983, 20.544497249348513], [-100.38837934422348, 20.54412789537276], [-100.38825656985401, 20.543760433865863], [-100.3881576000754, 20.543425356177814], [-100.38935309606309, 20.543296386257634], [-100.39137896551307, 20.543111356030174], [-100.39159032805794, 20.5430964037673], [-100.39158066937102, 20.54305907644298], [-100.39153354377181, 20.542898138314076], [-100.39205783117225, 20.542856092448616], [-100.39204890648836, 20.542710803675092], [-100.39204394946645, 20.542661005291524], [-100.3921051326775, 20.542655125689485], [-100.39223465677635, 20.5426433406729], [-100.39248006517904, 20.542619470342242], [-100.39264654052964, 20.542603277453523], [-100.39304143142145, 20.542560153855458], [-100.393466842079, 20.54251518598355], [-100.39386225993543, 20.54247051873064], [-100.3939604151767, 20.542459430760278], [-100.39426934760499, 20.542427999988202], [-100.39466564594495, 20.54239589009785], [-100.39518466238641, 20.54235315103428], [-100.39522040388326, 20.542611796030712], [-100.39537857503494, 20.543838410626872], [-100.3950480223313, 20.543870370696357], [-100.39464115082534, 20.543905607868986], [-100.39423988579415, 20.54393547192489], [-100.39382182447277, 20.543984114877347], [-100.39343198969298, 20.54402720281128], [-100.39302804119046, 20.544073066862072], [-100.39264650089912, 20.54409740629141], [-100.39223130721489, 20.544147084284422], [-100.39191583586702, 20.54419411959209], [-100.39174674955082, 20.544218092349364]]]]}}, {"type": "Feature", "properties": {"fid": 12988, "CVE_PAIS": "MX", "NOM_PAIS": "MEXICO", "CVE_ENT": "22", "NOM_ENT": "QUERETARO", "CVE_MUN": "006", "CU_MUN": "22006", "NOM_MUN": "CORREGIDORA", "CIRCUNSCRI": "2", "24_D_FEDERAL": 4, "24_D_LOCAL": 6, "24_SECCION": 790, "25_D_FEDERAL": 4, "25_D_LOCAL": 6, "25_SECCION": 790}, "geometry": {"type": "MultiPolygon", "coordinates": [[[[-100.39931965803568, 20.54344120764389], [-100.39894258312037, 20.54348976520366], [-100.39854354955477, 20.54353855825211], [-100.39814156628556, 20.5435680873291], [-100.39772939818995, 20.543604242263562], [-100.3973160210045, 20.543653828290104], [-100.3969315871813, 20.543690799354515], [-100.39652013523005, 20.54372787508092], [-100.39537857503494, 20.543838410626872], [-100.39522040388326, 20.542611796030712], [-100.39518466238641, 20.54235315103437], [-100.39594285812812, 20.542276751113683], [-100.39634261229786, 20.542245712419675], [-100.39735112861807, 20.542138955199697], [-100.39755169426874, 20.54212955816771], [-100.39777895591538, 20.54210333453158], [-100.39899262976235, 20.54199286820235], [-100.39900036548946, 20.542024046122947], [-100.39918126887343, 20.54213738095785], [-100.3997256611087, 20.542096236670755], [-100.39979359152376, 20.542100810868558], [-100.39975226035399, 20.5421963298065], [-100.39970647029543, 20.54232428152011], [-100.39948556508092, 20.542907053347985], [-100.39933277819497, 20.54339156386235], [-100.39931965803568, 20.54344120764389]]]]}}, {"type": "Feature", "properties": {"fid": 12989, "CVE_PAIS": "MX", "NOM_PAIS": "MEXICO", "CVE_ENT": "22", "NOM_ENT": "QUERETARO", "CVE_MUN": "006", "CU_MUN": "22006", "NOM_MUN": "CORREGIDORA", "CIRCUNSCRI": "2", "24_D_FEDERAL": 4, "24_D_LOCAL": 8, "24_SECCION": 791, "25_D_FEDERAL": 4, "25_D_LOCAL": 8, "25_SECCION": 791}, "geometry": {"type": "MultiPolygon", "coordinates": [[[[-100.40596476309679, 20.541451596117646], [-100.40567064771032, 20.541443496250693], [-100.40522468624555, 20.541411662959653], [-100.40479766558872, 20.5413847210752], [-100.40437779618294, 20.54136273690356], [-100.40391343424479, 20.54133600197159], [-100.40346481040844, 20.54130847857068], [-100.4030203680161, 20.541285296366617], [-100.40249407667169, 20.541254682686667], [-100.4020587419173, 20.541225564633123], [-100.40159264121719, 20.54120032095477], [-100.40115355587537, 20.541182110991645], [-100.40112118722007, 20.541180087226262], [-100.4006912721545, 20.541153207331647], [-100.40059062505007, 20.54114353796813], [-100.40045048260487, 20.541473679346286], [-100.40016378464975, 20.5415727391344], [-100.40115499811549, 20.53936265108649], [-100.40120824042707, 20.5393667657792], [-100.40126667098069, 20.539371281412333], [-100.40140961734629, 20.539382328516414], [-100.40291536780998, 20.539498687815968], [-100.40374741018236, 20.53956297951694], [-100.40427934251372, 20.539604079659217], [-100.40480450273908, 20.539631663529693], [-100.40490185841308, 20.53963587451419], [-100.40498628410843, 20.53963835584088], [-100.40502985278852, 20.539639530077604], [-100.40505800976871, 20.539640463966194], [-100.4050893901143, 20.539641386172967], [-100.40512803697312, 20.53965007972334], [-100.40596476309679, 20.541451596117646]]]]}}, {"type": "Feature", "properties": {"fid": 12990, "CVE_PAIS": "MX", "NOM_PAIS": "MEXICO", "CVE_ENT": "22", "NOM_ENT": "QUERETARO", "CVE_MUN": "006", "CU_MUN": "22006", "NOM_MUN": "CORREGIDORA", "CIRCUNSCRI": "2", "24_D_FEDERAL": 4, "24_D_LOCAL": 6, "24_SECCION": 792, "25_D_FEDERAL": 4, "25_D_LOCAL": 6, "25_SECCION": 792}, "geometry": {"type": "MultiPolygon", "coordinates": [[[[-100.40007464066872, 20.54145128542343], [-100.39979359152376, 20.542100810868558], [-100.3997256611087, 20.542096236670755], [-100.39918126887343, 20.54213738095785], [-100.39900036548946, 20.542024046122947], [-100.39899262976235, 20.54199286820235], [-100.39777895591538, 20.54210333453158], [-100.39755169426874, 20.54212955816771], [-100.39735112861807, 20.542138955199697], [-100.39634261229786, 20.542245712419675], [-100.39594285812812, 20.542276751113683], [-100.39518466238641, 20.54235315103437], [-100.39466564594495, 20.54239589009785], [-100.39426934760499, 20.542427999988202], [-100.3939604151767, 20.542459430760278], [-100.39386225993543, 20.54247051873064], [-100.393466842079, 20.54251518598355], [-100.39304143142145, 20.542560153855458], [-100.39264654052964, 20.542603277453523], [-100.39248006517904, 20.542619470342242], [-100.39223465677635, 20.542643340672985], [-100.3921051326775, 20.542655125689485], [-100.39204394946645, 20.542661005291524], [-100.39203902039011, 20.542611775087988], [-100.39198432095682, 20.541394097204776], [-100.3919812896626, 20.54136643397051], [-100.39197825836976, 20.541338770736026], [-100.39197579339384, 20.54129389851721], [-100.39207398417739, 20.541293565227864], [-100.39255479247456, 20.541290143943193], [-100.3938743720357, 20.54129188003277], [-100.3950671887788, 20.54129882710216], [-100.39545065891731, 20.541295250967305], [-100.39579725394132, 20.541292949150375], [-100.39624549405802, 20.541309770630487], [-100.39667364838971, 20.54129974840545], [-100.3973705904519, 20.541299602029053], [-100.39770188521999, 20.541288431146167], [-100.39780738569222, 20.54127105375916], [-100.39898897034166, 20.541172943530658], [-100.39931287353947, 20.541134655100812], [-100.39991319631014, 20.541101491485936], [-100.39995318440057, 20.541178956308897], [-100.40007464066872, 20.54145128542343]]]]}}, {"type": "Feature", "properties": {"fid": 12991, "CVE_PAIS": "MX", "NOM_PAIS": "MEXICO", "CVE_ENT": "22", "NOM_ENT": "QUERETARO", "CVE_MUN": "006", "CU_MUN": "22006", "NOM_MUN": "CORREGIDORA", "CIRCUNSCRI": "2", "24_D_FEDERAL": 4, "24_D_LOCAL": 8, "24_SECCION": 793, "25_D_FEDERAL": 4, "25_D_LOCAL": 8, "25_SECCION": 793}, "geometry": {"type": "MultiPolygon", "coordinates": [[[[-100.39197579339384, 20.54129389851721], [-100.39197825836976, 20.541338770736026], [-100.3919812896626, 20.54136643397051], [-100.39198432095682, 20.541394097204776], [-100.39203902039011, 20.542611775087988], [-100.39204394946645, 20.542661005291524], [-100.39204890648836, 20.542710803675092], [-100.39205783117225, 20.542856092448616], [-100.39153354377181, 20.542898138314076], [-100.39158066937102, 20.54305907644298], [-100.39159032805794, 20.5430964037673], [-100.39137896551307, 20.543111356030174], [-100.38935309606309, 20.543296386257634], [-100.3881576000754, 20.543425356177814], [-100.38725332243602, 20.540189740890234], [-100.38749222659854, 20.539976915934496], [-100.3879009658571, 20.539612793781046], [-100.38807340333352, 20.53944070228634], [-100.3888443364514, 20.538671311442705], [-100.38919135153866, 20.538460102792], [-100.38960709480494, 20.53832049063494], [-100.39166237335739, 20.537855080660883], [-100.3940842049463, 20.537458847379135], [-100.39456433699775, 20.537389501164093], [-100.39451458461484, 20.537463201532688], [-100.3942981954354, 20.537774968636096], [-100.39435009635345, 20.537970527795274], [-100.39431053105676, 20.53810008521718], [-100.39432585757393, 20.538198536272446], [-100.39430228533554, 20.538251978686937], [-100.39424019431372, 20.53830233181095], [-100.39457692250292, 20.53949383364079], [-100.39457666294231, 20.539567014186893], [-100.39361171265955, 20.539664261726216], [-100.39361823379157, 20.53979879738855], [-100.39375317183291, 20.53979724331407], [-100.39379873590406, 20.539797836021947], [-100.39382555913402, 20.540166946961367], [-100.39365010731892, 20.540359293379144], [-100.39354586688232, 20.540402609800356], [-100.39334984889985, 20.54025928499113], [-100.39262295616169, 20.541075655021313], [-100.39255708934402, 20.541214011958687], [-100.39255587394284, 20.541254297618647], [-100.39255479247456, 20.541290143943193], [-100.39207398417739, 20.541293565227864], [-100.39197579339384, 20.54129389851721]]]]}}, {"type": "Feature", "properties": {"fid": 12992, "CVE_PAIS": "MX", "NOM_PAIS": "MEXICO", "CVE_ENT": "22", "NOM_ENT": "QUERETARO", "CVE_MUN": "006", "CU_MUN": "22006", "NOM_MUN": "CORREGIDORA", "CIRCUNSCRI": "2", "24_D_FEDERAL": 4, "24_D_LOCAL": 8, "24_SECCION": 794, "25_D_FEDERAL": 4, "25_D_LOCAL": 8, "25_SECCION": 794}, "geometry": {"type": "MultiPolygon", "coordinates": [[[[-100.39624549405802, 20.541309770630487], [-100.39579725394132, 20.541292949150375], [-100.39545065891731, 20.541295250967305], [-100.3950671887788, 20.54129882710216], [-100.3938743720357, 20.54129188003277], [-100.39255479247456, 20.541290143943193], [-100.39255587394284, 20.541254297618647], [-100.39255708934402, 20.541214011958687], [-100.39262295616169, 20.541075655021313], [-100.39334984889985, 20.54025928499113], [-100.39354586688232, 20.540402609800356], [-100.39365010731892, 20.540359293379144], [-100.39382555913402, 20.540166946961367], [-100.39379873590406, 20.539797836021947], [-100.39375317183291, 20.53979724331407], [-100.39361823379157, 20.53979879738855], [-100.39361171265955, 20.539664261726216], [-100.39457666294231, 20.539567014186893], [-100.3949446737578, 20.539523587153653], [-100.39500616648395, 20.539518117705], [-100.39517767645046, 20.539507608533587], [-100.39521413757392, 20.53950480569843], [-100.39526369328728, 20.539500996245117], [-100.39535392219707, 20.539490809485194], [-100.39562175617162, 20.539460547907005], [-100.39576169592881, 20.53944449080581], [-100.3960251872694, 20.539414213456133], [-100.39608938516794, 20.539460394708964], [-100.39615077446065, 20.539503404796964], [-100.39620003995725, 20.540342023985612], [-100.39626681288885, 20.541157086851], [-100.39627305855632, 20.541209004276876], [-100.3962740976831, 20.541262694960935], [-100.39624549405802, 20.541309770630487]]]]}}, {"type": "Feature", "properties": {"fid": 12993, "CVE_PAIS": "MX", "NOM_PAIS": "MEXICO", "CVE_ENT": "22", "NOM_ENT": "QUERETARO", "CVE_MUN": "006", "CU_MUN": "22006", "NOM_MUN": "CORREGIDORA", "CIRCUNSCRI": "2", "24_D_FEDERAL": 4, "24_D_LOCAL": 8, "24_SECCION": 795, "25_D_FEDERAL": 4, "25_D_LOCAL": 8, "25_SECCION": 795}, "geometry": {"type": "MultiPolygon", "coordinates": [[[[-100.39624549405802, 20.541309770630487], [-100.3962740976831, 20.541262694960935], [-100.39627305855632, 20.541209004276876], [-100.39626681288885, 20.541157086851], [-100.39620003995725, 20.540342023985612], [-100.39615077446065, 20.539503404796964], [-100.39608938516794, 20.539460394708964], [-100.3960251872694, 20.539414213456133], [-100.39607364350871, 20.539339743165083], [-100.39606473597232, 20.539305048892604], [-100.39602668267138, 20.539258969604987], [-100.39603724182416, 20.53839095446038], [-100.39644459561231, 20.538391092385616], [-100.39685026586453, 20.53841469536723], [-100.39686170001707, 20.53809540795726], [-100.39710677944373, 20.538096231252972], [-100.39804170389954, 20.53811929351089], [-100.39831771757108, 20.53844337830168], [-100.39849855681386, 20.53871780138349], [-100.39899514287511, 20.539339352453872], [-100.39936937171485, 20.539846186757114], [-100.39942719779327, 20.539949084258943], [-100.39945339667564, 20.54017642897673], [-100.39948282381769, 20.54027628873796], [-100.39991319631014, 20.541101491485936], [-100.39931287353947, 20.541134655100812], [-100.39898897034166, 20.541172943530658], [-100.39780738569222, 20.54127105375916], [-100.39770188521999, 20.541288431146167], [-100.3973705904519, 20.541299602029053], [-100.39667364838971, 20.54129974840545], [-100.39624549405802, 20.541309770630487]]]]}}, {"type": "Feature", "properties": {"fid": 12994, "CVE_PAIS": "MX", "NOM_PAIS": "MEXICO", "CVE_ENT": "22", "NOM_ENT": "QUERETARO", "CVE_MUN": "006", "CU_MUN": "22006", "NOM_MUN": "CORREGIDORA", "CIRCUNSCRI": "2", "24_D_FEDERAL": 4, "24_D_LOCAL": 8, "24_SECCION": 796, "25_D_FEDERAL": 4, "25_D_LOCAL": 8, "25_SECCION": 796}, "geometry": {"type": "MultiPolygon", "coordinates": [[[[-100.39457666294231, 20.539567014186893], [-100.39457692250292, 20.53949383364079], [-100.39424019431372, 20.53830233181095], [-100.39430228533554, 20.538251978686937], [-100.39432585757393, 20.538198536272446], [-100.39431053105676, 20.53810008521718], [-100.39435009635345, 20.537970527795274], [-100.3942981954354, 20.537774968636096], [-100.39451458461484, 20.537463201532688], [-100.39456433699775, 20.537389501164093], [-100.39526817565489, 20.537287842162574], [-100.39613401260476, 20.536917466964304], [-100.39643489372486, 20.536684733801085], [-100.39653470072066, 20.536555766885808], [-100.39658101654429, 20.536495919872277], [-100.39662611078239, 20.536541100153045], [-100.39715047430346, 20.53706646386341], [-100.39723180114923, 20.53719497469865], [-100.39734194510122, 20.53732061954681], [-100.39762440856835, 20.537642833638824], [-100.39804170389954, 20.53811929351089], [-100.39710677944373, 20.538096231252972], [-100.39686170001707, 20.53809540795726], [-100.39685026586453, 20.53841469536723], [-100.39644459561231, 20.538391092385616], [-100.39603724182416, 20.53839095446038], [-100.39602668267138, 20.539258969604987], [-100.39606473597232, 20.539305048892604], [-100.39607364350871, 20.539339743165083], [-100.3960251872694, 20.539414213456133], [-100.39576169592881, 20.53944449080581], [-100.39562175617162, 20.539460547907005], [-100.39535392219709, 20.539490809485102], [-100.39526369328728, 20.539500996245117], [-100.39521413757392, 20.53950480569843], [-100.39517767645046, 20.539507608533587], [-100.39500616648395, 20.539518117705], [-100.3949446737578, 20.539523587153653], [-100.39457666294231, 20.539567014186893]]]]}}, {"type": "Feature", "properties": {"fid": 12995, "CVE_PAIS": "MX", "NOM_PAIS": "MEXICO", "CVE_ENT": "22", "NOM_ENT": "QUERETARO", "CVE_MUN": "006", "CU_MUN": "22006", "NOM_MUN": "CORREGIDORA", "CIRCUNSCRI": "2", "24_D_FEDERAL": 4, "24_D_LOCAL": 8, "24_SECCION": 978, "25_D_FEDERAL": 4, "25_D_LOCAL": 8, "25_SECCION": 978}, "geometry": {"type": "MultiPolygon", "coordinates": [[[[-100.46480232018902, 20.518742517001233], [-100.46469364941046, 20.518462608686033], [-100.46452561129556, 20.518101612718052], [-100.46436323823981, 20.517762593165866], [-100.46426937296712, 20.517390577077055], [-100.46399969704427, 20.516793467649983], [-100.4636794004894, 20.5160146645406], [-100.46302188643263, 20.516265602999102], [-100.46263363275746, 20.516424980977586], [-100.46224475862931, 20.516592858245414], [-100.4618616316787, 20.516739169171416], [-100.46147535215334, 20.516893251835032], [-100.46127244629164, 20.516975586681554], [-100.46041425897378, 20.51730789355237], [-100.45987779991657, 20.517527396450074], [-100.45961067804726, 20.51762658739678], [-100.45937883015104, 20.517724364086664], [-100.45933584464619, 20.51774249221997], [-100.4593402367085, 20.517726126763563], [-100.45935169124084, 20.51768344551243], [-100.45935394143747, 20.517602808411496], [-100.45934391318089, 20.517508255862985], [-100.45933263475165, 20.517281795710492], [-100.45935021798913, 20.517209953168855], [-100.45940408195106, 20.51711199535506], [-100.45945522822892, 20.517048473811958], [-100.45947585516492, 20.516976605654577], [-100.45940459809769, 20.516845286986868], [-100.45937326349065, 20.516750913664932], [-100.45929907156197, 20.51663109077054], [-100.45927363437565, 20.51651659331756], [-100.45927548241346, 20.516390395210216], [-100.45928083620097, 20.516312919967664], [-100.45927029179853, 20.516163883810123], [-100.4592905111012, 20.516049002314176], [-100.45927714036921, 20.51592293221094], [-100.45923316909423, 20.515779912771986], [-100.45924656719745, 20.515587658433354], [-100.45925322562569, 20.51532663391767], [-100.45925194847108, 20.515191858722126], [-100.45925708488296, 20.51509144301259], [-100.45924363279599, 20.514956770214322], [-100.45918428019169, 20.514796673382246], [-100.45918266591016, 20.51463357983034], [-100.45915926400365, 20.514537461355765], [-100.45909113894469, 20.51446868727093], [-100.45913363514185, 20.514422098545644], [-100.45913076939756, 20.514335438882956], [-100.45905614601351, 20.514228193308792], [-100.45903453326282, 20.51410509147656], [-100.45902728567545, 20.51396920342089], [-100.45903172298387, 20.51380846398428], [-100.45900638818583, 20.513691203851195], [-100.45898493795822, 20.51361815309685], [-100.45892121255035, 20.513582089122156], [-100.45890224663859, 20.513522533103014], [-100.45892166955862, 20.51341449664258], [-100.45889217112958, 20.513322281975114], [-100.45890613574531, 20.51328556473959], [-100.45889940020899, 20.513222053267608], [-100.45887223823833, 20.5131606398474], [-100.45890045938651, 20.51311802382421], [-100.45890921327334, 20.513052945819734], [-100.45891187950951, 20.513033124521467], [-100.45890794446616, 20.512995019128645], [-100.45885737432833, 20.513013476571675], [-100.45879345684529, 20.513036986271313], [-100.45873463714284, 20.513058620912847], [-100.45787595011728, 20.513374454118736], [-100.45781000000025, 20.51339666668867], [-100.45704509543926, 20.513679973367626], [-100.45724013971498, 20.514076827035193], [-100.45747549733173, 20.514439871637215], [-100.45768082354842, 20.51478142284817], [-100.45789898909185, 20.51527977503275], [-100.45819993294909, 20.516286404322788], [-100.45755459766083, 20.516327485317085], [-100.45745474512415, 20.51639149892266], [-100.45735489250231, 20.51645551247538], [-100.4572055912524, 20.5165512263707], [-100.45700004026149, 20.516760537578172], [-100.45656939468981, 20.516702648146744], [-100.45612600328181, 20.516672480817192], [-100.45570859058188, 20.516624995289774], [-100.45564099718871, 20.516599125021987], [-100.45548586877202, 20.516515826795032], [-100.45535128687946, 20.516180442712507], [-100.45434804994395, 20.516418612180733], [-100.45398179994649, 20.516224408235214], [-100.45376244559313, 20.51587727221454], [-100.45357410755977, 20.515545738460577], [-100.45347415228191, 20.515361513748303], [-100.45338278976806, 20.51519572319533], [-100.45323438537034, 20.514932591810584], [-100.45319396400222, 20.51486499270154], [-100.45299323230371, 20.514529295797736], [-100.4527965879306, 20.51417805994366], [-100.4526376320108, 20.513927166602723], [-100.45261405921339, 20.513890372234396], [-100.45172332102727, 20.51431932519753], [-100.45028480859743, 20.515191700561832], [-100.45028622434386, 20.5155493994731], [-100.45028548280423, 20.51591559681701], [-100.4502447688193, 20.5169048625163], [-100.45024264095642, 20.516956565122236], [-100.45016914221553, 20.517055627265986], [-100.45012157179848, 20.51718040068042], [-100.44971611141527, 20.517260328349337], [-100.44966792965272, 20.51749335933457], [-100.44968901492291, 20.5177782394908], [-100.44983609142459, 20.518030268908113], [-100.44995698015002, 20.518255251727247], [-100.4499959766028, 20.51841936681529], [-100.45007516080985, 20.518752609264517], [-100.45026319385403, 20.51966058299951], [-100.45027889284209, 20.519804578977396], [-100.45026765147247, 20.519922910386118], [-100.45025268525437, 20.520080450939883], [-100.44981532218382, 20.5201488930991], [-100.44943609442463, 20.520139323533233], [-100.44914180748431, 20.52005325861175], [-100.44899699013794, 20.519912984051924], [-100.4489464670578, 20.519709472694284], [-100.4489583421835, 20.519574202742287], [-100.44895174716068, 20.51941509951603], [-100.4489406864802, 20.519288847561032], [-100.4489017170511, 20.519192226161454], [-100.44886704427122, 20.519058673904343], [-100.44880175724575, 20.518889479047964], [-100.44875747682508, 20.51880531102137], [-100.44868721703473, 20.518656728665203], [-100.448601600444, 20.518418825104142], [-100.44857755053015, 20.51826036592027], [-100.44853519986492, 20.51808215296488], [-100.44851663037136, 20.517915319917552], [-100.4485511032752, 20.51776287287472], [-100.44858868915158, 20.51754493797811], [-100.44863723544331, 20.517310255387084], [-100.44871521187947, 20.51708265842065], [-100.44873440053205, 20.517036894204963], [-100.44882657673178, 20.516817057053508], [-100.44894578875649, 20.51660019577892], [-100.44903793766433, 20.51643336285198], [-100.4491134767138, 20.51628757188261], [-100.44915857093167, 20.51611021789456], [-100.4492207819778, 20.51592406060667], [-100.44924842089453, 20.5157473507492], [-100.449264761243, 20.515579229464596], [-100.44927494501543, 20.515403163752286], [-100.44929060892484, 20.515218724177664], [-100.44928881779515, 20.515034928751213], [-100.44930346708666, 20.514826011742326], [-100.44933827691425, 20.514681723721637], [-100.44940082547916, 20.514503725530012], [-100.4494809979482, 20.51432916272826], [-100.44955755028967, 20.514207849045537], [-100.44971302212488, 20.514022335586976], [-100.44981217087869, 20.513883844609786], [-100.44990685406455, 20.513778204882748], [-100.45005322522321, 20.513654314184176], [-100.45021654362317, 20.513517540432762], [-100.45032935761765, 20.513427574546096], [-100.45051594860229, 20.513289941546237], [-100.45067994271884, 20.513169485676578], [-100.45080388529958, 20.513066851285313], [-100.45091669861256, 20.512976885052538], [-100.45102403181828, 20.51289529265963], [-100.45113102662597, 20.51280554107072], [-100.45128219923099, 20.51265695725731], [-100.45138767139456, 20.51253048942027], [-100.45144795072262, 20.51243837633604], [-100.45152003558978, 20.512349913230892], [-100.45155788762419, 20.51227905708996], [-100.45163443735707, 20.512157742622346], [-100.45170121123606, 20.512081732942317], [-100.45181865741725, 20.511962994431094], [-100.451982310766, 20.511834378325783], [-100.45225566384823, 20.51168128292524], [-100.45240423033196, 20.51161042479631], [-100.45255759981548, 20.51151487434065], [-100.45275582282028, 20.511376809524812], [-100.45290269692265, 20.511265155356043], [-100.45304973999632, 20.511157580638194], [-100.45317452530547, 20.51107534254016], [-100.45327230973993, 20.510049075275877], [-100.45332258423385, 20.509388090238513], [-100.4531394018057, 20.508771333692756], [-100.45289362057345, 20.507825195293194], [-100.45294132911665, 20.50695788374176], [-100.45229073158362, 20.506388315770526], [-100.45239950163277, 20.505726590117963], [-100.4523897486082, 20.50494254941978], [-100.45290641359826, 20.504151844106925], [-100.45354313601021, 20.503607247689196], [-100.45397793781763, 20.503318222424546], [-100.45423937180917, 20.503144438716866], [-100.45505361172452, 20.502762675177447], [-100.45487043216812, 20.50214591994633], [-100.45468622653708, 20.50144663384182], [-100.45462105705076, 20.50091092635786], [-100.45437939256412, 20.500294911316754], [-100.45407821375255, 20.49959710608614], [-100.45406999557332, 20.498936861334208], [-100.4540012346996, 20.49811229615336], [-100.45422697042335, 20.497449087881243], [-100.45457173525192, 20.49694945864858], [-100.45503861200618, 20.496860999521527], [-100.45567992402061, 20.49668778462434], [-100.45608625480317, 20.49643500301519], [-100.45637355204039, 20.496018642653667], [-100.4565428443429, 20.495521234641096], [-100.4567690801281, 20.494899289027124], [-100.45699634286086, 20.494359873715226], [-100.4681719834268, 20.494589225700008], [-100.47460208943673, 20.495298171686745], [-100.47842009840227, 20.495719006399213], [-100.47819924092704, 20.49631785492199], [-100.47819298357517, 20.49760698731461], [-100.4778328893339, 20.497855255899577], [-100.478015202768, 20.499421251977804], [-100.47515989502375, 20.499217848928946], [-100.4721452361572, 20.499483160424653], [-100.47259124366272, 20.503565785534942], [-100.4726342918236, 20.503959820835465], [-100.47297186186786, 20.506336890196565], [-100.47297507195968, 20.506365655071928], [-100.47297828205306, 20.506394419947146], [-100.4730147231142, 20.506720958538853], [-100.47326833245256, 20.508898882171415], [-100.46912835683699, 20.50944779855207], [-100.4690133307028, 20.508143902897125], [-100.4662568234702, 20.50955665975979], [-100.46399031816934, 20.51022711741778], [-100.4640348541196, 20.510334955610077], [-100.46414238755924, 20.510595333551137], [-100.46418448902097, 20.51069727636577], [-100.46426851922902, 20.510900743312604], [-100.46435718320869, 20.51090253324669], [-100.46478529883221, 20.510911175336556], [-100.46513642424095, 20.511231030619452], [-100.46583385189959, 20.511363491739186], [-100.46986703098322, 20.52193628088253], [-100.4700086564772, 20.522920665351975], [-100.47000914330518, 20.522971638578323], [-100.47001028277394, 20.523090945819295], [-100.47000876428737, 20.523152688595236], [-100.470051191323, 20.523153056777186], [-100.47167298834604, 20.52320578150842], [-100.47210881179444, 20.523221942371144], [-100.47268183900692, 20.523256796644333], [-100.4730581602974, 20.52329662969841], [-100.47330810248687, 20.523347465249554], [-100.47368151294295, 20.52345020992294], [-100.47417858242994, 20.52362472071349], [-100.47468312325142, 20.523845505193908], [-100.47543833908418, 20.524193242112663], [-100.47635238219328, 20.524615751401395], [-100.47665255995373, 20.524775381167633], [-100.47694612477642, 20.52497809545489], [-100.47725057941904, 20.52521712538521], [-100.47751332121987, 20.525502848761388], [-100.47776581034313, 20.525818448174675], [-100.47796563384235, 20.52613780590897], [-100.47823807542065, 20.526701477149302], [-100.47861494748548, 20.5275290495563], [-100.47888442162491, 20.528149013065224], [-100.47919340324752, 20.528858006302883], [-100.47936927726978, 20.529243764258503], [-100.47958845760186, 20.529748308838855], [-100.47983283878347, 20.530473960788175], [-100.47989315703784, 20.530741988240027], [-100.47994153624991, 20.531022916726613], [-100.47996451224577, 20.531304110579725], [-100.4799448673063, 20.53224439942457], [-100.47978628548196, 20.533490192682123], [-100.47972691799315, 20.534087622729196], [-100.47959057336817, 20.535459681502825], [-100.47958328980349, 20.53558068832904], [-100.47955162937832, 20.535570869799045], [-100.47945420254854, 20.5356069166167], [-100.47931587854949, 20.535651438996794], [-100.4792535327063, 20.53567228754798], [-100.47915717881453, 20.535670400856393], [-100.47910276649469, 20.53569389053176], [-100.47904066802072, 20.535740471172918], [-100.47893505728757, 20.53582263834376], [-100.47884800674352, 20.535891102764925], [-100.4786992415032, 20.536046100251845], [-100.47842325599173, 20.53620421433276], [-100.47832918553277, 20.53629034604852], [-100.47814152239468, 20.536437548204155], [-100.47803571548299, 20.536499400005503], [-100.47747822761343, 20.536817975344935], [-100.47683733396347, 20.536948586632572], [-100.4766942101351, 20.536965895188082], [-100.4765822911719, 20.53697728545721], [-100.47640180767382, 20.537053608484925], [-100.47620561978148, 20.537058509670132], [-100.47618637192254, 20.53702820333913], [-100.47616466076524, 20.53699218767095], [-100.47671595821389, 20.535838170079835], [-100.47668329839337, 20.53573117691361], [-100.47658125268401, 20.53564563308816], [-100.47556937062545, 20.535151551639316], [-100.4743660293362, 20.5351370201214], [-100.47402023883367, 20.535231881156594], [-100.4737280789372, 20.535292761657203], [-100.47352690133509, 20.535327280659278], [-100.47348435954687, 20.535340667031623], [-100.47214005802783, 20.536032815630875], [-100.47118904305287, 20.534428720362715], [-100.47104414727862, 20.534166306994152], [-100.47067301799967, 20.53331462231726], [-100.47032278333126, 20.532538744567677], [-100.4699527513513, 20.531801026320757], [-100.469781096354, 20.530719691940618], [-100.46951394827958, 20.529922454215868], [-100.46580739376756, 20.530418322716343], [-100.46575283155951, 20.52993108188545], [-100.46688573530767, 20.529159302719375], [-100.46644027342329, 20.527159877326927], [-100.46640182963799, 20.52698732114469], [-100.46553072062513, 20.527121007343847], [-100.46541202580634, 20.52674404534386], [-100.46526393806413, 20.526780338837067], [-100.46519098287594, 20.526798228969454], [-100.46517163735793, 20.52680296971241], [-100.46514897831587, 20.526808525392326], [-100.46508483848436, 20.52658328275887], [-100.46496241365324, 20.52635365955801], [-100.46484716519694, 20.526104603792575], [-100.46463678813024, 20.52575677810113], [-100.46460593371907, 20.525705763748938], [-100.4645573893723, 20.525638476360538], [-100.46443736235992, 20.525498722402446], [-100.46432189120654, 20.52538450570129], [-100.46415320456576, 20.525251828385237], [-100.46406098989117, 20.52519411495445], [-100.46404020166925, 20.525181104434854], [-100.46402327987425, 20.52517051375428], [-100.46399168611704, 20.525150740386817], [-100.46394912113487, 20.52512409940333], [-100.46393244932446, 20.525103914320304], [-100.46391577751851, 20.525083729235362], [-100.46383442994467, 20.524985234760386], [-100.46369793335512, 20.52495406208056], [-100.46341691171308, 20.5246529114881], [-100.46334847177067, 20.524537979344423], [-100.4632840151923, 20.524434892199306], [-100.46315950678212, 20.524489386713203], [-100.46285547353492, 20.524623564856096], [-100.46211503047786, 20.524943103400524], [-100.46203737420409, 20.524941200862674], [-100.46200896634834, 20.52494050496181], [-100.46182193336556, 20.525002970179163], [-100.46041962901054, 20.5254713034585], [-100.46032370160061, 20.525477134617155], [-100.46026533611087, 20.52550776632282], [-100.46022858434033, 20.525568356272625], [-100.45901213145528, 20.525993872303758], [-100.45863549254871, 20.52612561867964], [-100.45825680664248, 20.526258080053534], [-100.45811317628736, 20.526294451405608], [-100.4578200599856, 20.526311985824734], [-100.45766005289994, 20.526308307447405], [-100.45751147089848, 20.526384906962285], [-100.45741910661066, 20.52661875360249], [-100.45734339069249, 20.526407472359], [-100.45718226945534, 20.52601738840254], [-100.45693416065845, 20.525416142934578], [-100.45730503189402, 20.525279117999506], [-100.45804372709227, 20.525023415268635], [-100.45821575507154, 20.524960108194293], [-100.45837611329142, 20.52490562745774], [-100.45872366840625, 20.524778470935967], [-100.45907663291142, 20.524647161341893], [-100.45977647330949, 20.524393440329487], [-100.46010987641158, 20.524277835679104], [-100.46045276404689, 20.524160360099106], [-100.46078424865811, 20.52404297991063], [-100.4611157157318, 20.52392380881544], [-100.46150229942403, 20.523775265278402], [-100.46125001582402, 20.523153227556403], [-100.46092358562973, 20.52238559712164], [-100.46082081567613, 20.522158965509437], [-100.4608691172283, 20.521997866223145], [-100.46094511153896, 20.521936083512482], [-100.46107894435885, 20.52189318343342], [-100.46117064010782, 20.52186171693033], [-100.4616504286401, 20.52168171915974], [-100.46178657668158, 20.521631724441644], [-100.46213583929749, 20.521503471615688], [-100.46221172288739, 20.52147560626181], [-100.46268058870251, 20.52127848433255], [-100.46276259415635, 20.521244007182993], [-100.46327926375508, 20.521051976644276], [-100.46435122098144, 20.520600884746816], [-100.4644331278217, 20.520566488000064], [-100.46458636820668, 20.52050213461609], [-100.46492023364986, 20.520372387666324], [-100.46506829615598, 20.520314847273738], [-100.46537801525882, 20.520193451182173], [-100.46516377188063, 20.519580843729077], [-100.46492692993915, 20.519133010919038], [-100.46486556756179, 20.519136435231466], [-100.46483821133643, 20.51913796183179], [-100.46485146707856, 20.5188584201054], [-100.4648315568986, 20.518830510431123], [-100.4647757095924, 20.518851484914766], [-100.46480232018902, 20.518742517001233]]]]}}, {"type": "Feature", "properties": {"fid": 12996, "CVE_PAIS": "MX", "NOM_PAIS": "MEXICO", "CVE_ENT": "22", "NOM_ENT": "QUERETARO", "CVE_MUN": "006", "CU_MUN": "22006", "NOM_MUN": "CORREGIDORA", "CIRCUNSCRI": "2", "24_D_FEDERAL": 4, "24_D_LOCAL": 8, "24_SECCION": 979, "25_D_FEDERAL": 4, "25_D_LOCAL": 8, "25_SECCION": 979}, "geometry": {"type": "MultiPolygon", "coordinates": [[[[-100.4662568234702, 20.50955665975979], [-100.4690133307028, 20.508143902897125], [-100.46912835683699, 20.50944779855207], [-100.47326833245256, 20.508898882171415], [-100.4730147231142, 20.506720958538853], [-100.47297828205306, 20.506394419947146], [-100.47297507195968, 20.506365655071928], [-100.47297186186786, 20.506336890196565], [-100.4726342918236, 20.503959820835465], [-100.47259124366272, 20.503565785534942], [-100.4721452361572, 20.499483160424653], [-100.47515989502375, 20.499217848928946], [-100.478015202768, 20.499421251977804], [-100.4778328893339, 20.497855255899577], [-100.47819298357517, 20.49760698731461], [-100.47819924092704, 20.49631785492199], [-100.47968941201903, 20.49646719414034], [-100.48078140344876, 20.49710901662542], [-100.48302139163499, 20.496706616561696], [-100.48450631152633, 20.496928840744214], [-100.4882848221475, 20.49448708005273], [-100.48901572294069, 20.497119257991677], [-100.49019765225898, 20.49620698366561], [-100.4910544623787, 20.498200465566214], [-100.49057606498958, 20.498899593419804], [-100.49282904899601, 20.497924000308796], [-100.49423313454854, 20.497730003823353], [-100.49766943692663, 20.49818061032238], [-100.49778635845843, 20.500399902312008], [-100.49777305379762, 20.503949399507377], [-100.51054693827405, 20.505599810351548], [-100.50962225479881, 20.506478519027585], [-100.50863532003324, 20.50706913073393], [-100.50799932121292, 20.50765518222893], [-100.50742128029097, 20.508199208398604], [-100.5065518357183, 20.508829555417485], [-100.50551007556771, 20.509709759360817], [-100.50475654297743, 20.510256052829217], [-100.5031872799964, 20.511060538546996], [-100.50098300702071, 20.51253356801515], [-100.50071796468731, 20.51280422367575], [-100.49967438043127, 20.513348514405525], [-100.4985580884077, 20.513907152030438], [-100.4972383866088, 20.51452243763658], [-100.49613584327855, 20.51499859289848], [-100.49485888962309, 20.515517418843892], [-100.49417704148354, 20.515811514079484], [-100.49380043123548, 20.516034354621777], [-100.49329351555177, 20.516340665093757], [-100.49277083334918, 20.51652358627039], [-100.49197137614956, 20.516708886435868], [-100.49059202430995, 20.51718738841587], [-100.48921332692007, 20.51773449851549], [-100.48852050322664, 20.518010260901313], [-100.48735256485037, 20.51850506492971], [-100.48635636242177, 20.5189007106898], [-100.48514904707555, 20.51936690056921], [-100.48345528161528, 20.520010708071684], [-100.48300953817743, 20.520149534695346], [-100.4828426442077, 20.520201513405755], [-100.48224273378628, 20.520380105692226], [-100.48093629199701, 20.520782569351162], [-100.48037905828974, 20.520946671791148], [-100.47934997505263, 20.521211181020586], [-100.47804588553616, 20.521485924669637], [-100.47699202115656, 20.52159742319277], [-100.47437857891013, 20.521889561221197], [-100.47330714187736, 20.522022109735758], [-100.47286611447194, 20.52212000774437], [-100.47226659307199, 20.522249588070185], [-100.47140924290603, 20.522474460115728], [-100.4712782100594, 20.522550306150514], [-100.47047955410882, 20.522877446240525], [-100.4700086564772, 20.522920665351975], [-100.46986703098322, 20.52193628088253], [-100.46583385189959, 20.511363491739186], [-100.46513642424095, 20.511231030619452], [-100.46478529883221, 20.510911175336556], [-100.46435718320869, 20.51090253324669], [-100.46426851922902, 20.510900743312604], [-100.46418448902097, 20.51069727636577], [-100.46414238755924, 20.510595333551137], [-100.4640348541196, 20.510334955610077], [-100.46399031816934, 20.51022711741778], [-100.4662568234702, 20.50955665975979]]]]}}, {"type": "Feature", "properties": {"fid": 12997, "CVE_PAIS": "MX", "NOM_PAIS": "MEXICO", "CVE_ENT": "22", "NOM_ENT": "QUERETARO", "CVE_MUN": "006", "CU_MUN": "22006", "NOM_MUN": "CORREGIDORA", "CIRCUNSCRI": "2", "24_D_FEDERAL": 4, "24_D_LOCAL": 8, "24_SECCION": 980, "25_D_FEDERAL": 4, "25_D_LOCAL": 8, "25_SECCION": 980}, "geometry": {"type": "MultiPolygon", "coordinates": [[[[-100.49766943692663, 20.49818061032238], [-100.49423313454854, 20.497730003823353], [-100.49282904899601, 20.497924000308796], [-100.49057606498958, 20.498899593419804], [-100.4910544623787, 20.498200465566214], [-100.49019765225898, 20.49620698366561], [-100.48901572294069, 20.497119257991677], [-100.4882848221475, 20.49448708005273], [-100.48450631152633, 20.496928840744214], [-100.48302139163499, 20.496706616561696], [-100.48078140344876, 20.49710901662542], [-100.47968941201903, 20.49646719414034], [-100.47819924092704, 20.49631785492199], [-100.47842009840227, 20.495719006399213], [-100.47924312157723, 20.495809711588812], [-100.47935489223148, 20.4953955647315], [-100.4792906821922, 20.4949424008769], [-100.47928443879572, 20.49444722384387], [-100.47939724918893, 20.49411560566389], [-100.47974192178631, 20.493615932368257], [-100.4800907569146, 20.493446375702113], [-100.48330018667279, 20.492827416747694], [-100.4852270826447, 20.492555048981757], [-100.48631272433911, 20.490518802378208], [-100.48852991675162, 20.490077582628597], [-100.48973560364261, 20.488287400555016], [-100.4914080812936, 20.486408657654096], [-100.49251873493343, 20.486353080459363], [-100.4928273855935, 20.48762851543083], [-100.49307179588342, 20.488450792602784], [-100.49227135021421, 20.48990560470621], [-100.49298670003752, 20.489937565431706], [-100.49800700726506, 20.490161781441], [-100.49818067266457, 20.492427924886595], [-100.49821856941341, 20.49292242297469], [-100.49835774010187, 20.494738360358806], [-100.49763208645618, 20.497471637477283], [-100.49766943692663, 20.49818061032238]]]]}}, {"type": "Feature", "properties": {"fid": 12998, "CVE_PAIS": "MX", "NOM_PAIS": "MEXICO", "CVE_ENT": "22", "NOM_ENT": "QUERETARO", "CVE_MUN": "006", "CU_MUN": "22006", "NOM_MUN": "CORREGIDORA", "CIRCUNSCRI": "2", "24_D_FEDERAL": 4, "24_D_LOCAL": 8, "24_SECCION": 981, "25_D_FEDERAL": 4, "25_D_LOCAL": 8, "25_SECCION": 981}, "geometry": {"type": "MultiPolygon", "coordinates": [[[[-100.4894436197868, 20.4320810423156], [-100.48950193484973, 20.44384391232945], [-100.48964573264122, 20.449181509223482], [-100.48971476329854, 20.451270976629264], [-100.48978379779156, 20.45336044340704], [-100.48915788211126, 20.457253059453798], [-100.48946145060246, 20.459320804659047], [-100.48963968941233, 20.45977521879864], [-100.48987761718882, 20.460436278083804], [-100.48971027740039, 20.462175038224043], [-100.48977881260308, 20.46416105061358], [-100.48978128170569, 20.46465761808856], [-100.48955260336965, 20.4658586874663], [-100.48926382048, 20.466770350019708], [-100.48885997156464, 20.468137714355763], [-100.48874593585285, 20.468800319548453], [-100.4886316938031, 20.469421544058463], [-100.4888696782384, 20.470716909260936], [-100.48803898970183, 20.469778344580998], [-100.48698223209969, 20.46946175219759], [-100.48656924314062, 20.469178156849996], [-100.48615938501823, 20.469142149356763], [-100.48557461849508, 20.469149658145945], [-100.48475802979385, 20.46932522654759], [-100.48411686949643, 20.46949854041517], [-100.48277398444199, 20.469680851632567], [-100.48113975071523, 20.46994942927019], [-100.47938647669358, 20.47005442957084], [-100.47774807626074, 20.469992856091796], [-100.47628458879478, 20.469887759134817], [-100.47423995909314, 20.470078975891724], [-100.47225638951022, 20.470475748008777], [-100.46957055800347, 20.470840179637996], [-100.46670617867849, 20.47095921290897], [-100.46354991723541, 20.471123181816406], [-100.46220492211592, 20.471140275283616], [-100.4618826663741, 20.47134662103527], [-100.46172301517576, 20.471448847959483], [-100.46121851883746, 20.471771882311963], [-100.46115352591659, 20.471759634977836], [-100.46039776299513, 20.471617216267568], [-100.45923179754537, 20.47192091707957], [-100.45806685525784, 20.472307141035028], [-100.45741742289344, 20.471820113120298], [-100.45642123409334, 20.471667652099537], [-100.45589287402863, 20.47150925904164], [-100.45513214153394, 20.471477623073955], [-100.45425650466683, 20.471612526105684], [-100.45367274574264, 20.471702459058687], [-100.45326852437546, 20.472120293797396], [-100.45268886424651, 20.47254034719677], [-100.45257293183553, 20.472624357665005], [-100.45210817581898, 20.472877867910842], [-100.45181680568518, 20.47296409666046], [-100.45135153495542, 20.473176339536444], [-100.45100117232083, 20.473222040852], [-100.44995520270986, 20.473771795622472], [-100.44978283614178, 20.474021605263783], [-100.44943707765059, 20.47443869310452], [-100.44885535108106, 20.474693672707932], [-100.44821360794846, 20.474825592254703], [-100.44745388103262, 20.474876454643574], [-100.44698553060434, 20.474841093205406], [-100.4466392513548, 20.475216910451433], [-100.446177543088, 20.475717999172126], [-100.44571327732959, 20.47601275898114], [-100.44536239506247, 20.476017183824048], [-100.44477861243782, 20.47610708816062], [-100.44454724365598, 20.476316364830595], [-100.44425892521282, 20.47665017506772], [-100.4439126351905, 20.477025987444563], [-100.44332629618933, 20.476909559136896], [-100.4433171112709, 20.476166778144847], [-100.44348081586918, 20.475215458798502], [-100.44352449763616, 20.474018019163626], [-100.44333936447131, 20.473236182469588], [-100.44303625502499, 20.4723732872699], [-100.43982244972614, 20.472620096281354], [-100.43986717905327, 20.47150518696635], [-100.44085775228625, 20.47120382145247], [-100.44049363590051, 20.4701353278462], [-100.43904134907206, 20.47093776150629], [-100.43833960533541, 20.470946582181195], [-100.43816416935891, 20.47094878690774], [-100.43760379755548, 20.47293689029284], [-100.43246723923403, 20.473785521736204], [-100.43252115320435, 20.473413396240442], [-100.42901489681094, 20.473663672565724], [-100.42900578198794, 20.472920886433275], [-100.42917514402566, 20.47242350006069], [-100.43011306049479, 20.467830541284357], [-100.43090641054818, 20.465756995351594], [-100.43084286659646, 20.465345068675074], [-100.43146653857671, 20.458981330736567], [-100.43183278083761, 20.45546860055728], [-100.43176387136981, 20.449856432340233], [-100.4316856437623, 20.448247792065835], [-100.43162374636337, 20.43887653661416], [-100.431607340231, 20.438099759375753], [-100.43257821600562, 20.43817840118968], [-100.4330406640894, 20.438300261743173], [-100.4333753946006, 20.43831980222513], [-100.4337164992909, 20.438297880718586], [-100.43410581691363, 20.43819115096794], [-100.43438451258774, 20.438180890959657], [-100.43493706886201, 20.43823476512026], [-100.435072163941, 20.438284615296542], [-100.43521268108644, 20.438376212605984], [-100.43535060914594, 20.438504196202683], [-100.43551964370614, 20.438533283732134], [-100.43575987098538, 20.438543821733866], [-100.43709142087728, 20.438737486316292], [-100.43772303999445, 20.438795178930008], [-100.43844020224219, 20.4388760518594], [-100.43871467431211, 20.438960245632217], [-100.43904580872886, 20.439018992296603], [-100.43939064467484, 20.439059310679895], [-100.43981016122646, 20.439095008041892], [-100.44009460321051, 20.439082950709043], [-100.44063617784677, 20.439176964175125], [-100.44135032206215, 20.439230190283304], [-100.44194062053917, 20.439343832266918], [-100.44251735633185, 20.439365070508693], [-100.44283981020494, 20.43940054033486], [-100.44303085976813, 20.43945870651606], [-100.44420925302857, 20.439600971742923], [-100.4433827515813, 20.434944517022917], [-100.44334096450308, 20.434759215178058], [-100.44314748708697, 20.43370042102461], [-100.44316818048279, 20.433413910400617], [-100.44302826708184, 20.4327291151735], [-100.44283971791208, 20.43184019488786], [-100.44252946375774, 20.4297125283191], [-100.44236244485606, 20.428983904354574], [-100.44238094597726, 20.428820128633063], [-100.44201336391413, 20.426923732374355], [-100.44192054089959, 20.426484195708408], [-100.4411886204748, 20.422637595050386], [-100.44107117265405, 20.421913819637606], [-100.44104191132256, 20.421754791588345], [-100.44099990645178, 20.42152594473232], [-100.44091591372037, 20.421133169026238], [-100.44059290822234, 20.41915703879694], [-100.44046924296437, 20.41832800630937], [-100.44023966246377, 20.41725300119958], [-100.439719850698, 20.414343728226715], [-100.44422323260818, 20.414914936840585], [-100.46304440243875, 20.417223836484194], [-100.46660385789464, 20.41801814564384], [-100.4894436197868, 20.4320810423156]]]]}}, {"type": "Feature", "properties": {"fid": 12999, "CVE_PAIS": "MX", "NOM_PAIS": "MEXICO", "CVE_ENT": "22", "NOM_ENT": "QUERETARO", "CVE_MUN": "006", "CU_MUN": "22006", "NOM_MUN": "CORREGIDORA", "CIRCUNSCRI": "2", "24_D_FEDERAL": 4, "24_D_LOCAL": 8, "24_SECCION": 982, "25_D_FEDERAL": 4, "25_D_LOCAL": 8, "25_SECCION": 982}, "geometry": {"type": "MultiPolygon", "coordinates": [[[[-100.4894436197868, 20.4320810423156], [-100.46660385789464, 20.41801814564384], [-100.46304440243875, 20.417223836484194], [-100.44422323260818, 20.414914936840585], [-100.44536134561724, 20.41443914917287], [-100.44599418058031, 20.413605734586053], [-100.4455051274977, 20.41187845692165], [-100.44508472871148, 20.410975758947824], [-100.44489408283151, 20.409739989469593], [-100.44536070672973, 20.409651571009334], [-100.44594169280903, 20.40935534974917], [-100.44640423752665, 20.408936801582353], [-100.44663448952916, 20.408644995341792], [-100.4469796110421, 20.408186652556257], [-100.4473842048485, 20.40781010437767], [-100.44784674107346, 20.407391552822137], [-100.44860562738305, 20.40729944247592], [-100.44889483728994, 20.407048162481917], [-100.44912967481805, 20.407127745845518], [-100.44948040022604, 20.40712332279065], [-100.44983163609217, 20.40716016485042], [-100.45029978054897, 20.40719553120904], [-100.4507094708996, 20.407231633955323], [-100.45088432279077, 20.40718815512077], [-100.4505269582682, 20.406656125514573], [-100.45023264563996, 20.406494749885717], [-100.45004860413145, 20.40579544327402], [-100.44969481906938, 20.405552272316196], [-100.44940357165144, 20.405638490095228], [-100.44917128791046, 20.4057652361556], [-100.44870059688692, 20.405523537240555], [-100.44822837709678, 20.405158039380957], [-100.44781614272513, 20.404915601084884], [-100.44748764548933, 20.404715155593728], [-100.44728598328624, 20.404592102895457], [-100.44684823687523, 20.404334633967306], [-100.44617078414157, 20.404234698628475], [-100.4457419983043, 20.404006206911358], [-100.44563781322601, 20.403974624185523], [-100.44569500852901, 20.403580331860557], [-100.44592474524813, 20.403247260870938], [-100.44603706611208, 20.402874395722538], [-100.4458550861127, 20.402340146668035], [-100.44549927826647, 20.40193190252172], [-100.44520294290402, 20.40160545372227], [-100.44502453134427, 20.401360065032755], [-100.44554652680286, 20.40102331631476], [-100.44571933641208, 20.400814779257516], [-100.44530660840712, 20.400531068036575], [-100.44472107168829, 20.400455892018517], [-100.44471801757132, 20.400208296323072], [-100.44524051919544, 20.399912814615494], [-100.44535334903445, 20.399581215757305], [-100.4455210653528, 20.39896001954398], [-100.44603744926943, 20.398169344533603], [-100.4466163544332, 20.397708059612285], [-100.44731011867657, 20.39708023676387], [-100.44812485653812, 20.396781065634592], [-100.44847300899828, 20.39657031653398], [-100.44917288182059, 20.396437677590875], [-100.44840640008671, 20.39591079880218], [-100.4477004121459, 20.395548243599393], [-100.44652122570633, 20.39473764839072], [-100.44504725965119, 20.393724392010803], [-100.44410342258496, 20.393034634720205], [-100.44304320452135, 20.39238760730128], [-100.44262288027824, 20.391484897383105], [-100.44238247952522, 20.390951377071065], [-100.44266963843627, 20.390535044042444], [-100.44248565437582, 20.389835725001138], [-100.44236113612823, 20.389218203275384], [-100.44223865147573, 20.388765745566623], [-100.44193930152618, 20.388191692459138], [-100.44076426271792, 20.38771118110884], [-100.44111037550807, 20.387335382805365], [-100.44139803978585, 20.386960317978748], [-100.44162014544922, 20.386008261842203], [-100.44267726362764, 20.386407704783746], [-100.44384924634512, 20.38664060736409], [-100.44677208638558, 20.386645104750595], [-100.44858443933163, 20.386663549573868], [-100.45092229945358, 20.386634075149793], [-100.45238294972903, 20.38657437187274], [-100.453726194243, 20.386474866997943], [-100.45617684419696, 20.3861137194907], [-100.45804711919321, 20.386090061476736], [-100.45991636673122, 20.385983851978093], [-100.46131958262653, 20.386007346056765], [-100.46184585232137, 20.386377971194314], [-100.46225650378867, 20.38645917718454], [-100.46290178582284, 20.386580873505547], [-100.46322413139755, 20.386579654377158], [-100.46354647692627, 20.386578434653146], [-100.46436719009003, 20.386616704772827], [-100.46530511991588, 20.386654526213242], [-100.46677032592365, 20.386648959684837], [-100.46738600959384, 20.38670868433259], [-100.46800169359032, 20.386768406776483], [-100.46935167079266, 20.38717703982573], [-100.4708782768507, 20.387750498889833], [-100.4741077474556, 20.388979453289053], [-100.47539774477143, 20.38909862118307], [-100.47609884353041, 20.38944353909195], [-100.47621972083824, 20.390187897861452], [-100.47610506277853, 20.390726356674755], [-100.47581510516093, 20.391389713492266], [-100.47581931732665, 20.39225871888629], [-100.47576288977123, 20.39271416362586], [-100.47576971007818, 20.394121124517472], [-100.47554419721881, 20.3959842843078], [-100.47549077708861, 20.397060446783417], [-100.47543735673263, 20.398136609159867], [-100.47562309803806, 20.400163532380628], [-100.47581426746663, 20.403307745922657], [-100.47605625254387, 20.40483784133038], [-100.47653099086936, 20.40599449768103], [-100.47671193583939, 20.407028269624636], [-100.47671796981193, 20.40826970321005], [-100.47689771245773, 20.409055187803105], [-100.477373076105, 20.410335983423053], [-100.47743272371294, 20.410542636467607], [-100.47761307771158, 20.411452262997663], [-100.47786313789707, 20.41240372739809], [-100.47797157581033, 20.412816323036942], [-100.47803545898522, 20.41389197816362], [-100.47803949134074, 20.41471959946581], [-100.47810216671425, 20.41554696791749], [-100.47840002023793, 20.416497467929613], [-100.47881314569602, 20.417033650636988], [-100.47922506209173, 20.417321545979007], [-100.47934376291815, 20.417610706728603], [-100.47958076178422, 20.418106265835338], [-100.47993484760678, 20.4185599365864], [-100.48011259923224, 20.418931605160694], [-100.48028954249116, 20.41913774947594], [-100.48052553504148, 20.419426401896263], [-100.48081956526364, 20.419590657175995], [-100.48146647440043, 20.419960293092988], [-100.48211379217845, 20.42041268833002], [-100.48258457107468, 20.42074170137507], [-100.48293928104702, 20.421319507806977], [-100.48323352043579, 20.421525139535184], [-100.48370227226866, 20.421440339847987], [-100.48405353070152, 20.421314667885746], [-100.4844045850652, 20.421147614327737], [-100.48481387607028, 20.42089754311812], [-100.48510628413584, 20.4207307433994], [-100.48534065825015, 20.42068834129084], [-100.48575157686612, 20.420769315231386], [-100.48589849377016, 20.420830747815124], [-100.48604541078389, 20.420892180267323], [-100.48587049651952, 20.421099851398996], [-100.48560771669167, 20.421328596015925], [-100.48534493608273, 20.421557340278454], [-100.4847018790661, 20.421973957178416], [-100.48440936652237, 20.422120065909066], [-100.48411685340159, 20.422266174180155], [-100.48470595027976, 20.422801575369878], [-100.48494134580658, 20.422966078125054], [-100.48594137443686, 20.42358244914071], [-100.4865891282328, 20.424117587547254], [-100.48753154644956, 20.42494110857203], [-100.48829639912053, 20.42543434660186], [-100.48943936771005, 20.431222782298267], [-100.4894436197868, 20.4320810423156]]]]}}, {"type": "Feature", "properties": {"fid": 13000, "CVE_PAIS": "MX", "NOM_PAIS": "MEXICO", "CVE_ENT": "22", "NOM_ENT": "QUERETARO", "CVE_MUN": "006", "CU_MUN": "22006", "NOM_MUN": "CORREGIDORA", "CIRCUNSCRI": "2", "24_D_FEDERAL": 4, "24_D_LOCAL": 8, "24_SECCION": 983, "25_D_FEDERAL": 4, "25_D_LOCAL": 8, "25_SECCION": 983}, "geometry": {"type": "MultiPolygon", "coordinates": [[[[-100.41829626862334, 20.411493125892417], [-100.439719850698, 20.414343728226715], [-100.44023966246377, 20.41725300119958], [-100.44046924296437, 20.41832800630937], [-100.44059290822234, 20.41915703879694], [-100.44091591372037, 20.421133169026238], [-100.44099990645178, 20.42152594473232], [-100.44104191132256, 20.421754791588345], [-100.44107117265405, 20.421913819637606], [-100.4411886204748, 20.422637595050386], [-100.44192054089959, 20.426484195708408], [-100.44201336391413, 20.426923732374355], [-100.44238094597726, 20.428820128633063], [-100.44236244485606, 20.428983904354574], [-100.44252946375774, 20.4297125283191], [-100.44283971791208, 20.43184019488786], [-100.44302826708184, 20.4327291151735], [-100.44316818048279, 20.433413910400617], [-100.44314748708697, 20.43370042102461], [-100.44334096450308, 20.434759215178058], [-100.4433827515813, 20.434944517022917], [-100.44420925302857, 20.439600971742923], [-100.44303085976813, 20.43945870651606], [-100.44283981020494, 20.43940054033486], [-100.44251735633185, 20.439365070508693], [-100.44194062053917, 20.439343832266918], [-100.44135032206215, 20.439230190283304], [-100.44063617784677, 20.439176964175125], [-100.44009460321051, 20.439082950709043], [-100.43981016122646, 20.439095008041892], [-100.43939064467484, 20.439059310679895], [-100.43904580872886, 20.439018992296603], [-100.43871467431211, 20.438960245632217], [-100.43844020224219, 20.4388760518594], [-100.43772303999445, 20.438795178930008], [-100.43709142087728, 20.438737486316292], [-100.43575987098538, 20.438543821733866], [-100.43551964370614, 20.438533283732134], [-100.43535060914594, 20.438504196202683], [-100.43521268108644, 20.438376212605984], [-100.435072163941, 20.438284615296542], [-100.43493706886201, 20.43823476512026], [-100.43438451258774, 20.438180890959657], [-100.43410581691363, 20.43819115096794], [-100.4337164992909, 20.438297880718586], [-100.4333753946006, 20.43831980222513], [-100.4330406640894, 20.438300261743173], [-100.43257821600562, 20.43817840118968], [-100.431607340231, 20.438099759375753], [-100.43145368445401, 20.43806537504497], [-100.43125927907424, 20.437990079284923], [-100.43068102452524, 20.437892470699243], [-100.43050765255835, 20.43787445978711], [-100.43012820732262, 20.437869803830317], [-100.43000802314167, 20.437806004571588], [-100.42985399071924, 20.4377981999822], [-100.4297178828993, 20.43782825669153], [-100.42951033156808, 20.43779843159833], [-100.42935156472882, 20.437724582881888], [-100.4292279758504, 20.437738555224062], [-100.42908107093575, 20.43773733466241], [-100.4289174081378, 20.437713853864185], [-100.42879031653004, 20.43773887578566], [-100.42861740570392, 20.437755124946648], [-100.42845429766083, 20.437697144925707], [-100.42832342912585, 20.437722935192042], [-100.42814536566547, 20.437749112647428], [-100.42726190446979, 20.437665008375514], [-100.42647635356307, 20.43760461677913], [-100.42616235932594, 20.437676395457245], [-100.42599478316185, 20.43770248478768], [-100.42587955456935, 20.43771825860604], [-100.42574781953805, 20.437650132470313], [-100.42568416385045, 20.437571562070417], [-100.42557912754283, 20.437574581517627], [-100.4255331760797, 20.437086648612762], [-100.42529015473008, 20.43710018765093], [-100.42520861255393, 20.437178396616176], [-100.42456831765705, 20.437211685559124], [-100.42415030617356, 20.437244803210223], [-100.4223746651208, 20.43734181461546], [-100.42213319002573, 20.43734873738034], [-100.4219199599952, 20.437381826085808], [-100.42138649795238, 20.437425137400158], [-100.4217166863574, 20.43834963623015], [-100.4202245796816, 20.43873317656537], [-100.42064039284162, 20.439264540005617], [-100.42122758220039, 20.439463587239803], [-100.42175378703232, 20.439457030103398], [-100.42187777414459, 20.440033299416427], [-100.422119705264, 20.440690643337813], [-100.42224419891619, 20.441308178348045], [-100.4218414730364, 20.441849740295805], [-100.42143421108878, 20.44201990576129], [-100.42108541644028, 20.44218934183755], [-100.4204478034739, 20.442651282350663], [-100.41981119320657, 20.44319575315381], [-100.41946491000009, 20.443571517304743], [-100.41864986736775, 20.443870570752278], [-100.417721402472, 20.444459939137538], [-100.41707824121076, 20.444467939527748], [-100.41631713648528, 20.44439485892955], [-100.41567497949875, 20.44448538668326], [-100.41533018939175, 20.444984942172603], [-100.41498389097639, 20.44536069820595], [-100.41457058820396, 20.4450356529362], [-100.41415628353018, 20.444628073948444], [-100.41374348612264, 20.44434429278826], [-100.41327523042385, 20.444308834451245], [-100.41223431333849, 20.445271023783878], [-100.41223882516674, 20.445642420869575], [-100.41143277574517, 20.446684236220268], [-100.41102598935252, 20.446895645006244], [-100.41027238606404, 20.44744153404792], [-100.40928189088872, 20.44774272058571], [-100.40811297750349, 20.447798476149167], [-100.40647679637617, 20.44790128068422], [-100.40566270153525, 20.448282808841835], [-100.39525179840936, 20.448163668810867], [-100.39506446210038, 20.44717542899445], [-100.39500052705948, 20.44672221565862], [-100.39523043531467, 20.44638920295411], [-100.39660539054663, 20.444019721555986], [-100.3967208383166, 20.443894480979267], [-100.39682932562624, 20.44319150741986], [-100.39502925531626, 20.444245499586824], [-100.39322860245169, 20.44525820436274], [-100.39288224683345, 20.44563391955013], [-100.38896621765645, 20.445805855437012], [-100.38791127469642, 20.44561243848064], [-100.38759141890853, 20.445760817825352], [-100.38727156247748, 20.445909196614924], [-100.38713829910606, 20.444548826427052], [-100.38495020631716, 20.442512004711304], [-100.38522229774757, 20.440816481466054], [-100.38539226923699, 20.440360396654885], [-100.38604937585383, 20.437899120639884], [-100.38628773046995, 20.437006315602957], [-100.3872772226316, 20.43662272733891], [-100.38709292198904, 20.43588207501812], [-100.38755571083574, 20.435463670412876], [-100.38743185484843, 20.434887368670132], [-100.38847781775553, 20.434337990055173], [-100.38888559621695, 20.434209167480375], [-100.38923193827668, 20.433833460689755], [-100.38999348078084, 20.433947930452096], [-100.39027541119258, 20.433077737940756], [-100.39096808181873, 20.432326318808574], [-100.39089328421605, 20.430901828601964], [-100.39065544910031, 20.43063797029405], [-100.39041861919277, 20.430393241334706], [-100.39046965595512, 20.4297735211234], [-100.39104637432696, 20.42910607175481], [-100.39149228840725, 20.427284586614118], [-100.39148287591101, 20.42650051714414], [-100.39147346376926, 20.425716447599505], [-100.39064211063747, 20.42465356257448], [-100.3902536640761, 20.423976849906726], [-100.38986576696144, 20.4233010871727], [-100.38959813608335, 20.422896298344977], [-100.38897251448746, 20.421950041898288], [-100.38861377074147, 20.42137492273355], [-100.38796919053996, 20.420327894546553], [-100.3877020817775, 20.419894009449965], [-100.38748181936478, 20.41953321944409], [-100.38740032377454, 20.419347688779226], [-100.38712117436495, 20.41871218077245], [-100.3867615213277, 20.41797367494456], [-100.38634291833046, 20.41719461745523], [-100.38630138846258, 20.41693727432148], [-100.38628571127964, 20.41684012913598], [-100.38627486977501, 20.416772948612905], [-100.38621661697162, 20.416411977769243], [-100.38600808220319, 20.416088782028424], [-100.385987797005, 20.41605899631167], [-100.38597034292327, 20.416032071273563], [-100.38574049396951, 20.41567750027821], [-100.38573677088785, 20.415644123711605], [-100.38582212519223, 20.415605209025053], [-100.38585063495118, 20.41559221085836], [-100.38619638589125, 20.415533022697947], [-100.38659941272407, 20.415305861961834], [-100.38663479868929, 20.415285917056757], [-100.38666365990461, 20.415269649745433], [-100.3880421473839, 20.414492670901783], [-100.38808177859941, 20.414470332659196], [-100.38811758029358, 20.414450152923695], [-100.38835269955939, 20.414317626918102], [-100.38838863970622, 20.41429731413482], [-100.38841730801755, 20.414281209984264], [-100.38890830253304, 20.414004456756434], [-100.38894751868213, 20.413982352141183], [-100.38898520586069, 20.413961109333158], [-100.38916787934993, 20.413858143144495], [-100.38953742707204, 20.413678683012904], [-100.39003980778517, 20.41343471451184], [-100.39028178783605, 20.413248575558388], [-100.39038213616602, 20.41318321626823], [-100.39047368325451, 20.41312361836561], [-100.39096672450292, 20.41272169579896], [-100.39134173228271, 20.412532289823414], [-100.39214796866047, 20.41212507810329], [-100.39689268117499, 20.40959464216364], [-100.40130203543974, 20.406775021224146], [-100.40182415217116, 20.406438396999484], [-100.40180133916324, 20.404546872981122], [-100.41829626862334, 20.411493125892417]]]]}}, {"type": "Feature", "properties": {"fid": 13001, "CVE_PAIS": "MX", "NOM_PAIS": "MEXICO", "CVE_ENT": "22", "NOM_ENT": "QUERETARO", "CVE_MUN": "006", "CU_MUN": "22006", "NOM_MUN": "CORREGIDORA", "CIRCUNSCRI": "2", "24_D_FEDERAL": 4, "24_D_LOCAL": 8, "24_SECCION": 984, "25_D_FEDERAL": 4, "25_D_LOCAL": 8, "25_SECCION": 984}, "geometry": {"type": "MultiPolygon", "coordinates": [[[[-100.439719850698, 20.414343728226715], [-100.41829626862334, 20.411493125892417], [-100.40180133916324, 20.404546872981122], [-100.40177514189642, 20.402374532689535], [-100.40173358465341, 20.398928039228206], [-100.40170771471925, 20.39678226198693], [-100.40170671403207, 20.39669925569781], [-100.40170024214753, 20.396162409459436], [-100.40167935569166, 20.394429772080034], [-100.40143026069731, 20.378489421780333], [-100.40142400283585, 20.378088830579344], [-100.40138734790517, 20.375045273998126], [-100.40138229624253, 20.37462578593785], [-100.40137380763419, 20.373920876146418], [-100.39654925785078, 20.371297527470237], [-100.3919551144564, 20.368629795142642], [-100.39091126028669, 20.36802361808351], [-100.38777920935584, 20.366204735161347], [-100.38384056458061, 20.36431307961639], [-100.40058095726401, 20.361466186553468], [-100.4016308604222, 20.361288158568374], [-100.40233940223146, 20.361019443621306], [-100.40331811152274, 20.360648261087515], [-100.40379705338549, 20.361591633347977], [-100.4038035186384, 20.362128103033214], [-100.40375005334799, 20.362541492928205], [-100.40352226588946, 20.36303957924859], [-100.40341334422013, 20.363701291301464], [-100.403652073988, 20.36411107673094], [-100.40383037609244, 20.364356515198512], [-100.40447271135324, 20.364307316282297], [-100.40464703410511, 20.364222618847492], [-100.40506307708843, 20.364795305647576], [-100.40530430192725, 20.365411422688855], [-100.4051334626008, 20.365784988819843], [-100.40513893805225, 20.36623892421787], [-100.40532122771657, 20.36681449561004], [-100.40561691431087, 20.367099755551497], [-100.4059700463986, 20.367301759493266], [-100.4062082907656, 20.367670273712385], [-100.40721473716087, 20.368730936282965], [-100.40768675095575, 20.369096559068257], [-100.40810032578432, 20.369462902969392], [-100.4084544638085, 20.36974743487596], [-100.40892349040604, 20.369865453320187], [-100.40945345396504, 20.370189081252665], [-100.40993196614627, 20.371091165005446], [-100.41023415948622, 20.371912883550028], [-100.41042096955857, 20.372859848274004], [-100.41054933954844, 20.373807536018138], [-100.41128012773433, 20.37623358845154], [-100.41182869793316, 20.376510459718574], [-100.4135149903654, 20.377361538242837], [-100.41521637432152, 20.37787698500999], [-100.41656109012037, 20.377901569186342], [-100.41767503740819, 20.37817664619399], [-100.41878647993282, 20.378245383133827], [-100.41966464813001, 20.378358285999134], [-100.41995234951114, 20.3786308099519], [-100.42013772388155, 20.37880640426843], [-100.42066372302655, 20.378799862584316], [-100.42083554059846, 20.378508816154287], [-100.4215383783585, 20.37862389030168], [-100.42318085065608, 20.379098717668892], [-100.42482786168544, 20.37994492674708], [-100.42800353253753, 20.381514954691312], [-100.42870978205278, 20.381617206085224], [-100.42994429792776, 20.38244035518393], [-100.4310014951232, 20.382933101993316], [-100.43223414455697, 20.383342452113453], [-100.43299642405313, 20.383422460752794], [-100.43393490620936, 20.383584586897587], [-100.43469889286814, 20.384036990737012], [-100.43599016741604, 20.38444610105583], [-100.43687138045686, 20.38489806963428], [-100.43921914409421, 20.385634345141384], [-100.4394693187352, 20.385668735688807], [-100.43951237744609, 20.385674654766376], [-100.43980561091784, 20.385714963888915], [-100.44039207822098, 20.385795580626255], [-100.44162014544922, 20.386008261842203], [-100.44139803978585, 20.386960317978748], [-100.44111037550807, 20.387335382805365], [-100.44076426271792, 20.38771118110884], [-100.44193930152618, 20.388191692459138], [-100.44223865147573, 20.388765745566623], [-100.44236113612823, 20.389218203275384], [-100.44248565437582, 20.389835725001138], [-100.44266963843627, 20.390535044042444], [-100.44238247952522, 20.390951377071065], [-100.44262288027824, 20.391484897383105], [-100.44304320452135, 20.39238760730128], [-100.44410342258496, 20.393034634720205], [-100.44504725965119, 20.393724392010803], [-100.44652122570633, 20.39473764839072], [-100.4477004121459, 20.395548243599393], [-100.44840640008671, 20.39591079880218], [-100.44917288182059, 20.396437677590875], [-100.44847300899828, 20.39657031653398], [-100.44812485653812, 20.396781065634592], [-100.44731011867657, 20.39708023676387], [-100.4466163544332, 20.397708059612285], [-100.44603744926943, 20.398169344533603], [-100.4455210653528, 20.39896001954398], [-100.44535334903445, 20.399581215757305], [-100.44524051919544, 20.399912814615494], [-100.44471801757132, 20.400208296323072], [-100.44472107168829, 20.400455892018517], [-100.44530660840712, 20.400531068036575], [-100.44571933641208, 20.400814779257516], [-100.44554652680286, 20.40102331631476], [-100.44502453134427, 20.401360065032755], [-100.44520294290402, 20.40160545372227], [-100.44549927826647, 20.40193190252172], [-100.4458550861127, 20.402340146668035], [-100.44603706611208, 20.402874395722538], [-100.44592474524813, 20.403247260870938], [-100.44569500852901, 20.403580331860557], [-100.44563781322601, 20.403974624185523], [-100.4457419983043, 20.404006206911358], [-100.44617078414157, 20.404234698628475], [-100.44684823687523, 20.404334633967306], [-100.44728598328624, 20.404592102895457], [-100.44748764548933, 20.404715155593728], [-100.44781614272513, 20.404915601084884], [-100.44822837709678, 20.405158039380957], [-100.44870059688692, 20.405523537240555], [-100.44917128791046, 20.4057652361556], [-100.44940357165144, 20.405638490095228], [-100.44969481906938, 20.405552272316196], [-100.45004860413145, 20.40579544327402], [-100.45023264563996, 20.406494749885717], [-100.4505269582682, 20.406656125514573], [-100.45088432279077, 20.40718815512077], [-100.4507094708996, 20.407231633955323], [-100.45029978054897, 20.40719553120904], [-100.44983163609217, 20.40716016485042], [-100.44948040022604, 20.40712332279065], [-100.44912967481805, 20.407127745845518], [-100.44889483728994, 20.407048162481917], [-100.44860562738305, 20.40729944247592], [-100.44784674107346, 20.407391552822137], [-100.4473842048485, 20.40781010437767], [-100.4469796110421, 20.408186652556257], [-100.44663448952916, 20.408644995341792], [-100.44640423752665, 20.408936801582353], [-100.44594169280903, 20.40935534974917], [-100.44536070672973, 20.409651571009334], [-100.44489408283151, 20.409739989469593], [-100.44508472871148, 20.410975758947824], [-100.4455051274977, 20.41187845692165], [-100.44599418058031, 20.413605734586053], [-100.44536134561724, 20.41443914917287], [-100.44422323260818, 20.414914936840585], [-100.439719850698, 20.414343728226715]]]]}}, {"type": "Feature", "properties": {"fid": 13002, "CVE_PAIS": "MX", "NOM_PAIS": "MEXICO", "CVE_ENT": "22", "NOM_ENT": "QUERETARO", "CVE_MUN": "006", "CU_MUN": "22006", "NOM_MUN": "CORREGIDORA", "CIRCUNSCRI": "2", "24_D_FEDERAL": 4, "24_D_LOCAL": 8, "24_SECCION": 99, "25_D_FEDERAL": 4, "25_D_LOCAL": 8, "25_SECCION": 1019}, "geometry": {"type": "MultiPolygon", "coordinates": [[[[-100.45953620461945, 20.573814215068115], [-100.46425817876242, 20.573190112222594], [-100.46607193990316, 20.57295361788875], [-100.46613416159106, 20.572945504523553], [-100.47118228027345, 20.57228718091529], [-100.47403150300171, 20.57197131914174], [-100.47813494091459, 20.571431136795248], [-100.48017463078673, 20.57116259184876], [-100.48399590365739, 20.5705093774435], [-100.4840008920092, 20.570743014817708], [-100.4840017850092, 20.57078512281774], [-100.48389870800918, 20.571440399817792], [-100.48211180000912, 20.571448476817814], [-100.4820916460091, 20.57150830781776], [-100.48221603100909, 20.576356307818557], [-100.48348360000917, 20.578428553818835], [-100.48372770800918, 20.578719968818927], [-100.48464036900924, 20.580111799819168], [-100.48513958500925, 20.58130727681938], [-100.48570836900929, 20.58306549181962], [-100.4860691380093, 20.58477923081992], [-100.48678546200935, 20.586435076820162], [-100.4875390000094, 20.587946907820385], [-100.48735535400944, 20.58800704582042], [-100.48639964600933, 20.588319984820497], [-100.48640878500937, 20.58843366182052], [-100.48668140002721, 20.588985507372943], [-100.48862935841363, 20.59369702423717], [-100.48669475858664, 20.594476030279857], [-100.48643035064131, 20.59439689476682], [-100.48636424868924, 20.59437711093654], [-100.48633119771902, 20.59436721901147], [-100.48629814675266, 20.5943573270799], [-100.48616594294393, 20.5943177588319], [-100.48558070072612, 20.5943252967823], [-100.48493798203195, 20.594416114731633], [-100.48435221526378, 20.594382384296537], [-100.48276839498577, 20.594113865694876], [-100.47538233435453, 20.593259472016587], [-100.46835912056662, 20.59258149007978], [-100.46358095396012, 20.592277598879132], [-100.45759497613754, 20.59158937763236], [-100.45625307059106, 20.591433416551972], [-100.45616139127723, 20.591422758087052], [-100.45377959783083, 20.591145837555366], [-100.4536767957988, 20.59113380876204], [-100.45049613638734, 20.59077607343371], [-100.45046642221939, 20.59077308158103], [-100.45039675123544, 20.590766066546205], [-100.45032751693334, 20.59075909545124], [-100.44990961063054, 20.59071701650447], [-100.44965183808868, 20.59068723936351], [-100.44394071932666, 20.590035267863975], [-100.44396152565622, 20.58984757025359], [-100.44397696756755, 20.589708265687186], [-100.4439903944004, 20.589602247928866], [-100.44392915627164, 20.589492706084133], [-100.44398565785325, 20.589183644809246], [-100.44409169355541, 20.588301380762434], [-100.4441725637383, 20.587509719583874], [-100.44420531941223, 20.58735595500805], [-100.44475811339669, 20.587423501050857], [-100.44575152254886, 20.587544871244372], [-100.44625293035469, 20.587606128701587], [-100.44653863900352, 20.587641033314775], [-100.44674348834818, 20.587666059160696], [-100.44724650582245, 20.58772751026267], [-100.44817622476654, 20.587841085312117], [-100.44824451208306, 20.587351679099417], [-100.44830491283496, 20.58690204729892], [-100.44836975115773, 20.586428918120784], [-100.44843697626793, 20.585938370044293], [-100.44851328545566, 20.58545309862434], [-100.44853622228892, 20.585307236419943], [-100.44857930922531, 20.58511147278942], [-100.44860903189735, 20.584965997596488], [-100.44861951461314, 20.584873636737225], [-100.44867172600375, 20.584413612693588], [-100.44870930870005, 20.58408247790788], [-100.44884027824358, 20.58389263213149], [-100.44892294185483, 20.583427896786272], [-100.44900403686172, 20.58296171068153], [-100.44906173301206, 20.582486937346616], [-100.4490543267624, 20.58236110753529], [-100.44901941192407, 20.582285279279663], [-100.44891299633055, 20.58221004975031], [-100.4490598034028, 20.58224012196844], [-100.45011804623823, 20.582380791653453], [-100.45019685745795, 20.582400794764194], [-100.45019817417277, 20.58233395831025], [-100.45019186606508, 20.581666491903178], [-100.45017082094203, 20.580518980194793], [-100.45018372885464, 20.57932409428026], [-100.45002926382872, 20.575415501608674], [-100.45005586377182, 20.57525748685131], [-100.45008168987785, 20.575166422010852], [-100.45008004590598, 20.575085594843706], [-100.45650440184433, 20.574178810467927], [-100.45953620461945, 20.573814215068115]]]]}}, {"type": "Feature", "properties": {"fid": 13003, "CVE_PAIS": "MX", "NOM_PAIS": "MEXICO", "CVE_ENT": "22", "NOM_ENT": "QUERETARO", "CVE_MUN": "006", "CU_MUN": "22006", "NOM_MUN": "CORREGIDORA", "CIRCUNSCRI": "2", "24_D_FEDERAL": 4, "24_D_LOCAL": 8, "24_SECCION": 99, "25_D_FEDERAL": 4, "25_D_LOCAL": 8, "25_SECCION": 1020}, "geometry": {"type": "MultiPolygon", "coordinates": [[[[-100.45005586377182, 20.57525748685131], [-100.45002926382872, 20.575415501608674], [-100.45018372885464, 20.57932409428026], [-100.45017082094203, 20.580518980194793], [-100.45019186606508, 20.581666491903178], [-100.45019817417277, 20.58233395831025], [-100.45019685745795, 20.582400794764194], [-100.45011804623823, 20.582380791653453], [-100.4490598034028, 20.58224012196844], [-100.44891299633055, 20.58221004975031], [-100.44901941192407, 20.582285279279663], [-100.4490543267624, 20.58236110753529], [-100.44906173301206, 20.582486937346616], [-100.44900403686172, 20.58296171068153], [-100.44892294185483, 20.583427896786272], [-100.44884027824358, 20.58389263213149], [-100.44870930870005, 20.58408247790788], [-100.44867172600375, 20.584413612693588], [-100.44861951461314, 20.584873636737225], [-100.44860903189735, 20.584965997596488], [-100.44857930922531, 20.58511147278942], [-100.44853622228892, 20.585307236419943], [-100.44851328545566, 20.58545309862434], [-100.44843697626793, 20.585938370044293], [-100.44836975115773, 20.586428918120784], [-100.44830491283496, 20.58690204729892], [-100.44824451208306, 20.587351679099417], [-100.44817622476654, 20.587841085312117], [-100.44724650582245, 20.58772751026267], [-100.44674348834818, 20.587666059160696], [-100.44653863900352, 20.587641033314775], [-100.44625293035469, 20.587606128701587], [-100.44575152254886, 20.587544871244372], [-100.44475811339669, 20.587423501050857], [-100.44420531941223, 20.58735595500805], [-100.4441725637383, 20.587509719583874], [-100.44409169355541, 20.588301380762434], [-100.44398565785325, 20.589183644809246], [-100.44392915627164, 20.589492706084133], [-100.4439903944004, 20.589602247928866], [-100.44397696756755, 20.589708265687186], [-100.44396152565622, 20.58984757025359], [-100.44394071932666, 20.590035267863975], [-100.44337411529541, 20.589972478765958], [-100.44242058416822, 20.58986680665086], [-100.44171185372265, 20.589760463439816], [-100.44081015529457, 20.589728969638234], [-100.43994003996451, 20.589683206768633], [-100.43988740437258, 20.58882369487214], [-100.44033561832742, 20.586855285556737], [-100.44063867349746, 20.585508508731518], [-100.440988976586, 20.583347030426275], [-100.44118198102758, 20.581975318162286], [-100.44134534876228, 20.580371193153955], [-100.4413539235895, 20.580125004030897], [-100.43912519487495, 20.580348520424113], [-100.43906057263386, 20.57994216099797], [-100.43875696255549, 20.57998989629279], [-100.43862857620275, 20.579483021409178], [-100.4363516037803, 20.58004311634565], [-100.4345481896824, 20.576365675986214], [-100.43767603562148, 20.576322659211925], [-100.4378607544088, 20.57632011703599], [-100.43803767556935, 20.576309413788366], [-100.43870753264723, 20.57631956007196], [-100.43973015267959, 20.57630087517335], [-100.44037364201996, 20.576278924054364], [-100.44085640609737, 20.576235841069032], [-100.44239163568972, 20.57605106611537], [-100.4426405236153, 20.57601984107301], [-100.4473415977273, 20.575429983485773], [-100.45008004590598, 20.575085594843706], [-100.45008168987785, 20.575166422010852], [-100.45005586377182, 20.57525748685131]]]]}}, {"type": "Feature", "properties": {"fid": 13004, "CVE_PAIS": "MX", "NOM_PAIS": "MEXICO", "CVE_ENT": "22", "NOM_ENT": "QUERETARO", "CVE_MUN": "006", "CU_MUN": "22006", "NOM_MUN": "CORREGIDORA", "CIRCUNSCRI": "2", "24_D_FEDERAL": 4, "24_D_LOCAL": 8, "24_SECCION": 99, "25_D_FEDERAL": 4, "25_D_LOCAL": 8, "25_SECCION": 1021}, "geometry": {"type": "MultiPolygon", "coordinates": [[[[-100.44990415304835, 20.57477485411001], [-100.45000177884653, 20.574952863201066], [-100.45008004590598, 20.575085594843706], [-100.4473415977273, 20.575429983485773], [-100.4426405236153, 20.57601984107301], [-100.4425526873241, 20.57570799804118], [-100.44231965594722, 20.574900857154578], [-100.44194823323438, 20.573641135647502], [-100.441893786571, 20.573456471690523], [-100.44166545313594, 20.572716235674118], [-100.44165067073905, 20.572669834769716], [-100.44144362767724, 20.572019937712266], [-100.44132427818012, 20.57163838608909], [-100.44121554240765, 20.5711974514284], [-100.4411809946395, 20.571129185746376], [-100.44109870777613, 20.570790834572016], [-100.44103807722077, 20.570597959481113], [-100.44102260198923, 20.570548730306633], [-100.4409703454444, 20.570373339835946], [-100.4409910189279, 20.570321378625458], [-100.44089118229431, 20.57005689895499], [-100.44082115187555, 20.57004814068548], [-100.44064774856017, 20.57009141152302], [-100.44057315538255, 20.57011269969851], [-100.43940723306314, 20.570432409596773], [-100.43833755053404, 20.570699432744057], [-100.43803701700881, 20.570774874054607], [-100.43798636576663, 20.57062324954318], [-100.43796549919303, 20.57053922595972], [-100.43793519155017, 20.5704343239686], [-100.43760591330742, 20.56929460250968], [-100.43758131030587, 20.569208160926195], [-100.43754119865545, 20.569074790434357], [-100.43749520051789, 20.56892133116065], [-100.43746990200545, 20.5688296367613], [-100.43743490124847, 20.56871021055383], [-100.43719629154431, 20.567896043742483], [-100.4371036822234, 20.567580046181156], [-100.4370773189968, 20.567474945403468], [-100.4370299520438, 20.567328936834908], [-100.43664966211217, 20.56606207879931], [-100.4366208275668, 20.565987051777753], [-100.43657060340513, 20.565834986573268], [-100.43644185660355, 20.56589997550723], [-100.43628478964708, 20.56588389212874], [-100.4361595794775, 20.565819731894205], [-100.43608003002824, 20.565703033789685], [-100.43606496634268, 20.565572761050152], [-100.43609167992275, 20.565468221348098], [-100.43613594901997, 20.565422148173894], [-100.43619853472008, 20.565357011885272], [-100.4362427497078, 20.565336570642465], [-100.436357661846, 20.56532169885311], [-100.4364668475712, 20.565343601647736], [-100.43655203055212, 20.565388512087537], [-100.43656966968304, 20.56540624958706], [-100.43713803234442, 20.56514670266061], [-100.43758571818577, 20.56497977337025], [-100.43772527981612, 20.56492773451125], [-100.43809479472554, 20.564823618481103], [-100.43840439137465, 20.5647657865734], [-100.43874939691366, 20.564729764041818], [-100.43899100471765, 20.564751439330305], [-100.4392798742061, 20.564807456492648], [-100.43927163726727, 20.564737111348073], [-100.439267777469, 20.564688190980952], [-100.43926535842967, 20.56465753124885], [-100.43928955640897, 20.564651886444334], [-100.43973129171596, 20.564548839600164], [-100.44000905901397, 20.564479813364684], [-100.44136948104683, 20.564146353548715], [-100.44141181490659, 20.564136223656597], [-100.44148427437707, 20.564061350741174], [-100.44189279863771, 20.563985315706006], [-100.4420103122772, 20.56396344373332], [-100.44204805204015, 20.563961662210072], [-100.44219761995262, 20.563954601705124], [-100.442351932167, 20.563944603054132], [-100.44266408631454, 20.56395299951403], [-100.44284367845043, 20.563974497067846], [-100.44326320171947, 20.563883894586013], [-100.44385941194064, 20.563755132582074], [-100.44442017739372, 20.563634023200795], [-100.4444740041219, 20.563621582890452], [-100.44462827365757, 20.563549937849153], [-100.4448289099693, 20.563456759096574], [-100.44522322572337, 20.563421495653785], [-100.44544724968343, 20.5633277036813], [-100.44616862319829, 20.563139186080345], [-100.44691196531551, 20.56295177938399], [-100.44722271575183, 20.562826249829442], [-100.4473719862252, 20.56309948216611], [-100.4476248914407, 20.563492653400882], [-100.44797854824444, 20.56385788486648], [-100.44811503071051, 20.56486995348075], [-100.44817534555736, 20.565115267939692], [-100.44841845231481, 20.566555908633877], [-100.44842531299932, 20.566624841114827], [-100.44829565453654, 20.5666525664867], [-100.44831233160735, 20.566734219299228], [-100.44832273108524, 20.566925680826284], [-100.44834917729486, 20.56714803357487], [-100.44849346333402, 20.56756364683334], [-100.44859457506925, 20.56780560880807], [-100.44868631071536, 20.56811644473374], [-100.44876592243403, 20.568398138137827], [-100.44893346660038, 20.569187166692164], [-100.44904044412408, 20.569548974640714], [-100.44904579026203, 20.56957930851985], [-100.44908147763623, 20.569781797588572], [-100.4493850687211, 20.570978960416408], [-100.4495995967935, 20.57204683292091], [-100.44990415304835, 20.57477485411001]]]]}}, {"type": "Feature", "properties": {"fid": 13005, "CVE_PAIS": "MX", "NOM_PAIS": "MEXICO", "CVE_ENT": "22", "NOM_ENT": "QUERETARO", "CVE_MUN": "006", "CU_MUN": "22006", "NOM_MUN": "CORREGIDORA", "CIRCUNSCRI": "2", "24_D_FEDERAL": 4, "24_D_LOCAL": 8, "24_SECCION": 99, "25_D_FEDERAL": 4, "25_D_LOCAL": 8, "25_SECCION": 1022}, "geometry": {"type": "MultiPolygon", "coordinates": [[[[-100.46135569389747, 20.552397418808045], [-100.46304739250596, 20.55083066226127], [-100.46325164524667, 20.55064149164726], [-100.46410162683577, 20.548532703447474], [-100.46478716849144, 20.549098398758513], [-100.46719110789101, 20.55141922214912], [-100.46866923954187, 20.55282672038379], [-100.4688014951351, 20.55300049558046], [-100.46904007893248, 20.553228024217226], [-100.46907250293793, 20.553373252383405], [-100.46927100537106, 20.55458574452639], [-100.46964515014291, 20.560646069217327], [-100.47218478685039, 20.56713446853346], [-100.4752592943572, 20.569612655865697], [-100.4796442675344, 20.569267526466678], [-100.48037463690324, 20.570394393229783], [-100.48042725696114, 20.570475578571155], [-100.48059930698403, 20.570741026284633], [-100.48065436853393, 20.570731182200486], [-100.48076315257683, 20.570711733378918], [-100.48143721867653, 20.57059121968201], [-100.48202389753438, 20.570486327350427], [-100.4822370500689, 20.570448217279772], [-100.4823382144904, 20.57043014190058], [-100.48239946303461, 20.57041919103091], [-100.48254370353852, 20.57039340160656], [-100.48268794398597, 20.57036761206477], [-100.48400446394741, 20.570132224330486], [-100.48399249200918, 20.570348614817593], [-100.48399453800921, 20.57044541481764], [-100.48399590365739, 20.5705093774435], [-100.48017463078673, 20.57116259184876], [-100.47813494091459, 20.571431136795248], [-100.47403150300171, 20.57197131914174], [-100.47118228027345, 20.57228718091529], [-100.46613416159106, 20.572945504523553], [-100.46607193990316, 20.57295361788875], [-100.46425817876242, 20.573190112222594], [-100.45953620461945, 20.573814215068115], [-100.45650440184433, 20.574178810467927], [-100.45008004590598, 20.575085594843706], [-100.45000177884653, 20.574952863201066], [-100.44990415304835, 20.57477485411001], [-100.4495995967935, 20.57204683292091], [-100.4493850687211, 20.570978960416408], [-100.44908147763623, 20.569781797588572], [-100.44904579026203, 20.56957930851985], [-100.44904044412408, 20.569548974640714], [-100.44893346660038, 20.569187166692164], [-100.44876592243403, 20.568398138137827], [-100.44868631071536, 20.56811644473374], [-100.44859457506925, 20.56780560880807], [-100.44849346333402, 20.56756364683334], [-100.44834917729486, 20.56714803357487], [-100.44832273108524, 20.566925680826284], [-100.44831233160735, 20.566734219299228], [-100.44829565453654, 20.5666525664867], [-100.44842531299932, 20.566624841114827], [-100.44841845231481, 20.566555908633877], [-100.44817534555736, 20.565115267939692], [-100.44811503071051, 20.56486995348075], [-100.44797854824444, 20.56385788486648], [-100.4476248914407, 20.563492653400882], [-100.4473719862252, 20.56309948216611], [-100.44722271575183, 20.562826249829442], [-100.44700532261811, 20.562428319458345], [-100.44658659847146, 20.56172542260355], [-100.44636806961864, 20.56123842916149], [-100.44590065880058, 20.56046317479695], [-100.4460727167228, 20.560439568379874], [-100.44624642131004, 20.5604232719788], [-100.44632215076082, 20.560416167232013], [-100.4464442788677, 20.560401457016038], [-100.4469378079336, 20.5603395304282], [-100.44786721134176, 20.560229768502115], [-100.44801921568238, 20.560211134058072], [-100.44811912818179, 20.560191295939042], [-100.44818282990117, 20.560183302281242], [-100.44961958883265, 20.560017431428683], [-100.44970165114611, 20.56000675260146], [-100.4497029756288, 20.56000658024526], [-100.4498743333336, 20.559972833355733], [-100.45010277727647, 20.559954663890544], [-100.45125267888417, 20.5598445953532], [-100.45142777184707, 20.559821025510292], [-100.45146139804453, 20.55981766417167], [-100.45149813789676, 20.559817185408185], [-100.45182841326142, 20.559781263233273], [-100.45182979205656, 20.559781089155955], [-100.45191665595864, 20.559770122284032], [-100.45223450812513, 20.55973430349321], [-100.45231243516803, 20.559727149290197], [-100.45248000971306, 20.559711442335676], [-100.4530758220163, 20.559614288675768], [-100.45311278907575, 20.559608260724755], [-100.45317381805403, 20.55959830915264], [-100.45358080052185, 20.559555446709297], [-100.4536013755756, 20.559702322540485], [-100.45375237001431, 20.559688045609665], [-100.4537541150082, 20.559687880615105], [-100.45377704327171, 20.559852573770694], [-100.4537583369012, 20.55997130991354], [-100.45379828731058, 20.560283171119156], [-100.45381450902677, 20.560409800745816], [-100.45387199177858, 20.560858519260936], [-100.4538927474037, 20.560973083044296], [-100.4539007688931, 20.56102345137778], [-100.45405983950387, 20.560967036586973], [-100.45417052451448, 20.560904738614248], [-100.45414578951532, 20.560953571102786], [-100.45413282515065, 20.560979165681072], [-100.45411984519161, 20.561004791037174], [-100.45411488595258, 20.56101006945971], [-100.45408410288724, 20.561042833755582], [-100.45408512417875, 20.561074447364636], [-100.45411432913143, 20.56111052006551], [-100.4542444294309, 20.56108521004231], [-100.45440440745757, 20.560995977845725], [-100.45483165220415, 20.560991083668867], [-100.4550674877315, 20.560966999134465], [-100.45598314740064, 20.560863089438005], [-100.45606592692478, 20.560857842808385], [-100.45622402862281, 20.560840055277456], [-100.45628450106494, 20.560833251671845], [-100.45630440255078, 20.560833502784412], [-100.45605762606816, 20.558443586961168], [-100.4559815959741, 20.558045210897085], [-100.45578539273976, 20.556610250582004], [-100.45560582692528, 20.555415495493936], [-100.45578675582227, 20.55524728846032], [-100.45642731699502, 20.554393199642654], [-100.45771904041504, 20.552637027806448], [-100.45802750364767, 20.55220375229489], [-100.45803109555645, 20.551311754657604], [-100.45803150280166, 20.55121062615712], [-100.45803074763673, 20.55100250669137], [-100.45803640773741, 20.550890809472275], [-100.45804322837189, 20.550756210044057], [-100.45826611017569, 20.550875960364944], [-100.45853732494672, 20.551114642234978], [-100.45872681384154, 20.551381815426375], [-100.4589579122831, 20.55154051268723], [-100.45919804138002, 20.55161771162287], [-100.45934572947633, 20.551623746497746], [-100.45950974020595, 20.551625454141295], [-100.45980569887602, 20.55170637145199], [-100.46016748521555, 20.551811447763583], [-100.46059196665506, 20.551956155515857], [-100.46103340495864, 20.55215941571004], [-100.46130400933492, 20.55233322291171], [-100.46135569389747, 20.552397418808045]]]]}}, {"type": "Feature", "properties": {"fid": 13006, "CVE_PAIS": "MX", "NOM_PAIS": "MEXICO", "CVE_ENT": "22", "NOM_ENT": "QUERETARO", "CVE_MUN": "006", "CU_MUN": "22006", "NOM_MUN": "CORREGIDORA", "CIRCUNSCRI": "2", "24_D_FEDERAL": 4, "24_D_LOCAL": 8, "24_SECCION": 99, "25_D_FEDERAL": 4, "25_D_LOCAL": 8, "25_SECCION": 1023}, "geometry": {"type": "MultiPolygon", "coordinates": [[[[-100.44722271575183, 20.562826249829442], [-100.44691196531551, 20.56295177938399], [-100.44616862319829, 20.563139186080345], [-100.44544724968343, 20.5633277036813], [-100.44522322572337, 20.563421495653785], [-100.4448289099693, 20.563456759096574], [-100.44462827365757, 20.563549937849153], [-100.4444740041219, 20.563621582890452], [-100.44442017739372, 20.563634023200795], [-100.44385941194064, 20.563755132582074], [-100.44326320171947, 20.563883894586013], [-100.44284367845043, 20.563974497067846], [-100.44264689189306, 20.56315317516761], [-100.4425048446718, 20.562135611593472], [-100.44237820591256, 20.56180290497252], [-100.44223743992363, 20.561329676065498], [-100.4422443171307, 20.561236305495793], [-100.44229808689397, 20.56118230397023], [-100.44248978392962, 20.561064087751742], [-100.44243544429023, 20.560301388986073], [-100.44239052819447, 20.5598937587688], [-100.44237421210597, 20.559668123170727], [-100.44235574995939, 20.559300292718365], [-100.44226889695672, 20.55801429832403], [-100.44225391768701, 20.55767096410957], [-100.4422365461107, 20.55747765209214], [-100.4421792009089, 20.55669559555091], [-100.44216374495026, 20.55651590688916], [-100.44210808142171, 20.55579596038129], [-100.44217203921124, 20.555794572507526], [-100.44217083331694, 20.555775474684506], [-100.44217886447234, 20.555741530797963], [-100.44220312754243, 20.555726205114865], [-100.44279017215615, 20.555657192018344], [-100.44316747763193, 20.555618961975032], [-100.44322028871031, 20.555634250578816], [-100.44324621109692, 20.555658837404284], [-100.44327550943899, 20.55570093954674], [-100.44331781161904, 20.55575987183298], [-100.44337725535974, 20.55579748814074], [-100.44343715385197, 20.555815137401513], [-100.44348279244812, 20.55581899170585], [-100.44353807028193, 20.55582337061362], [-100.44358430565565, 20.555822380345525], [-100.44380586600198, 20.555819323816742], [-100.44386962933129, 20.555838150602987], [-100.44392784559378, 20.555881826408996], [-100.44399794595927, 20.555823167179145], [-100.44398960240977, 20.555703568736924], [-100.44418681532493, 20.555641515630384], [-100.44425699941895, 20.55552651331349], [-100.44439532304537, 20.555323944724456], [-100.44511209454895, 20.55437692826523], [-100.44553637734056, 20.553808142143087], [-100.44605764997654, 20.5533145525701], [-100.44620348259726, 20.553182694252733], [-100.44663735760788, 20.552866469718786], [-100.44687838495734, 20.55272750595399], [-100.44709820818706, 20.552624345778025], [-100.447289829224, 20.552545093209062], [-100.44754661569188, 20.552469021027814], [-100.44764402278528, 20.55244641716494], [-100.44774142984657, 20.552423813248943], [-100.44783069603812, 20.5528423733914], [-100.44784814990334, 20.553017727763752], [-100.4479171196174, 20.55328167969719], [-100.44798369632117, 20.55359175161578], [-100.44804087004377, 20.553894021901044], [-100.44819565884124, 20.55455087989378], [-100.44821892260296, 20.554649600855186], [-100.44839769582941, 20.555449131036635], [-100.44846938273191, 20.555771804586765], [-100.44848612043108, 20.55603028300437], [-100.44845255061679, 20.55610893480919], [-100.44836306605372, 20.556334819543718], [-100.44761330421737, 20.55621066545437], [-100.44758756738392, 20.556254633036794], [-100.44764327854757, 20.556410228565788], [-100.44768267677027, 20.556509295359824], [-100.44794003431704, 20.55723542936325], [-100.44810934450625, 20.557776697156275], [-100.44847833333358, 20.558786666689002], [-100.44849136725112, 20.55882595374223], [-100.44862441956951, 20.558807167487597], [-100.44860116043304, 20.558927541387618], [-100.44864886838187, 20.559011974835116], [-100.44863903870142, 20.55906230235805], [-100.4484641226166, 20.55909286243426], [-100.44825413347424, 20.559098676531057], [-100.44807400567876, 20.559072791068097], [-100.44803173581114, 20.55917503480263], [-100.44804415328112, 20.559285639821216], [-100.44813910022702, 20.559936664354396], [-100.44815767835713, 20.560019306549393], [-100.44818282990117, 20.560183302281242], [-100.44811912818179, 20.560191295939042], [-100.44801921568238, 20.560211134058072], [-100.44786721134176, 20.560229768502115], [-100.4469378079336, 20.5603395304282], [-100.4464442788677, 20.560401457016038], [-100.44632215076082, 20.560416167232013], [-100.44624642131004, 20.5604232719788], [-100.4460727167228, 20.560439568379874], [-100.44590065880058, 20.56046317479695], [-100.44636806961864, 20.56123842916149], [-100.44658659847146, 20.56172542260355], [-100.44700532261811, 20.562428319458345], [-100.44722271575183, 20.562826249829442]]]]}}, {"type": "Feature", "properties": {"fid": 13007, "CVE_PAIS": "MX", "NOM_PAIS": "MEXICO", "CVE_ENT": "22", "NOM_ENT": "QUERETARO", "CVE_MUN": "006", "CU_MUN": "22006", "NOM_MUN": "CORREGIDORA", "CIRCUNSCRI": "2", "24_D_FEDERAL": 4, "24_D_LOCAL": 8, "24_SECCION": 99, "25_D_FEDERAL": 4, "25_D_LOCAL": 8, "25_SECCION": 1024}, "geometry": {"type": "MultiPolygon", "coordinates": [[[[-100.45630440255078, 20.560833502784412], [-100.45628450106494, 20.560833251671845], [-100.45622402862281, 20.560840055277456], [-100.45606592692478, 20.560857842808385], [-100.45598314740064, 20.560863089438005], [-100.4550674877315, 20.560966999134465], [-100.45483165220415, 20.560991083668867], [-100.45440440745757, 20.560995977845725], [-100.4542444294309, 20.56108521004231], [-100.45411432913143, 20.56111052006551], [-100.45408512417875, 20.561074447364636], [-100.45408410288724, 20.561042833755582], [-100.45411488595258, 20.56101006945971], [-100.45411984519161, 20.561004791037174], [-100.45413282515065, 20.560979165681072], [-100.45414578951532, 20.560953571102786], [-100.45417052451448, 20.560904738614248], [-100.45405983950387, 20.560967036586973], [-100.4539007688931, 20.56102345137778], [-100.4538927474037, 20.560973083044296], [-100.45387199177858, 20.560858519260936], [-100.45381450902677, 20.560409800745816], [-100.45379828731058, 20.560283171119156], [-100.4537583369012, 20.55997130991354], [-100.45377704327171, 20.559852573770694], [-100.4537541150082, 20.559687880615105], [-100.45375237001431, 20.559688045609665], [-100.4536013755756, 20.559702322540485], [-100.45358080052185, 20.559555446709297], [-100.45317381805403, 20.55959830915264], [-100.45311278907575, 20.559608260724755], [-100.45307951962202, 20.55953484913652], [-100.45158615976395, 20.55684417451931], [-100.45106830762074, 20.55591193884216], [-100.4541130881914, 20.555575309656312], [-100.45484845518929, 20.55548512863434], [-100.45551005072193, 20.555432391603834], [-100.45560582692528, 20.555415495493936], [-100.45578539273976, 20.556610250582004], [-100.4559815959741, 20.558045210897085], [-100.45605762606816, 20.558443586961168], [-100.45630440255078, 20.560833502784412]]]]}}, {"type": "Feature", "properties": {"fid": 13008, "CVE_PAIS": "MX", "NOM_PAIS": "MEXICO", "CVE_ENT": "22", "NOM_ENT": "QUERETARO", "CVE_MUN": "006", "CU_MUN": "22006", "NOM_MUN": "CORREGIDORA", "CIRCUNSCRI": "2", "24_D_FEDERAL": 4, "24_D_LOCAL": 8, "24_SECCION": 99, "25_D_FEDERAL": 4, "25_D_LOCAL": 8, "25_SECCION": 1025}, "geometry": {"type": "MultiPolygon", "coordinates": [[[[-100.45191665595864, 20.559770122284032], [-100.45182979205656, 20.559781089155955], [-100.45182841326142, 20.559781263233273], [-100.45149813789676, 20.559817185408185], [-100.45146139804453, 20.55981766417167], [-100.45142777184707, 20.559821025510292], [-100.45125267888417, 20.5598445953532], [-100.45010277727647, 20.559954663890544], [-100.4498743333336, 20.559972833355733], [-100.4497029756288, 20.56000658024526], [-100.44970165114611, 20.56000675260146], [-100.44961958883265, 20.560017431428683], [-100.44818282990117, 20.560183302281242], [-100.44815767835713, 20.560019306549393], [-100.44813910022702, 20.559936664354396], [-100.44804415328112, 20.559285639821216], [-100.44803173581114, 20.55917503480263], [-100.44807400567876, 20.559072791068097], [-100.44825413347424, 20.559098676531057], [-100.4484641226166, 20.55909286243426], [-100.44863903870142, 20.55906230235805], [-100.44864886838187, 20.559011974835116], [-100.44860116043304, 20.558927541387618], [-100.44862441956951, 20.558807167487597], [-100.44849136725112, 20.55882595374223], [-100.44847833333358, 20.558786666689002], [-100.44810934450625, 20.557776697156275], [-100.44794003431704, 20.55723542936325], [-100.44768267677027, 20.556509295359824], [-100.44764327854757, 20.556410228565788], [-100.44758756738392, 20.556254633036794], [-100.44761330421737, 20.55621066545437], [-100.44836306605372, 20.556334819543718], [-100.44884754894085, 20.55640385196355], [-100.44947792342083, 20.556506861795626], [-100.45158615976395, 20.55684417451931], [-100.45307951962202, 20.55953484913652], [-100.45311278907575, 20.559608260724755], [-100.4530758220163, 20.559614288675768], [-100.45248000971306, 20.559711442335676], [-100.45231243516803, 20.559727149290197], [-100.45223450812513, 20.55973430349321], [-100.45191665595864, 20.559770122284032]]]]}}, {"type": "Feature", "properties": {"fid": 13009, "CVE_PAIS": "MX", "NOM_PAIS": "MEXICO", "CVE_ENT": "22", "NOM_ENT": "QUERETARO", "CVE_MUN": "006", "CU_MUN": "22006", "NOM_MUN": "CORREGIDORA", "CIRCUNSCRI": "2", "24_D_FEDERAL": 4, "24_D_LOCAL": 8, "24_SECCION": 99, "25_D_FEDERAL": 4, "25_D_LOCAL": 8, "25_SECCION": 1026}, "geometry": {"type": "MultiPolygon", "coordinates": [[[[-100.45560582692528, 20.555415495493936], [-100.45551005072193, 20.555432391603834], [-100.45484845518929, 20.55548512863434], [-100.4541130881914, 20.555575309656312], [-100.45106830762074, 20.55591193884216], [-100.45158615976395, 20.55684417451931], [-100.44947792342083, 20.556506861795626], [-100.44884754894085, 20.55640385196355], [-100.44836306605372, 20.556334819543718], [-100.44845255061679, 20.55610893480919], [-100.44848612043108, 20.55603028300437], [-100.44846938273191, 20.555771804586765], [-100.44839769582941, 20.555449131036635], [-100.44821892260296, 20.554649600855186], [-100.44819565884124, 20.55455087989378], [-100.44804087004377, 20.553894021901044], [-100.44798369632117, 20.55359175161578], [-100.4479171196174, 20.55328167969719], [-100.44784814990334, 20.553017727763752], [-100.44783069603812, 20.5528423733914], [-100.44774142984657, 20.552423813248943], [-100.44768979074054, 20.5521137855907], [-100.44557501707287, 20.550300753845413], [-100.44554516683347, 20.550197708298047], [-100.44549293685282, 20.550017405604432], [-100.44542406114739, 20.549839291096145], [-100.44521512796966, 20.545208724191486], [-100.44515448914272, 20.5444250761893], [-100.44510445215279, 20.54428362015319], [-100.44497957355908, 20.5440949682786], [-100.44486645734806, 20.543978465068506], [-100.44482234319845, 20.54393075513796], [-100.44470222960294, 20.543778794469905], [-100.4444277208292, 20.54349165611628], [-100.44430349273388, 20.54343957917087], [-100.44441485877545, 20.543289637620138], [-100.44471836271816, 20.54300606206434], [-100.44489697761753, 20.542879014980805], [-100.44503965688385, 20.54285997498414], [-100.44523620280395, 20.542962820484174], [-100.44580520896125, 20.543350654186327], [-100.44660548545298, 20.5431476911399], [-100.4470243162847, 20.543365558815285], [-100.44746078635471, 20.543545060911757], [-100.44778563822186, 20.543718394885726], [-100.44794471944222, 20.544057807746114], [-100.44795535907156, 20.544085357918995], [-100.44814513838939, 20.54457676905181], [-100.4481571900241, 20.544607975212234], [-100.4480506856895, 20.544559203082063], [-100.44794459261482, 20.544566887821357], [-100.44790179279818, 20.544563398002488], [-100.4479061069695, 20.54461195284335], [-100.44787630074151, 20.544939736218023], [-100.44786013191205, 20.545218718105104], [-100.44787565883037, 20.545370552495307], [-100.44793807508437, 20.545511667432294], [-100.44815653381673, 20.545756230305685], [-100.44835949780085, 20.546018626925964], [-100.44845944858186, 20.546153526378486], [-100.448550998505, 20.546228005437335], [-100.44877118104928, 20.54632326506671], [-100.44908733346332, 20.54646067652083], [-100.44932095740617, 20.546653853258068], [-100.44941981611863, 20.546838924096235], [-100.44948437097081, 20.54704051098968], [-100.44965023621796, 20.54735485444519], [-100.44993909258075, 20.54794750422677], [-100.45035490070754, 20.54833008410806], [-100.45077858241503, 20.54867502245782], [-100.45109668159256, 20.548845799532977], [-100.451188948025, 20.548866706876456], [-100.45174131865865, 20.548862079537635], [-100.45203542292592, 20.548807309523713], [-100.45243895754666, 20.548744912147882], [-100.45268359894695, 20.548775319482385], [-100.45301836721852, 20.54889496864817], [-100.45349414033353, 20.549017860435193], [-100.4542290964526, 20.549170861248765], [-100.45455252242084, 20.54923253134449], [-100.45492897560112, 20.54933156469518], [-100.45585270126867, 20.549898414668647], [-100.45637336526465, 20.55015662901446], [-100.45701265310295, 20.550472540758776], [-100.45732184407272, 20.55056570841032], [-100.4578832505787, 20.55067025651194], [-100.45804322837189, 20.550756210044057], [-100.45803640773741, 20.550890809472275], [-100.45803074763673, 20.55100250669137], [-100.45803150280166, 20.55121062615712], [-100.45803109555645, 20.551311754657604], [-100.45802750364767, 20.55220375229489], [-100.45771904041504, 20.552637027806448], [-100.45642731699502, 20.554393199642654], [-100.45578675582227, 20.55524728846032], [-100.45560582692528, 20.555415495493936]]]]}}, {"type": "Feature", "properties": {"fid": 13010, "CVE_PAIS": "MX", "NOM_PAIS": "MEXICO", "CVE_ENT": "22", "NOM_ENT": "QUERETARO", "CVE_MUN": "006", "CU_MUN": "22006", "NOM_MUN": "CORREGIDORA", "CIRCUNSCRI": "2", "24_D_FEDERAL": 4, "24_D_LOCAL": 8, "24_SECCION": 99, "25_D_FEDERAL": 4, "25_D_LOCAL": 8, "25_SECCION": 1027}, "geometry": {"type": "MultiPolygon", "coordinates": [[[[-100.45804322837189, 20.550756210044057], [-100.45801126430683, 20.548251171217483], [-100.45801182139411, 20.548177921556785], [-100.45801013549703, 20.548138585004903], [-100.45799004209702, 20.547930931891546], [-100.4579213568687, 20.54780973674731], [-100.45730099350017, 20.54666093961351], [-100.45714748387029, 20.546376665213838], [-100.45713801984022, 20.54636039924268], [-100.45693985662024, 20.5460636643701], [-100.45690602566212, 20.546009551324527], [-100.45689295718948, 20.54603685994484], [-100.45624435717725, 20.545767864923416], [-100.45560205937254, 20.545540326502525], [-100.45521372888248, 20.545398857427614], [-100.45512786103359, 20.54538132112879], [-100.45505366100167, 20.545366167643298], [-100.45489615377213, 20.545377417291434], [-100.45477349111194, 20.54541092450083], [-100.45479231825361, 20.545317954357326], [-100.45477662435903, 20.545173913536765], [-100.45401299570094, 20.5448751104911], [-100.45365808661666, 20.544736237601427], [-100.45350331744937, 20.54470156935556], [-100.45326802061034, 20.54484566003345], [-100.45324147011009, 20.544811536202744], [-100.45283509548759, 20.544160637990117], [-100.45274654969042, 20.544027671872218], [-100.45233806365432, 20.543612015904802], [-100.45224486220367, 20.543532120543524], [-100.45193185894257, 20.543210756943957], [-100.4514923526148, 20.542745352926936], [-100.45152409227278, 20.542716271091564], [-100.45154506015362, 20.542676558186997], [-100.4515239927526, 20.54260081528061], [-100.45226036729834, 20.542075936510145], [-100.45234898843245, 20.542016055899584], [-100.45401732529278, 20.54088875701339], [-100.45413140121688, 20.54078635731603], [-100.45372606560768, 20.54002909966906], [-100.45326563464572, 20.539168900575074], [-100.45306822609606, 20.5388424109862], [-100.45291581984607, 20.538513311630858], [-100.45285004826312, 20.538324119408518], [-100.4528227462433, 20.538186096585832], [-100.45281033701957, 20.538095085907702], [-100.45280158912111, 20.537960664458115], [-100.45282852266632, 20.53772775489501], [-100.45285258987828, 20.53758967904569], [-100.45332323012279, 20.536388614022606], [-100.45477224736088, 20.53894364522908], [-100.45564850636457, 20.539713042608664], [-100.45568715876301, 20.539682474875402], [-100.45572428838662, 20.539653111389388], [-100.45593156882339, 20.539819614311707], [-100.45632449843549, 20.540038011194348], [-100.45674111906612, 20.540222543582384], [-100.45672881498764, 20.54026067235203], [-100.45661395251878, 20.540358266329328], [-100.45619091008776, 20.540717706645164], [-100.45611735180755, 20.5407802055729], [-100.45640613142305, 20.54095290858395], [-100.45668469207942, 20.541119176687797], [-100.45682023710516, 20.541198818888255], [-100.45697306797126, 20.541293229618404], [-100.45730477452435, 20.541405448216082], [-100.45751364457466, 20.54147406880141], [-100.45699414852194, 20.542619764521163], [-100.4571981360192, 20.542693626900373], [-100.45741275868002, 20.542771048156336], [-100.4586585025529, 20.543228019574407], [-100.45868353606957, 20.543234229506822], [-100.45871905598045, 20.54324304073651], [-100.45875505191323, 20.543253014941712], [-100.46362197538862, 20.544656624134227], [-100.46366038230067, 20.544667699938312], [-100.4636672850099, 20.544640691999884], [-100.464828896885, 20.54499807112676], [-100.46486573015976, 20.545007431674872], [-100.4648917007171, 20.545014888317564], [-100.46488879392336, 20.54505482591771], [-100.46488412214279, 20.545119013353638], [-100.46440166179264, 20.546831490323672], [-100.46405934763703, 20.548082574658395], [-100.4640506312867, 20.548287665286086], [-100.46406420438564, 20.548409924736546], [-100.46410162683577, 20.548532703447474], [-100.46325164524667, 20.55064149164726], [-100.46304739250596, 20.55083066226127], [-100.46135569389747, 20.552397418808045], [-100.46130400933492, 20.55233322291171], [-100.46103340495864, 20.55215941571004], [-100.46059196665506, 20.551956155515857], [-100.46016748521555, 20.551811447763583], [-100.45980569887602, 20.55170637145199], [-100.45950974020595, 20.551625454141295], [-100.45934572947633, 20.551623746497746], [-100.45919804138002, 20.55161771162287], [-100.4589579122831, 20.55154051268723], [-100.45872681384154, 20.551381815426375], [-100.45853732494672, 20.551114642234978], [-100.45826611017569, 20.550875960364944], [-100.45804322837189, 20.550756210044057]]]]}}, {"type": "Feature", "properties": {"fid": 13011, "CVE_PAIS": "MX", "NOM_PAIS": "MEXICO", "CVE_ENT": "22", "NOM_ENT": "QUERETARO", "CVE_MUN": "006", "CU_MUN": "22006", "NOM_MUN": "CORREGIDORA", "CIRCUNSCRI": "2", "24_D_FEDERAL": 4, "24_D_LOCAL": 8, "24_SECCION": 99, "25_D_FEDERAL": 4, "25_D_LOCAL": 8, "25_SECCION": 1028}, "geometry": {"type": "MultiPolygon", "coordinates": [[[[-100.45804322837189, 20.550756210044057], [-100.4578832505787, 20.55067025651194], [-100.45732184407272, 20.55056570841032], [-100.45701265310295, 20.550472540758776], [-100.45637336526465, 20.55015662901446], [-100.45585270126867, 20.549898414668647], [-100.45492897560112, 20.54933156469518], [-100.45455252242084, 20.54923253134449], [-100.4542290964526, 20.549170861248765], [-100.45349414033353, 20.549017860435193], [-100.45301836721852, 20.54889496864817], [-100.45268359894695, 20.548775319482385], [-100.45243895754666, 20.548744912147882], [-100.45203542292592, 20.548807309523713], [-100.45174131865865, 20.548862079537635], [-100.451188948025, 20.548866706876456], [-100.45109668159256, 20.548845799532977], [-100.45077858241503, 20.54867502245782], [-100.45035490070754, 20.54833008410806], [-100.44993909258075, 20.54794750422677], [-100.44965023621796, 20.54735485444519], [-100.44948437097081, 20.54704051098968], [-100.44941981611863, 20.546838924096235], [-100.44932095740617, 20.546653853258068], [-100.44908733346332, 20.54646067652083], [-100.44877118104928, 20.54632326506671], [-100.448550998505, 20.546228005437335], [-100.44845944858186, 20.546153526378486], [-100.44835949780085, 20.546018626925964], [-100.44815653381673, 20.545756230305685], [-100.44793807508437, 20.545511667432294], [-100.44787565883037, 20.545370552495307], [-100.44786013191205, 20.545218718105104], [-100.44787630074151, 20.544939736218023], [-100.4479061069695, 20.54461195284335], [-100.44790179279818, 20.544563398002488], [-100.44794459261482, 20.544566887821357], [-100.4480506856895, 20.544559203082063], [-100.4481571900241, 20.544607975212234], [-100.44826942716922, 20.54461986184673], [-100.44829267528233, 20.54461220471055], [-100.44839398020271, 20.54457883827742], [-100.44863533132892, 20.544438767797978], [-100.44868803177624, 20.544531831703356], [-100.44979845968261, 20.543804309211954], [-100.4507266895016, 20.54322647752885], [-100.45137633422124, 20.542782437889027], [-100.45144903182981, 20.542774613615844], [-100.4514923526148, 20.542745352926936], [-100.45193185894257, 20.543210756943957], [-100.45224486220367, 20.543532120543524], [-100.45233806365432, 20.543612015904802], [-100.45274654969042, 20.544027671872218], [-100.45283509548759, 20.544160637990117], [-100.45324147011009, 20.544811536202744], [-100.45326802061034, 20.54484566003345], [-100.45350331744937, 20.54470156935556], [-100.45365808661666, 20.544736237601427], [-100.45401299570094, 20.5448751104911], [-100.45477662435903, 20.545173913536765], [-100.45479231825361, 20.545317954357326], [-100.45477349111194, 20.54541092450083], [-100.45489615377213, 20.545377417291434], [-100.45505366100167, 20.545366167643298], [-100.45512786103359, 20.54538132112879], [-100.45521372888248, 20.545398857427614], [-100.45560205937254, 20.545540326502525], [-100.45624435717725, 20.545767864923416], [-100.45689295718948, 20.54603685994484], [-100.45690602566212, 20.546009551324527], [-100.45693985662024, 20.5460636643701], [-100.45713801984022, 20.54636039924268], [-100.45714748387029, 20.546376665213838], [-100.45730099350017, 20.54666093961351], [-100.4579213568687, 20.54780973674731], [-100.45799004209702, 20.547930931891546], [-100.45801013549703, 20.548138585004903], [-100.45801182139411, 20.548177921556785], [-100.45801126430683, 20.548251171217483], [-100.45804322837189, 20.550756210044057]]]]}}, {"type": "Feature", "properties": {"fid": 13012, "CVE_PAIS": "MX", "NOM_PAIS": "MEXICO", "CVE_ENT": "22", "NOM_ENT": "QUERETARO", "CVE_MUN": "006", "CU_MUN": "22006", "NOM_MUN": "CORREGIDORA", "CIRCUNSCRI": "2", "24_D_FEDERAL": 4, "24_D_LOCAL": 8, "24_SECCION": 99, "25_D_FEDERAL": 4, "25_D_LOCAL": 8, "25_SECCION": 1029}, "geometry": {"type": "MultiPolygon", "coordinates": [[[[-100.44542406114739, 20.549839291096145], [-100.44549293685282, 20.550017405604432], [-100.44532427238758, 20.549984124749102], [-100.44326987199958, 20.54970655318186], [-100.44263991711257, 20.549623875188548], [-100.44139653355154, 20.549460953168154], [-100.44132696291152, 20.550684383782215], [-100.43991665696163, 20.550393560227988], [-100.43994599777217, 20.549421870834227], [-100.43994837398428, 20.549283172541156], [-100.43996294938394, 20.54843241906221], [-100.43996773316184, 20.548153196028206], [-100.43992754191544, 20.54629974954954], [-100.44040902622582, 20.546276508200634], [-100.44058198469851, 20.54626784764116], [-100.44094727917441, 20.54624955566116], [-100.44108712783274, 20.54622544670895], [-100.44148123185686, 20.546151563501272], [-100.441500249689, 20.545667769097832], [-100.44151168355087, 20.545376902996136], [-100.4415396105516, 20.544666467090565], [-100.44158803724551, 20.5446704498882], [-100.44180279820773, 20.544678743712], [-100.44181613379436, 20.544657936819437], [-100.4418267047818, 20.5443559103211], [-100.44285548893, 20.544302696475427], [-100.44294747452257, 20.544302091239107], [-100.44295596062831, 20.544331036161335], [-100.44353081918523, 20.544314642362874], [-100.4435235204429, 20.544490401277347], [-100.44352421298102, 20.544530341014323], [-100.44355258977156, 20.54452185305942], [-100.44370941049253, 20.544473865043813], [-100.44497957355908, 20.5440949682786], [-100.44510445215279, 20.54428362015319], [-100.44515448914272, 20.5444250761893], [-100.44521512796966, 20.545208724191486], [-100.44542406114739, 20.549839291096145]]]]}}, {"type": "Feature", "properties": {"fid": 13013, "CVE_PAIS": "MX", "NOM_PAIS": "MEXICO", "CVE_ENT": "22", "NOM_ENT": "QUERETARO", "CVE_MUN": "006", "CU_MUN": "22006", "NOM_MUN": "CORREGIDORA", "CIRCUNSCRI": "2", "24_D_FEDERAL": 4, "24_D_LOCAL": 8, "24_SECCION": 99, "25_D_FEDERAL": 4, "25_D_LOCAL": 8, "25_SECCION": 1030}, "geometry": {"type": "MultiPolygon", "coordinates": [[[[-100.44497957355908, 20.5440949682786], [-100.44370941049253, 20.544473865043813], [-100.44355258977156, 20.54452185305942], [-100.44352421298102, 20.544530341014323], [-100.4435235204429, 20.544490401277347], [-100.44353081918523, 20.544314642362874], [-100.44295596062831, 20.544331036161335], [-100.44294747452257, 20.544302091239107], [-100.44285548893, 20.544302696475427], [-100.4418267047818, 20.5443559103211], [-100.44181613379436, 20.544657936819437], [-100.44180279820773, 20.544678743712], [-100.44158803724551, 20.5446704498882], [-100.4415396105516, 20.544666467090565], [-100.44151168355087, 20.545376902996136], [-100.441500249689, 20.545667769097832], [-100.44148123185686, 20.546151563501272], [-100.44108712783274, 20.54622544670895], [-100.44094727917441, 20.54624955566116], [-100.44058198469851, 20.54626784764116], [-100.44040902622582, 20.546276508200634], [-100.4405994107255, 20.543354991529068], [-100.44062014824719, 20.543064362599477], [-100.44053314299694, 20.543070488114534], [-100.44024292575138, 20.54309092024302], [-100.43987389761809, 20.54306422694017], [-100.43982977837501, 20.542377744016203], [-100.44016272542198, 20.542328700814803], [-100.44032168916155, 20.54230528517302], [-100.44054053403775, 20.542273049176607], [-100.44148623227726, 20.542127780274658], [-100.44139090608061, 20.541917927207333], [-100.44102907181255, 20.541307289811378], [-100.44171080276958, 20.54111848172521], [-100.4426267776883, 20.540871104116903], [-100.44267301430156, 20.5408586168344], [-100.44320957573609, 20.540730289058658], [-100.44347006155127, 20.540054476360446], [-100.44351379610167, 20.540067885623216], [-100.44361214334336, 20.54009672441979], [-100.4438163055629, 20.54015398034003], [-100.44389240259072, 20.540169023680697], [-100.44397891543392, 20.540279016383018], [-100.4438409850665, 20.540820570862017], [-100.44383727446348, 20.541038157526316], [-100.4438548233397, 20.54124395378369], [-100.4439481657179, 20.54146847407794], [-100.44423172280031, 20.541905093938308], [-100.44474717758858, 20.542450481671853], [-100.44495973247314, 20.542731569434157], [-100.44503965688385, 20.54285997498414], [-100.44489697761753, 20.542879014980805], [-100.44471836271816, 20.54300606206434], [-100.44441485877545, 20.543289637620138], [-100.44430349273388, 20.54343957917087], [-100.4444277208292, 20.54349165611628], [-100.44470222960294, 20.543778794469905], [-100.44482234319845, 20.54393075513796], [-100.44486645734806, 20.543978465068506], [-100.44497957355908, 20.5440949682786]]]]}}]}